Date,Open,High,Low,Close,Volume
2018-01-01,11758.21,11758.21,10961.34,11372.47,8569572820
2018-01-02,11345.66,12820.29,10956.88,12421.94,13967830356
2018-01-03,12418.71,12935.29,12340.59,12656.95,14048209958
2018-01-04,12714.99,13043.59,12043.62,12928.23,18053372902
2018-01-05,12827.12,14719.99,12591.35,14490.77,19821166505
2018-01-06,14517.88,14725.97,13937.98,14571.83,15226638218
2018-01-07,14572.08,14615.56,13377.43,13689.13,13181025491
2018-01-08,13687.96,13732.38,11880.76,12674.49,15384660186
2018-01-09,12635.73,12950.2,12089.51,12237.28,13968306988
2018-01-10,12231.49,12524.72,11462.83,12524.72,15475366384
2018-01-11,12520.45,12563.83,10970.03,11133.46,13731500679
2018-01-12,11173.41,11736.97,10911.44,11465.15,9894784189
2018-01-13,11442.02,12021.9,11442.02,11776.45,10467114870
2018-01-14,11785.14,11900.77,10880.76,11297.79,9092780627
2018-01-15,11293.93,11788.4,11186.31,11267.67,10396086320
2018-01-16,11280.96,11287.59,8316.26,9364.71,15365770119
2018-01-17,9316.3,9523.73,7688.52,9186.8,15461532303
2018-01-18,9195.17,9894.82,8958.98,9380.28,12278590383
2018-01-19,9343.42,9786.84,9112.64,9498.69,8789198141
2018-01-20,9538.63,10722.59,9538.63,10555.81,9657692596
2018-01-21,10547.63,10553.11,9199.84,9464.83,8106380366
2018-01-22,9491.76,9777.27,8351.85,8919.22,8597748303
2018-01-23,8929.91,9262.88,8278.6,8831.07,7849686793
2018-01-24,8859.51,9282.81,8638.3,9167.46,8022750345
2018-01-25,9217.74,9477.84,8855.13,9086.76,7160979679
2018-01-26,9084.01,9380.14,8413.93,8995.41,7847813473
2018-01-27,8998.23,9352.52,8848.7,9212.26,6106183983
2018-01-28,9240.12,9695.06,9240.12,9482.9,6718448841
2018-01-29,9458.12,9558.6,9021.3,9124.72,5741001409
2018-01-30,9133.12,9137.13,8096.97,8144.99,6961524694
2018-01-31,8146.52,8347.35,7870.42,8232.2,6476449897
2018-02-01,8245.25,8279.39,7090.1,7331.15,7961787871
2018-02-02,7308.56,7309.73,6242.69,7087.28,10214205226
2018-02-03,7104.43,7568.82,6622.5,7363.49,5829687063
2018-02-04,7364.13,7491.87,6458.04,6650.34,5683392113
2018-02-05,6645.14,6717.13,5450.25,5624.97,7509332781
2018-02-06,5702.99,6342.46,4879.6,6263.83,11309314420
2018-02-07,6265.04,6896.11,5840.83,6211.83,7473534925
2018-02-08,6225.33,6995.32,6223.3,6741.92,7623776887
2018-02-09,6747.01,7142.14,6432.3,7142.14,5546325696
2018-02-10,7128.33,7457.33,6781.22,7048.07,6360631289
2018-02-11,7043.35,7043.35,6483.36,6636.71,4997705979
2018-02-12,6646.07,7302.66,6644.44,7257.96,5086950002
2018-02-13,7258.09,7285.09,6862.04,6961.63,4612355171
2018-02-14,6962.93,7636.83,6961.81,7615.81,6344605682
2018-02-15,7610.75,8187.84,7514.66,8132.47,7249452274
2018-02-16,8107.91,8301.79,7880.66,8249.82,5881628169
2018-02-17,8228.54,8979.85,8181.7,8958.24,6981765727
2018-02-18,8966.87,9149.38,8324.06,8501.97,7045370823
2018-02-19,8502.62,9088.11,8465.42,9054.12,6172035696
2018-02-20,9059.36,9693.99,9060.09,9245.74,8048111146
2018-02-21,9220.2,9256.24,8532.08,8706.25,7659695128
2018-02-22,8681.81,8984.37,8085.82,8117.65,6523391377
2018-02-23,8062.53,8522.8,7922.65,8379.65,6295859458
2018-02-24,8368.75,8620.52,7766.18,7982.65,5627535983
2018-02-25,7969.1,8072.25,7652.37,7865.82,4644697570
2018-02-26,7869.64,8500.37,7713.07,8419.31,5918695882
2018-02-27,8441.4,8847.19,8312.59,8772.78,5697840537
2018-02-28,8741.37,9074.38,8525.22,8529.86,5690065588
2018-03-01,8519.28,9012.72,8496.27,8924.29,5963067186
2018-03-02,8945.81,9116.76,8810.47,9000.89,6187050483
2018-03-03,9013.48,9359.58,8932.7,9328.33,5431980385
2018-03-04,9334.58,9346.92,9041.24,9346.92,4939636080
2018-03-05,9362.99,9495.46,9285.87,9381.73,5243628327
2018-03-06,9322.39,9323.15,8623.74,8682.96,5503157458
2018-03-07,8702.3,8805.59,7808.67,8029.63,7088800271
2018-03-08,8018.24,8195.28,7533.18,7635.12,5839975607
2018-03-09,7651.11,7691.84,6912.17,7588.42,7073702124
2018-03-10,7599.02,7745.89,7174.7,7205.2,4377342440
2018-03-11,7194.46,7889.43,6994.82,7782.44,5115672876
2018-03-12,7802.19,8072.71,7259.22,7460.79,5233749237
2018-03-13,7434.79,7680.14,7244.8,7419.39,4834293424
2018-03-14,7435.37,7548.69,6524.82,6683.21,5203030561
2018-03-15,6700.15,6834.54,6291.37,6745.38,5553737975
2018-03-16,6763.29,6987.75,6507.85,6786.32,4304858664
2018-03-17,6772.94,6792.98,6358.61,6443.3,3602303156
2018-03-18,6421.84,6712.94,6020.99,6696.81,5406506528
2018-03-19,6794.89,7047.25,6656.69,6996.31,5454855720
2018-03-20,6987.41,7393.42,6798.39,7278.08,5194570060
2018-03-21,7297.69,7470.39,7209.14,7233.11,4895204420
2018-03-22,7241.35,7366.01,6962.77,7083.07,4487860112
2018-03-23,7089.39,7189.39,6779.61,7189.39,4820759608
2018-03-24,7207.47,7283.77,7016.19,7018.15,4586349335
2018-03-25,6973.37,7031.68,6840.82,6878.06,3699708601
2018-03-26,6880.24,6896.34,6364.13,6590.72,4753564444
2018-03-27,6583.17,6613.74,6265.39,6313.4,4334851487
2018-03-28,6316.46,6553.36,6292.64,6461.28,4008845631
2018-03-29,6481.25,6491.01,5757.22,5824.83,5170890769
2018-03-30,5829.5,5904.94,5426.15,5592.5,5104707319
2018-03-31,5594.09,5850.05,5570.59,5659.87,3695535882
2018-04-01,5683.84,5730.83,5297.35,5558.99,3681042963
2018-04-02,5559.5,5784.27,5534.29,5762.47,3525128122
2018-04-03,5777.48,6141.69,5750.93,6073.23,4479677628
2018-04-04,6073.48,6085.44,5538.81,5578.58,4017580986
2018-04-05,5574.35,5653.34,5411.52,5561.29,4604278302
2018-04-06,5564.96,5602.52,5371.29,5403.73,3067185174
2018-04-07,5399.0,5741.01,5399.0,5627.46,3238018116
2018-04-08,5634.7,5790.7,5634.7,5724.14,2976772590
2018-04-09,5741.09,5844.89,5407.9,5496.61,3973096308
2018-04-10,5516.67,5562.9,5439.47,5529.29,3456637877
2018-04-11,5536.34,5633.24,5511.84,5633.24,3752538231
2018-04-12,5622.78,6407.03,5516.7,6398.94,7223822078
2018-04-13,6408.54,6644.98,6295.79,6404.38,6297720847
2018-04-14,6387.11,6602.9,6363.86,6477.61,4210747136
2018-04-15,6488.22,6763.26,6488.22,6754.61,4253085719
2018-04-16,6761.47,6784.85,6397.91,6507.85,4547613522
2018-04-17,6518.34,6709.82,6372.16,6387.59,5578271661
2018-04-18,6421.82,6622.88,6377.17,6595.64,5275842094
2018-04-19,6592.28,6723.94,6577.85,6720.94,5723369244
2018-04-20,6714.92,7227.93,6681.69,7199.93,6868069517
2018-04-21,7202.34,7323.43,7042.28,7240.42,6144025838
2018-04-22,7264.41,7326.75,7151.85,7172.8,5402460704
2018-04-23,7166.22,7322.07,7163.43,7315.6,5672665583
2018-04-24,7318.43,7953.43,7313.7,7925.38,8727362197
2018-04-25,7928.27,7972.28,7230.76,7269.08,9107650719
2018-04-26,7286.81,7665.6,7170.4,7665.6,7408787156
2018-04-27,7673.13,7756.01,7410.17,7410.17,6238695515
2018-04-28,7370.77,7760.63,7364.77,7708.18,6435916834
2018-04-29,7706.47,7859.08,7580.57,7769.6,7302648018
2018-04-30,7775.39,7816.84,7571.5,7650.1,7180991804
2018-05-01,7659.14,7664.69,7391.96,7605.51,6432877318
2018-05-02,7593.49,7742.8,7515.75,7728.8,6324819977
2018-05-03,7727.17,8175.49,7667.65,8128.01,8514597584
2018-05-04,8087.67,8175.22,8001.64,8112.36,6872244429
2018-05-05,8111.96,8332.92,8107.64,8243.98,6399013079
2018-05-06,8233.24,8312.54,7915.41,8077.3,6042232236
2018-05-07,8069.66,8081.81,7743.27,7854.7,6196279092
2018-05-08,7861.28,7935.89,7689.78,7781.93,6249153073
2018-05-09,7772.59,7907.19,7619.69,7872.01,6100700861
2018-05-10,7872.67,7881.92,7588.15,7592.29,5798102565
2018-05-11,7599.87,7599.23,7029.36,7068.74,7108122753
2018-05-12,7068.7,7255.79,6886.2,7121.83,5712091857
2018-05-13,7130.71,7346.19,7029.91,7299.15,4908282945
2018-05-14,7290.08,7446.23,6999.56,7306.61,6172799464
2018-05-15,7296.89,7412.91,7157.38,7201.2,5674149670
2018-05-16,7196.15,7192.86,6911.4,7085.02,5723179953
2018-05-17,7086.06,7140.9,6830.16,6865.99,4972881540
2018-05-18,6863.88,7028.05,6755.46,7007.19,4895278308
2018-05-19,7011.24,7110.03,6949.77,7003.97,4002038108
2018-05-20,7003.81,7276.63,6968.36,7236.08,4412290666
2018-05-21,7243.8,7301.01,7110.17,7142.61,4373453873
2018-05-22,7143.35,7143.8,6793.91,6824.32,4359309382
2018-05-23,6820.33,6835.83,6429.08,6454.71,5543701536
2018-05-24,6457.53,6612.49,6248.31,6473.29,5161010235
2018-05-25,6477.52,6544.6,6318.5,6420.72,4178394644
2018-05-26,6426.16,6519.45,6308.26,6314.06,3477716711
2018-05-27,6319.38,6336.26,6241.17,6304.09,3470670719
2018-05-28,6306.73,6332.95,6109.87,6139.01,4336373076
2018-05-29,6133.4,6524.85,6102.13,6477.63,4908685936
2018-05-30,6475.15,6564.77,6275.08,6350.99,4221008431
2018-05-31,6350.67,6516.7,6316.94,6411.3,4386286348
2018-06-01,6416.89,6505.89,6344.07,6467.8,4220806367
2018-06-02,6463.74,6600.2,6429.9,6555.27,4236106209
2018-06-03,6545.53,6650.85,6529.19,6617.74,4158889189
2018-06-04,6619.69,6639.68,6391.89,6423.72,4268396239
2018-06-05,6412.12,6523.2,6330.34,6510.11,4231400116
2018-06-06,6503.47,6523.77,6378.18,6497.99,3983580813
2018-06-07,6495.31,6563.18,6492.55,6511.95,3804427051
2018-06-08,6517.8,6521.68,6433.23,6480.47,3593047683
2018-06-09,6486.93,6530.32,6401.48,6401.48,3268077593
2018-06-10,6373.92,6373.92,5698.21,5759.16,4926453311
2018-06-11,5770.42,5868.52,5679.73,5867.74,4031322538
2018-06-12,5866.81,5875.11,5566.31,5603.44,3962186117
2018-06-13,5615.8,5646.85,5334.04,5380.36,4280926921
2018-06-14,5374.3,5796.01,5370.46,5773.53,4444481937
2018-06-15,5772.43,5778.98,5543.09,5562.66,3407762516
2018-06-16,5561.69,5679.75,5515.89,5643.28,2751934274
2018-06-17,5639.29,5676.84,5607.17,5607.17,2677957008
2018-06-18,5616.49,5841.78,5549.83,5791.4,3473385502
2018-06-19,5797.91,5900.29,5764.54,5842.7,3501363500
2018-06-20,5843.41,5887.25,5709.74,5853.46,3358935821
2018-06-21,5856.52,5889.27,5795.93,5800.0,3041566822
2018-06-22,5807.02,5811.44,5153.67,5219.81,4358481380
2018-06-23,5225.31,5340.9,5209.62,5287.41,2944109824
2018-06-24,5288.96,5340.01,4999.06,5294.82,3917068318
2018-06-25,5293.74,5409.86,5237.21,5341.64,4701949090
2018-06-26,5345.37,5369.32,5231.52,5231.52,2815727912
2018-06-27,5223.56,5347.41,5221.58,5325.32,2850908064
2018-06-28,5321.88,5338.65,5078.3,5105.46,2999048745
2018-06-29,5100.86,5359.63,5010.95,5322.52,3394872906
2018-06-30,5319.03,5534.12,5319.03,5481.47,3889292326
2018-07-01,5488.04,5506.16,5383.28,5468.25,4100239630
2018-07-02,5463.59,5765.92,5416.34,5682.29,3777431313
2018-07-03,5667.23,5736.84,5531.23,5600.47,4007470418
2018-07-04,5618.72,5817.3,5528.81,5659.25,3582681352
2018-07-05,5661.1,5772.78,5604.53,5678.85,4276144207
2018-07-06,5678.46,5705.36,5578.51,5681.99,3673018251
2018-07-07,5677.91,5844.18,5601.74,5838.17,3372567104
2018-07-08,5838.91,5862.84,5744.92,5764.51,2881635646
2018-07-09,5765.54,5822.14,5721.38,5734.73,3162750868
2018-07-10,5732.57,5754.88,5390.81,5397.76,3455640897
2018-07-11,5398.46,5499.11,5396.36,5477.74,3122203104
2018-07-12,5479.51,5479.31,5261.89,5341.12,3232867529
2018-07-13,5346.45,5403.33,5300.67,5338.51,3256653884
2018-07-14,5346.6,5389.98,5316.41,5371.09,2502071045
2018-07-15,5368.16,5480.07,5354.31,5445.83,2813375551
2018-07-16,5443.58,5758.73,5443.11,5758.73,4036730107
2018-07-17,5756.94,6338.26,5696.9,6283.08,5116675427
2018-07-18,6278.17,6471.14,6253.63,6330.65,5242128469
2018-07-19,6337.03,6436.88,6265.42,6407.12,4386159108
2018-07-20,6407.59,6487.84,6249.58,6275.93,4213065274
2018-07-21,6274.72,6347.19,6197.65,6331.53,3180244001
2018-07-22,6330.26,6428.96,6298.58,6319.52,3148019504
2018-07-23,6316.3,6646.28,6313.14,6595.2,4389736572
2018-07-24,6599.82,7210.71,6590.4,7210.71,6229298858
2018-07-25,7172.52,7204.37,6925.03,6970.6,4980318705
2018-07-26,6966.73,7079.7,6769.81,6828.91,4207394297
2018-07-27,6827.89,7087.55,6731.14,7004.98,4457686973
2018-07-28,7008.46,7054.61,6958.45,7028.27,3422057378
2018-07-29,7040.0,7097.0,6984.54,7049.03,3522763544
2018-07-30,7051.7,7066.07,6760.16,6989.47,4743164730
2018-07-31,6990.09,6987.98,6585.89,6657.35,4524283392
2018-08-01,6647.59,6647.02,6435.94,6538.25,4113891271
2018-08-02,6546.21,6615.29,6472.89,6531.85,3637557186
2018-08-03,6527.53,6529.22,6324.34,6427.24,4000302585
2018-08-04,6430.94,6481.79,6037.93,6080.1,3690144376
2018-08-05,6078.57,6139.48,6000.43,6114.6,3182621107
2018-08-06,6109.81,6198.37,5963.25,6014.71,3396694930
2018-08-07,6020.35,6166.68,5815.44,5821.15,4036548573
2018-08-08,5815.75,5813.74,5360.04,5432.76,4363254932
2018-08-09,5432.55,5752.5,5394.1,5699.61,3702742103
2018-08-10,5702.38,5714.14,5367.68,5420.43,3969044698
2018-08-11,5421.38,5657.97,5354.1,5517.73,3547633655
2018-08-12,5507.14,5639.0,5466.7,5549.63,4972570877
2018-08-13,5566.01,5740.8,5463.55,5524.67,3582752873
2018-08-14,5515.98,5518.64,5234.09,5464.23,4672748105
2018-08-15,5483.36,5809.96,5484.33,5562.58,4316594657
2018-08-16,5549.98,5697.0,5535.24,5571.44,3806877748
2018-08-17,5576.88,5755.44,5564.33,5753.81,4365646586
2018-08-18,5756.26,5785.91,5555.42,5616.65,3483885634
2018-08-19,5615.61,5718.02,5562.25,5688.62,2895138585
2018-08-20,5683.75,5718.09,5482.66,5489.97,3189539640
2018-08-21,5483.48,5619.22,5479.11,5606.81,2918154325
2018-08-22,5604.64,5889.24,5441.63,5504.76,4029791091
2018-08-23,5500.12,5674.88,5501.07,5662.81,2968960139
2018-08-24,5677.23,5782.6,5627.5,5782.6,3526219775
2018-08-25,5782.59,5842.55,5766.25,5819.8,2850529214
2018-08-26,5812.44,5829.75,5697.23,5759.78,2829969944
2018-08-27,5762.82,5893.37,5756.07,5893.37,3440335559
2018-08-28,5898.89,6080.18,5896.45,6068.83,3985239032
2018-08-29,6064.92,6093.28,5961.02,6019.1,3541065938
2018-08-30,6016.19,6043.48,5856.13,5983.22,3826845580
2018-08-31,5979.57,6082.19,5950.78,6067.4,3875894474
2018-09-01,6073.64,6243.89,6067.81,6201.61,3548624881
2018-09-02,6198.45,6299.09,6148.94,6271.75,3733649534
2018-09-03,6277.19,6300.42,6210.71,6252.2,3520289356
2018-09-04,6254.74,6381.29,6251.99,6354.48,3688942598
2018-09-05,6354.3,6370.98,5839.28,5839.28,4986211639
2018-09-06,5806.88,5801.39,5500.45,5619.39,4753825630
2018-09-07,5619.18,5642.84,5499.85,5598.71,3692043979
2018-09-08,5592.74,5656.87,5365.35,5389.99,3320110813
2018-09-09,5387.74,5580.69,5368.56,5451.04,3176650229
2018-09-10,5451.66,5519.46,5444.98,5460.4,3204020014
2018-09-11,5462.28,5517.74,5403.72,5452.6,3320891918
2018-09-12,5448.99,5472.88,5408.87,5464.85,3496713413
2018-09-13,5466.95,5594.43,5463.19,5575.59,3602455300
2018-09-14,5573.97,5632.88,5519.98,5600.89,3505521156
2018-09-15,5598.04,5643.03,5584.41,5627.11,2765995872
2018-09-16,5621.5,5628.08,5555.64,5607.14,2816596404
2018-09-17,5604.46,5623.57,5356.09,5383.27,3351714090
2018-09-18,5383.02,5458.43,5361.26,5456.28,3579763638
2018-09-19,5456.75,5523.31,5319.0,5481.96,3796555860
2018-09-20,5482.22,5544.71,5430.56,5536.33,3692297556
2018-09-21,5531.4,5781.51,5514.21,5728.07,5555414821
2018-09-22,5728.16,5795.78,5627.59,5717.04,3835465727
2018-09-23,5711.38,5748.89,5685.9,5712.16,3572958259
2018-09-24,5707.17,5719.05,5600.08,5611.99,3554447900
2018-09-25,5619.0,5618.53,5423.77,5479.01,4016893838
2018-09-26,5484.38,5604.05,5436.91,5527.28,3776169001
2018-09-27,5527.53,5766.65,5520.85,5738.59,3959497896
2018-09-28,5740.31,5836.25,5683.16,5721.92,4318427031
2018-09-29,5721.04,5721.04,5607.83,5685.61,3758009754
2018-09-30,5687.98,5724.51,5657.96,5708.81,3448504607
2018-10-01,5703.89,5739.14,5647.73,5691.26,3455517677
2018-10-02,5694.38,5713.15,5662.55,5675.0,3444471473
2018-10-03,5673.06,5691.36,5577.75,5666.68,3387596218
2018-10-04,5662.6,5733.0,5662.58,5711.33,3333351985
2018-10-05,5709.12,5745.99,5699.04,5745.0,3185026293
2018-10-06,5744.98,5750.26,5706.24,5715.36,2827824488
2018-10-07,5717.42,5765.04,5688.07,5730.56,2869754836
2018-10-08,5728.17,5807.11,5725.99,5788.33,3462659600
2018-10-09,5789.06,5793.4,5754.21,5772.57,3111788285
2018-10-10,5770.53,5771.0,5681.21,5710.79,3284543913
2018-10-11,5711.84,5712.0,5386.95,5397.45,4470356475
2018-10-12,5382.79,5454.76,5380.28,5425.63,3271592547
2018-10-13,5428.66,5454.97,5412.86,5435.5,2649466819
2018-10-14,5437.66,5511.65,5430.45,5445.27,2670572684
2018-10-15,5446.75,6023.19,5416.74,5694.5,6362854095
2018-10-16,5698.7,5764.97,5671.63,5699.35,3520818684
2018-10-17,5694.52,5711.25,5649.18,5691.62,3555653960
2018-10-18,5689.79,5712.39,5631.5,5654.04,3425647284
2018-10-19,5655.23,5668.03,5613.97,5608.36,3104454988
2018-10-20,5604.46,5636.38,5594.12,5628.98,2931192523
2018-10-21,5629.76,5686.12,5617.54,5632.02,2826811302
2018-10-22,5635.23,5703.26,5632.82,5653.9,3201088479
2018-10-23,5641.0,5670.6,5621.29,5644.22,3238974043
2018-10-24,5647.4,5688.42,5637.85,5700.39,3005302035
2018-10-25,5690.93,5718.76,5651.27,5692.96,2839805286
2018-10-26,5686.79,5711.97,5669.24,5673.82,2897091615
2018-10-27,5679.16,5702.44,5655.23,5678.76,2973504975
2018-10-28,5680.75,5702.13,5643.95,5690.89,3022665008
2018-10-29,5695.97,5707.16,5545.82,5566.76,3691968685
2018-10-30,5571.17,5594.54,5543.16,5583.56,3332979152
2018-10-31,5585.96,5597.98,5569.07,5583.19,3704012541
2018-11-01,5584.01,5769.18,5571.66,5592.87,3323042331
2018-11-02,5593.58,5617.72,5558.29,5610.33,3719062834
2018-11-03,5609.27,5620.54,5569.87,5586.46,3213017648
2018-11-04,5590.16,5604.49,5530.06,5593.52,3851188945
2018-11-05,5582.99,5690.46,5583.83,5626.59,3659057732
2018-11-06,5638.57,5660.23,5618.24,5651.39,4111087388
2018-11-07,5655.73,5710.08,5655.57,5710.91,4321359168
2018-11-08,5704.33,5718.56,5664.93,5676.86,4103683993
2018-11-09,5667.56,5682.31,5621.54,5632.3,3834021298
2018-11-10,5632.75,5678.32,5632.03,5653.57,3268462772
2018-11-11,5657.46,5665.95,5601.04,5661.9,3478646911
2018-11-12,5662.04,5679.34,5668.67,5675.69,3826779310
2018-11-13,5678.32,5671.41,5608.11,5621.9,3981440268
2018-11-14,5614.61,5651.37,4891.94,5072.28,6540122837
2018-11-15,5070.34,5103.98,4742.37,4987.67,6209949223
2018-11-16,4985.27,4993.84,4814.95,4882.04,4622651782
2018-11-17,4884.69,4884.69,4833.01,4864.48,3768698770
2018-11-18,4869.22,4950.39,4869.22,4927.9,3645119265
2018-11-19,4925.35,4925.35,4228.89,4253.28,6146211678
2018-11-20,4246.36,4325.12,3758.26,3914.93,7411762371
2018-11-21,3926.27,4108.71,3821.1,4041.6,5374658783
2018-11-22,4049.93,4064.77,3828.33,3828.6,4006990218
2018-11-23,3824.0,3863.34,3676.02,3833.61,4296045244
2018-11-24,3834.12,3891.79,3346.86,3422.35,4126734063
2018-11-25,3422.36,3633.76,3160.73,3537.53,6021470398
2018-11-26,3541.83,3617.83,3211.14,3334.84,5715449728
2018-11-27,3322.75,3420.37,3235.73,3381.92,5309779005
2018-11-28,3383.47,3858.09,3383.47,3744.88,6403821651
2018-11-29,3754.66,3886.45,3642.71,3756.5,5709438582
2018-11-30,3765.35,3794.58,3468.0,3549.3,5343483250
2018-12-01,3555.65,3807.38,3507.28,3722.88,4748090193
2018-12-02,3710.57,3799.59,3632.4,3650.52,4640620690
2018-12-03,3656.45,3664.17,3382.03,3429.27,4482008546
2018-12-04,3422.39,3579.51,3369.52,3488.17,4432454213
2018-12-05,3490.0,3501.04,3308.43,3308.43,4673119431
2018-12-06,3308.18,3417.48,3095.35,3095.35,5167560339
2018-12-07,3087.58,3087.58,2881.2,3004.02,6004302076
2018-12-08,3005.75,3079.66,2943.16,3053.37,4659853943
2018-12-09,3050.83,3237.71,3047.2,3168.85,4337708091
2018-12-10,3167.97,3196.64,3056.52,3084.09,4420967997
2018-12-11,3079.72,3091.15,2996.7,3024.59,4148173620
2018-12-12,3021.44,3109.47,3013.32,3065.85,3639470296
2018-12-13,3066.13,3068.71,2902.29,2916.66,3822988659
2018-12-14,2914.69,2930.05,2836.93,2867.3,3866795553
2018-12-15,2868.64,2896.39,2822.04,2862.24,3140792551
2018-12-16,2861.81,2922.9,2859.64,2876.58,3311144225
2018-12-17,2877.34,3170.84,2876.71,3124.27,4766099159
2018-12-18,3123.28,3253.79,3066.17,3249.05,5196397947
2018-12-19,3258.68,3463.32,3238.55,3289.63,5981038213
2018-12-20,3286.49,3665.84,3276.36,3608.39,7791277058
2018-12-21,3608.07,3666.06,3390.39,3426.89,6337467427
2018-12-22,3428.24,3530.07,3391.0,3530.07,4929760951
2018-12-23,3536.06,3589.17,3499.03,3516.36,5408908807
2018-12-24,3517.24,3750.7,3517.24,3576.95,6350365580
2018-12-25,3578.75,3586.55,3297.54,3342.62,5394996031
2018-12-26,3346.59,3411.19,3310.97,3395.23,4688475417
2018-12-27,3392.92,3407.93,3188.73,3197.25,4487918526
2018-12-28,3195.96,3459.71,3178.29,3429.7,4922254447
2018-12-29,3437.19,3464.52,3339.22,3339.22,4362951863
2018-12-30,3340.95,3411.22,3318.96,3379.54,4170344379
2018-12-31,3380.24,3366.61,3242.28,3256.93,4056771164
2019-01-01,3260.42,3358.3,3235.65,3353.51,3772904282
2019-01-02,3358.42,3481.46,3323.57,3483.45,4633091490
2019-01-03,3473.87,3471.46,3355.36,3368.36,3977171075
2019-01-04,3363.95,3392.45,3333.14,3385.3,4254278768
2019-01-05,3380.26,3426.7,3367.01,3374.29,4508432437
2019-01-06,3366.68,3590.93,3357.77,3572.6,4905016564
2019-01-07,3574.44,3586.81,3515.71,3506.49,4554786508
2019-01-08,3509.34,3591.64,3492.5,3518.61,4632231428
2019-01-09,3519.37,3549.94,3510.33,3492.61,4427887595
2019-01-10,3491.71,3515.61,3181.48,3197.26,5974139645
2019-01-11,3192.72,3239.57,3169.44,3215.77,4830339183
2019-01-12,3215.43,3225.9,3186.51,3192.2,4165967738
2019-01-13,3190.08,3203.93,3093.6,3100.22,4084792180
2019-01-14,3104.11,3249.57,3098.57,3230.38,4926029291
2019-01-15,3228.39,3241.08,3171.64,3180.92,4851261531
2019-01-16,3181.46,3237.27,3177.53,3206.83,4732988810
2019-01-17,3203.91,3230.76,3179.52,3228.89,4796438707
2019-01-18,3228.49,3232.41,3198.43,3217.8,4401105431
2019-01-19,3213.0,3306.38,3213.0,3280.02,5239221707
2019-01-20,3277.27,3293.06,3150.6,3168.37,4911786934
2019-01-21,3167.81,3172.1,3130.12,3145.28,4401553439
2019-01-22,3144.66,3185.6,3115.66,3172.1,4676089688
2019-01-23,3172.93,3190.16,3132.52,3148.85,4772516490
2019-01-24,3148.33,3199.29,3134.05,3183.18,4652392026
2019-01-25,3188.94,3194.64,3150.45,3157.0,4618153557
2019-01-26,3156.95,3205.38,3151.37,3158.25,4469541555
2019-01-27,3160.2,3167.2,3129.03,3140.37,4881255301
2019-01-28,3140.63,3142.06,3008.07,3036.36,6044747641
2019-01-29,3034.98,3042.31,2973.74,3015.45,5157195714
2019-01-30,3012.24,3059.73,2998.62,3035.27,5184854539
2019-01-31,3034.59,3061.37,3011.68,3020.3,5093417572
2019-02-01,3023.15,3056.47,2998.88,3044.25,4733081624
2019-02-02,3041.35,3075.09,3026.47,3073.15,4426467434
2019-02-03,3068.85,3073.44,3010.16,3023.36,4402303328
2019-02-04,3026.68,3036.47,3006.61,3024.73,4663004052
2019-02-05,3021.29,3045.83,3017.62,3038.16,4581790350
2019-02-06,3040.58,3041.7,2990.38,3003.62,4823543077
2019-02-07,3004.48,3023.77,2992.61,2998.16,4414116828
2019-02-08,2999.83,3262.94,2990.34,3237.06,6829062223
2019-02-09,3241.3,3248.68,3219.21,3240.96,5437061453
2019-02-10,3242.73,3263.16,3212.02,3258.58,5547484136
2019-02-11,3263.37,3263.95,3229.37,3234.71,5565257065
2019-02-12,3229.67,3237.48,3208.13,3223.96,5718440360
2019-02-13,3223.15,3237.43,3196.41,3224.07,5715596001
2019-02-14,3223.75,3237.3,3192.0,3202.04,5551786978
2019-02-15,3202.77,3236.49,3202.76,3205.25,5392778873
2019-02-16,3200.35,3233.6,3200.35,3213.2,5253613477
2019-02-17,3216.36,3258.12,3203.81,3252.19,6231587653
2019-02-18,3250.54,3480.39,3248.78,3461.66,8759299472
2019-02-19,3458.17,3550.25,3457.11,3480.86,8760246807
2019-02-20,3480.33,3527.26,3459.41,3525.3,7662026836
2019-02-21,3525.85,3538.56,3477.78,3486.7,6856030209
2019-02-22,3485.43,3533.87,3483.81,3532.99,6903230070
2019-02-23,3527.16,3674.79,3500.54,3653.83,7869699502
2019-02-24,3656.42,3713.91,3346.9,3359.56,9517000488
2019-02-25,3356.7,3446.44,3357.59,3416.38,8199608659
2019-02-26,3412.86,3424.98,3379.69,3382.94,6961175395
2019-02-27,3385.93,3414.52,3330.31,3384.33,7295249060
2019-02-28,3382.49,3434.39,3381.43,3389.31,7385479037
2019-03-01,3388.58,3437.39,3387.2,3394.99,6739025250
2019-03-02,3391.23,3408.2,3370.84,3398.93,6665890978
2019-03-03,3397.04,3409.65,3372.88,3381.98,6376472408
2019-03-04,3380.15,3401.71,3293.71,3317.82,7964031008
2019-03-05,3316.48,3454.65,3303.94,3445.99,8998078794
2019-03-06,3446.61,3468.38,3427.74,3450.86,8110434720
2019-03-07,3450.37,3484.55,3442.31,3493.0,8558774818
2019-03-08,3494.59,3514.06,3449.36,3472.42,9469505717
2019-03-09,3466.56,3549.04,3464.64,3527.75,9609611742
2019-03-10,3530.29,3530.29,3491.6,3518.22,8647984408
2019-03-11,3520.12,3531.01,3464.8,3468.38,8993208390
2019-03-12,3467.08,3482.3,3431.09,3463.68,8691981778
2019-03-13,3467.06,3464.03,3446.15,3447.83,8356934390
2019-03-14,3446.35,3493.29,3451.31,3470.22,9267900197
2019-03-15,3472.79,3505.31,3457.9,3494.71,8288512017
2019-03-16,3497.35,3597.17,3495.37,3572.19,8696096120
2019-03-17,3571.3,3576.95,3534.86,3555.38,7261956175
2019-03-18,3560.25,3594.8,3533.96,3557.13,8509713345
2019-03-19,3557.38,3595.56,3546.39,3585.6,8230304628
2019-03-20,3585.18,3579.56,3552.51,3576.84,8904659506
2019-03-21,3573.74,3596.86,3524.14,3542.43,9522390586
2019-03-22,3541.73,3586.82,3530.91,3558.99,8183731459
2019-03-23,3557.88,3581.91,3551.91,3569.47,8471985632
2019-03-24,3568.89,3573.78,3547.02,3560.79,8095854344
2019-03-25,3562.51,3573.09,3478.06,3502.47,9155769653
2019-03-26,3507.79,3534.56,3494.65,3534.56,9497165017
2019-03-27,3534.15,3632.14,3531.16,3631.98,9683758088
2019-03-28,3632.92,3649.55,3598.24,3623.73,8330101742
2019-03-29,3622.54,3662.81,3590.79,3652.06,9729622878
2019-03-30,3646.5,3828.88,3612.44,3659.44,8672798331
2019-03-31,3658.37,3664.65,3647.79,3657.87,8059095555
2019-04-01,3657.87,3711.02,3650.34,3710.86,9065049147
2019-04-02,3709.76,4378.12,3708.28,4354.9,19021953657
2019-04-03,4355.74,4722.59,4352.8,4422.51,20364873584
2019-04-04,4421.1,4502.37,4308.97,4386.39,16263001737
2019-04-05,4386.22,4505.32,4382.77,4488.19,15003740653
2019-04-06,4488.29,4638.91,4448.57,4508.8,15086140497
2019-04-07,4511.46,4666.12,4500.42,4634.54,14847420752
2019-04-08,4635.32,4739.82,4577.84,4699.31,15239302854
2019-04-09,4699.44,4699.44,4582.14,4619.99,13067531219
2019-04-10,4619.26,4810.05,4609.58,4722.06,13750184451
2019-04-11,4722.47,4748.88,4451.71,4497.27,14701387025
2019-04-12,4494.35,4516.77,4391.53,4500.68,12092984942
2019-04-13,4500.07,4533.91,4475.96,4506.91,9571034992
2019-04-14,4506.18,4586.13,4469.25,4571.38,9192752356
2019-04-15,4571.03,4595.4,4444.61,4482.45,10872080100
2019-04-16,4482.17,4641.78,4471.07,4639.53,10295957065
2019-04-17,4640.04,4674.56,4611.7,4649.07,11010667480
2019-04-18,4648.75,4736.94,4647.56,4715.56,11798276027
2019-04-19,4715.55,4745.77,4657.03,4716.39,12254008323
2019-04-20,4716.7,4765.01,4709.33,4746.69,11711043211
2019-04-21,4744.9,4766.29,4674.64,4726.6,12212731492
2019-04-22,4724.68,4816.11,4699.22,4795.6,12968847994
2019-04-23,4795.6,5023.04,4790.31,4964.71,14137009893
2019-04-24,4963.7,5035.36,4858.92,4899.66,15284823497
2019-04-25,4901.14,4978.44,4653.12,4678.54,13765122793
2019-04-26,4678.35,4833.08,4649.99,4732.41,15070373647
2019-04-27,4732.52,4760.23,4691.43,4722.17,11752133720
2019-04-28,4725.27,4771.13,4714.51,4740.14,11498007295
2019-04-29,4739.85,4758.27,4664.01,4690.79,12278635854
2019-04-30,4691.56,4782.43,4658.43,4771.26,12375914347
2019-05-01,4771.0,4817.55,4767.23,4823.62,12213315362
2019-05-02,4823.38,4938.75,4813.43,4927.25,13106836445
2019-05-03,4927.53,5258.24,4912.93,5147.04,16704551999
2019-05-04,5147.86,5252.88,5037.45,5203.15,15675730777
2019-05-05,5203.06,5205.56,5091.22,5181.75,13240072049
2019-05-06,5177.91,5178.9,5053.34,5130.17,14048573270
2019-05-07,5129.1,5354.23,5125.36,5209.5,16109192274
2019-05-08,5227.4,5349.6,5178.43,5342.55,13681852074
2019-05-09,5342.41,5510.97,5342.41,5503.88,14961581150
2019-05-10,5504.84,5727.32,5486.55,5678.45,17287573052
2019-05-11,5679.18,6527.84,5675.65,6413.69,25697903986
2019-05-12,6412.56,6679.95,6066.27,6205.38,24718155882
2019-05-13,6204.32,7169.19,6140.26,6958.03,25533251460
2019-05-14,6951.4,7357.65,6867.76,7134.91,28587654704
2019-05-15,7130.72,7334.36,7043.25,7321.37,25291111829
2019-05-16,7311.99,7425.0,6916.61,7057.22,29685603684
2019-05-17,7058.92,7095.83,6304.86,6578.52,26933099173
2019-05-18,6576.52,6671.12,6495.75,6513.4,19128742817
2019-05-19,6510.5,7400.85,6510.5,7342.64,23200695811
2019-05-20,7341.95,7345.34,6881.75,7142.94,21346880688
2019-05-21,7142.64,7222.9,7028.53,7131.45,22502352529
2019-05-22,7125.15,7164.85,6827.57,6884.6,22159129021
2019-05-23,6882.33,7104.4,6765.67,7047.17,21867124559
2019-05-24,7047.81,7266.78,6996.73,7128.09,23130747309
2019-05-25,7132.12,7243.94,7109.0,7185.6,19860622351
2019-05-26,7187.97,7749.45,7071.5,7737.38,23799417119
2019-05-27,7738.14,7958.87,7730.75,7866.87,24969715870
2019-05-28,7864.17,7868.14,7713.47,7808.07,21693389184
2019-05-29,7806.84,7857.73,7596.38,7775.35,21076837662
2019-05-30,7777.39,8089.8,7387.27,7473.81,26273677417
2019-05-31,7474.55,7671.15,7301.19,7660.29,22660754298
2019-06-01,7659.7,7705.94,7577.27,7650.92,20090600620
2019-06-02,7652.22,7866.53,7648.44,7824.94,18138243074
2019-06-03,7823.85,7825.91,7296.11,7299.27,19565949474
2019-06-04,7301.04,7301.04,6722.49,6849.16,21868330503
2019-06-05,6846.12,7017.32,6821.56,6968.26,19380278436
2019-06-06,6964.17,7064.06,6715.22,6936.57,17270085103
2019-06-07,6940.56,7168.86,6908.08,7095.01,16883309532
2019-06-08,7088.68,7124.06,6913.01,7015.78,14573537200
2019-06-09,7011.85,7035.05,6696.89,6791.21,14672969020
2019-06-10,6794.93,7107.66,6701.44,7068.96,16513525776
2019-06-11,7072.41,7093.69,6866.02,6997.71,15100424923
2019-06-12,6995.7,7256.76,6937.42,7211.59,16851335707
2019-06-13,7212.6,7368.25,7160.83,7296.71,16550429436
2019-06-14,7296.63,7756.91,7257.34,7741.94,17659848879
2019-06-15,7738.31,7889.14,7674.77,7870.66,16359588799
2019-06-16,7873.39,8313.68,7849.45,8017.55,20812547519
2019-06-17,8012.59,8390.82,8012.59,8302.84,13863928895
2019-06-18,8316.3,8327.39,8043.96,8109.81,14152087499
2019-06-19,8107.46,8277.0,8098.86,8253.93,13837484833
2019-06-20,8253.52,8496.76,8178.45,8435.33,15801542085
2019-06-21,8431.88,8909.28,8365.23,8909.28,18112684983
2019-06-22,8936.83,9798.75,8876.33,9398.58,26342778750
2019-06-23,9394.19,9889.31,9263.34,9536.27,18446693859
2019-06-24,9533.9,9713.7,9324.58,9659.92,16906808632
2019-06-25,9656.48,10372.48,9656.48,10372.48,21886683363
2019-06-26,10361.63,12135.6,10339.59,11443.04,39654073839
2019-06-27,11443.82,11707.3,9228.69,9833.77,35154792499
2019-06-28,9815.62,10936.82,9605.72,10903.56,30835121525
2019-06-29,10897.79,10897.92,10113.56,10509.9,26297177039
2019-06-30,10485.83,10718.99,9504.91,9520.88,23990193993
2019-07-01,9503.08,9870.46,8938.22,9376.39,26028695677
2019-07-02,9381.31,9656.8,8618.66,9566.48,27469165572
2019-07-03,9581.5,10603.72,9581.5,10597.43,27285047218
2019-07-04,10607.58,10636.91,9894.57,9937.92,22967791101
2019-07-05,9927.08,10166.07,9646.3,9772.97,21220895891
2019-07-06,9776.61,10346.73,9776.61,9979.53,18779283841
2019-07-07,9987.6,10281.1,9926.34,10198.81,17251232976
2019-07-08,10195.03,11008.82,10146.7,10953.47,20935727857
2019-07-09,10952.99,11399.5,10905.51,11221.01,25137363014
2019-07-10,11220.0,11672.98,10405.09,10797.56,29868414975
2019-07-11,10782.64,10787.06,9915.95,10096.29,25417328757
2019-07-12,10092.42,10559.66,9919.6,10473.77,20861316438
2019-07-13,10471.24,10496.79,9669.35,10098.29,18652322461
2019-07-14,10088.22,10150.43,9080.85,9098.85,19948859649
2019-07-15,9100.43,9811.17,8868.99,9674.61,22540500855
2019-07-16,9676.0,9808.36,8423.46,8452.75,21539536705
2019-07-17,8447.76,8879.26,8166.9,8633.6,21882733799
2019-07-18,8638.25,9552.59,8358.31,9472.16,22366833498
2019-07-19,9461.03,9516.81,9113.32,9378.67,18459845871
2019-07-20,9374.29,9840.71,9307.91,9589.97,17997425920
2019-07-21,9599.22,9656.54,9248.77,9448.14,15270353604
2019-07-22,9445.11,9493.15,9058.4,9229.93,14576423508
2019-07-23,9233.18,9276.84,8848.76,8877.62,16007099892
2019-07-24,8865.93,8892.0,8625.37,8806.17,15615311858
2019-07-25,8803.63,9110.59,8742.78,8892.68,14195091511
2019-07-26,8893.83,8897.02,8715.55,8863.53,13017151606
2019-07-27,8864.31,9130.25,8451.55,8510.95,15102392964
2019-07-28,8523.48,8603.15,8311.52,8582.6,12343276122
2019-07-29,8578.39,8700.26,8520.02,8542.99,12377173980
2019-07-30,8545.84,8702.76,8472.81,8610.65,12394968227
2019-07-31,8607.63,9109.95,8669.59,9109.95,15022603972
2019-08-01,9102.56,9458.07,8976.67,9386.74,15493433951
2019-08-02,9388.88,9594.12,9350.03,9454.79,15720946670
2019-08-03,9455.78,9840.06,9441.6,9727.65,13800528601
2019-08-04,9727.57,9913.3,9546.57,9875.91,14881938032
2019-08-05,9867.4,10613.42,9867.4,10500.03,21235471599
2019-08-06,10503.36,10960.33,10078.77,10243.88,21093529993
2019-08-07,10241.92,10733.75,10195.1,10658.73,19810003942
2019-08-08,10669.51,10691.39,10330.72,10697.32,17415491000
2019-08-09,10685.52,10699.82,10449.04,10516.33,16258144339
2019-08-10,10515.1,10563.06,10038.48,10065.18,16067873849
2019-08-11,10061.39,10281.45,9944.44,10281.45,14074052012
2019-08-12,10285.91,10285.91,10119.53,10148.33,12167350642
2019-08-13,10150.46,10191.12,9686.15,9749.75,14926859587
2019-08-14,9742.89,9743.24,8997.95,9021.05,17941077695
2019-08-15,9009.01,9361.32,8687.37,9280.88,20610279832
2019-08-16,9288.04,9479.05,8894.21,9350.39,18231683056
2019-08-17,9336.32,9420.95,9091.14,9221.87,12418143563
2019-08-18,9223.01,9452.52,9120.34,9327.3,11720021193
2019-08-19,9331.01,9849.56,9301.2,9849.56,14471326152
2019-08-20,9849.92,9876.57,9575.65,9699.05,13564753835
2019-08-21,9699.96,9731.69,8977.41,9140.37,17556757969
2019-08-22,9145.23,9231.17,8852.96,9139.01,15423303692
2019-08-23,9145.37,9302.13,9095.39,9271.42,13920552878
2019-08-24,9271.13,9271.75,8892.23,9042.08,13750984650
2019-08-25,9042.77,9167.4,8977.78,9097.29,12700255536
2019-08-26,9087.93,9435.25,9087.93,9342.16,16609760859
2019-08-27,9344.46,9351.58,9083.46,9184.28,13311459751
2019-08-28,9200.78,9274.48,8767.69,8799.74,15880872157
2019-08-29,8801.06,8801.06,8503.28,8598.34,15411485578
2019-08-30,8602.54,8786.07,8532.57,8718.02,12348578279
2019-08-31,8717.45,8785.22,8656.78,8746.57,10403255190
2019-09-01,8746.5,8913.1,8703.47,8877.67,10412835971
2019-09-02,8877.13,9477.75,8869.84,9436.46,15730631502
2019-09-03,9435.87,9785.12,9419.95,9681.07,17665184989
2019-09-04,9678.93,9755.4,9474.76,9600.94,15172537667
2019-09-05,9594.65,9642.0,9525.97,9585.36,13188821504
2019-09-06,9586.88,9879.59,9332.86,9302.55,17553807808
2019-09-07,9303.11,9489.66,9298.61,9452.44,13757572158
2019-09-08,9453.21,9522.88,9440.46,9475.27,12405793930
2019-09-09,9476.28,9482.87,9195.5,9355.65,15928586966
2019-09-10,9355.48,9410.89,9076.95,9155.44,13491378250
2019-09-11,9160.7,9249.42,9035.24,9241.63,14008172465
2019-09-12,9240.69,9437.92,9173.33,9416.12,13860393424
2019-09-13,9420.78,9437.03,9231.03,9308.95,12677713410
2019-09-14,9295.35,9364.29,9247.09,9306.71,12101638742
2019-09-15,9305.28,9310.31,9244.04,9336.2,10866163849
2019-09-16,9336.32,9375.89,9257.71,9338.72,13776332504
2019-09-17,9344.7,9299.41,9261.88,9247.51,13819521176
2019-09-18,9253.4,9284.77,9219.46,9246.49,14660255693
2019-09-19,9248.52,9332.09,8922.42,9292.97,18047239238
2019-09-20,9292.89,9311.8,9195.81,9239.48,13370761401
2019-09-21,9241.3,9245.34,9075.29,9092.54,12182959742
2019-09-22,9096.53,9142.21,9004.35,9138.95,11978776314
2019-09-23,9136.75,9138.34,8824.14,8850.28,13776581397
2019-09-24,8850.28,8925.56,7596.95,7826.96,22701120940
2019-09-25,7811.4,7944.52,7568.98,7748.67,19853045710
2019-09-26,7749.28,7789.8,7223.5,7433.73,17632812763
2019-09-27,7428.36,7559.8,7271.26,7541.82,14997033814
2019-09-28,7541.29,7572.68,7426.28,7537.4,12926102470
2019-09-29,7537.51,7551.84,7301.92,7405.6,11911044079
2019-09-30,7405.64,7626.7,7154.35,7609.14,15702454866
2019-10-01,7614.51,7768.81,7555.97,7630.93,13998573192
2019-10-02,7631.78,7657.53,7527.44,7657.53,11975466884
2019-10-03,7655.47,7674.7,7413.2,7525.16,12452803872
2019-10-04,7524.71,7525.22,7427.63,7473.72,11967022550
2019-10-05,7477.56,7482.45,7351.42,7424.63,11112578862
2019-10-06,7423.15,7433.66,7246.53,7272.21,11981277728
2019-10-07,7273.09,7567.12,7201.99,7515.01,16413971354
2019-10-08,7516.13,7590.03,7471.83,7508.35,14227161316
2019-10-09,7509.32,7859.18,7452.04,7824.07,17644697905
2019-10-10,7814.55,7829.59,7686.71,7798.23,16001250003
2019-10-11,7797.13,7918.09,7533.46,7538.51,17759216752
2019-10-12,7532.99,7625.81,7530.89,7554.5,13169334496
2019-10-13,7554.82,7676.48,7500.9,7545.01,12520552918
2019-10-14,7544.85,7607.93,7512.48,7595.38,13741475462
2019-10-15,7594.27,7628.69,7416.81,7435.97,13793224980
2019-10-16,7435.34,7435.2,7210.54,7266.73,14512327589
2019-10-17,7266.99,7309.07,7223.97,7284.27,12865415827
2019-10-18,7281.6,7316.35,7101.64,7138.12,14012291755
2019-10-19,7138.65,7236.08,7112.67,7151.86,12352682776
2019-10-20,7160.14,7421.06,7116.84,7370.44,13898334789
2019-10-21,7373.17,7445.89,7348.23,7392.28,14229761008
2019-10-22,7391.99,7445.14,7255.71,7259.02,15099414522
2019-10-23,7257.25,7274.66,6708.87,6750.25,19710761538
2019-10-24,6745.81,6767.17,6689.85,6748.62,14651566652
2019-10-25,6746.11,7845.34,6736.08,7816.34,25906522539
2019-10-26,7822.55,9044.62,7818.02,8343.46,40157247739
2019-10-27,8340.51,8798.81,8223.94,8617.57,29405554029
2019-10-28,8629.64,8850.37,8340.05,8340.05,27885244605
2019-10-29,8333.1,8577.39,8309.72,8483.1,25578615575
2019-10-30,8478.4,8482.37,8170.74,8253.67,24841122082
2019-10-31,8250.74,8403.75,8083.83,8245.56,23826849281
2019-11-01,8240.55,8305.39,8179.65,8292.36,21780231051
2019-11-02,8291.17,8397.13,8282.04,8349.87,19021882025
2019-11-03,8349.94,8399.2,8185.59,8270.45,18924326413
2019-11-04,8270.67,8541.18,8229.09,8458.52,23517560013
2019-11-05,8458.88,8501.21,8314.56,8436.57,23658103730
2019-11-06,8435.07,8507.76,8406.03,8456.39,20898606220
2019-11-07,8448.73,8464.6,8326.86,8385.04,20538694387
2019-11-08,8383.05,8392.01,7958.79,7990.46,22082304835
2019-11-09,7994.62,8069.35,7979.82,7998.57,15953099477
2019-11-10,7997.58,8260.88,7991.84,8215.49,18678081493
2019-11-11,8216.75,8241.08,7888.77,7936.01,18363916828
2019-11-12,7937.79,8040.51,7886.74,8005.5,18443301326
2019-11-13,8002.21,8023.83,7955.04,8000.46,15936634176
2019-11-14,8003.79,8016.62,7886.23,7902.33,17318828985
2019-11-15,7900.17,7924.18,7676.11,7684.16,19723343312
2019-11-16,7683.41,7774.65,7667.85,7737.34,14926199871
2019-11-17,7736.17,7898.7,7692.28,7759.7,16887781426
2019-11-18,7756.08,7822.42,7467.76,7504.62,19489736313
2019-11-19,7500.87,7595.32,7312.74,7407.73,19032283610
2019-11-20,7405.44,7439.36,7231.39,7245.55,18742210567
2019-11-21,7242.28,7320.98,6868.5,6906.83,20346346877
2019-11-22,6907.57,6958.34,6273.81,6620.43,31069217350
2019-11-23,6620.06,6752.61,6488.72,6712.27,19062111428
2019-11-24,6713.03,6722.05,6377.39,6394.29,27611112896
2019-11-25,6387.09,6647.7,6002.07,6490.0,38766044068
2019-11-26,6489.12,6645.96,6443.58,6548.17,19167694341
2019-11-27,6550.44,6927.12,6336.63,6844.79,21803443903
2019-11-28,6849.48,7021.91,6769.46,6777.56,17300211127
2019-11-29,6780.85,7058.74,6775.44,7043.9,17887987434
2019-11-30,7046.45,7111.99,6821.18,6870.14,15572657481
2019-12-01,6871.95,6871.95,6617.57,6737.86,16989829215
2019-12-02,6737.62,6784.33,6564.73,6610.98,15423272061
2019-12-03,6612.77,6690.27,6528.0,6604.84,13351519852
2019-12-04,6604.82,6797.56,6473.7,6543.5,19547622916
2019-12-05,6544.59,6978.24,6526.3,6707.2,16943884751
2019-12-06,6709.23,6824.45,6664.05,6824.45,16371162807
2019-12-07,6824.7,6863.3,6805.21,6832.81,13974015959
2019-12-08,6828.38,6903.68,6760.34,6839.7,13933669711
2019-12-09,6837.39,6879.58,6657.58,6689.01,16152911546
2019-12-10,6685.6,6708.1,6532.63,6561.18,16451392128
2019-12-11,6560.35,6613.24,6461.86,6483.0,14686713808
2019-12-12,6482.39,6529.78,6436.55,6474.6,16918822377
2019-12-13,6475.97,6553.01,6475.65,6537.19,15400147686
2019-12-14,6536.49,6572.4,6382.09,6406.79,15410302614
2019-12-15,6406.4,6457.51,6226.68,6429.3,15174667036
2019-12-16,6430.52,6432.98,6194.7,6224.84,18149976615
2019-12-17,6223.79,6239.15,5906.78,5954.82,20054517794
2019-12-18,5961.26,6590.21,5884.81,6546.54,28641568535
2019-12-19,6547.25,6609.17,6325.95,6475.34,23288187561
2019-12-20,6480.55,6552.13,6399.55,6516.82,20432789823
2019-12-21,6518.43,6520.8,6421.06,6491.85,17434503033
2019-12-22,6491.88,6785.53,6470.21,6779.71,20880470519
2019-12-23,6777.29,6906.51,6606.18,6631.29,25091080546
2019-12-24,6630.18,6799.91,6558.64,6603.12,20732787200
2019-12-25,6606.03,6633.02,6506.28,6557.32,19432228776
2019-12-26,6557.0,6652.77,6490.02,6521.95,20529956690
2019-12-27,6521.2,6583.69,6465.44,6523.75,20382982030
2019-12-28,6522.8,6621.25,6520.9,6548.72,19119692112
2019-12-29,6548.41,6723.89,6514.6,6638.05,20072704182
2019-12-30,6635.92,6653.48,6490.39,6510.73,20420606561
2019-12-31,6512.02,6537.01,6392.17,6411.46,18866418835
2020-01-01,6412.61,6469.86,6420.14,6417.78,16548264141
2020-01-02,6419.9,6425.73,6206.93,6252.94,18620672983
2020-01-03,6252.01,6634.9,6187.71,6581.74,25190641930
2020-01-04,6582.18,6655.67,6550.04,6640.67,16527874601
2020-01-05,6640.49,6760.61,6628.5,6640.67,17674001715
2020-01-06,6639.89,6950.92,6637.79,6939.71,20791101700
2020-01-07,6939.24,7335.25,6938.83,7320.77,25797010963
2020-01-08,7319.2,7551.09,7160.52,7270.79,28501027543
2020-01-09,7272.98,7272.98,7061.71,7092.75,21646224663
2020-01-10,7092.06,7343.37,6963.04,7343.37,25820153792
2020-01-11,7339.44,7389.95,7219.6,7226.7,22946564430
2020-01-12,7222.86,7374.16,7201.1,7369.64,20603017030
2020-01-13,7367.19,7373.56,7263.32,7313.75,20190373251
2020-01-14,7310.82,7980.1,7310.82,7933.51,40299311377
2020-01-15,7931.34,7973.26,7776.34,7896.19,35955399490
2020-01-16,7901.09,7929.07,7720.05,7833.05,28116699120
2020-01-17,7834.33,8051.61,7790.63,8051.0,32795485000
2020-01-18,8049.35,8125.83,7959.15,8063.27,29157288013
2020-01-19,8062.04,8263.18,7772.28,7847.59,30842637240
2020-01-20,7846.14,7880.93,7722.77,7802.23,23811739272
2020-01-21,7803.45,7896.49,7702.06,7889.41,21737558317
2020-01-22,7887.89,7936.47,7788.62,7823.08,20366964887
2020-01-23,7822.87,7829.36,7541.41,7604.3,23311436253
2020-01-24,7603.44,7719.29,7489.1,7660.26,22129639052
2020-01-25,7655.44,7672.07,7524.65,7589.61,17820070773
2020-01-26,7586.49,7797.86,7551.2,7797.02,20114378449
2020-01-27,7797.46,8148.43,7797.46,8085.5,25996943940
2020-01-28,8087.96,8491.03,8084.23,8490.75,31208880037
2020-01-29,8489.73,8547.8,8425.35,8458.93,27857927450
2020-01-30,8458.38,8657.2,8379.81,8621.29,29356103023
2020-01-31,8620.67,8633.06,8352.56,8427.62,26527473551
2020-02-01,8423.86,8508.27,8394.62,8466.4,23365749350
2020-02-02,8463.65,8534.83,8308.61,8426.54,27806989192
2020-02-03,8426.83,8608.75,8359.59,8400.93,27963062144
2020-02-04,8400.32,8436.4,8247.3,8311.95,27063674305
2020-02-05,8314.17,8821.39,8298.65,8739.87,32021502647
2020-02-06,8743.87,8929.34,8674.96,8860.47,34266801203
2020-02-07,8857.01,8976.77,8857.01,8949.75,31540576719
2020-02-08,8947.13,9022.91,8842.18,9012.29,32131455751
2020-02-09,9011.17,9253.76,8998.84,9238.55,32699760275
2020-02-10,9237.53,9280.79,8931.03,9034.06,36099661865
2020-02-11,9033.4,9354.09,8913.68,9349.3,34480314024
2020-02-12,9343.95,9524.74,9343.95,9495.31,39949166143
2020-02-13,9493.39,9616.43,9319.05,9421.15,45523177582
2020-02-14,9418.54,9523.97,9341.44,9521.36,40014999389
2020-02-15,9522.97,9548.25,9116.95,9130.8,40500122610
2020-02-16,9130.57,9282.72,8976.57,9163.17,40007379236
2020-02-17,9165.14,9170.96,8772.71,8941.85,42446217813
2020-02-18,8942.85,9416.83,8926.11,9395.31,43790789357
2020-02-19,9396.98,9429.61,8891.34,8911.51,43470672713
2020-02-20,8907.75,8920.09,8808.51,8906.88,41644907585
2020-02-21,8909.95,8956.17,8889.69,8930.47,37736163863
2020-02-22,8931.64,8940.9,8851.01,8908.58,33039433770
2020-02-23,8908.71,9166.61,8903.61,9157.43,38001900384
2020-02-24,9154.72,9180.38,8774.88,8895.32,41554210040
2020-02-25,8896.37,8896.53,8549.88,8586.52,39078325581
2020-02-26,8583.38,8606.45,8000.54,8103.85,46323421638
2020-02-27,8108.05,8137.11,7871.55,7986.99,41342183979
2020-02-28,7990.84,8091.2,7724.58,7864.47,40449694441
2020-02-29,7863.34,7957.73,7798.03,7798.03,32456505767
2020-03-01,7798.25,7913.45,7681.69,7748.16,31987458775
2020-03-02,7748.9,8011.31,7721.18,7959.36,38459105569
2020-03-03,7955.52,8006.14,7782.37,7862.49,37923648965
2020-03-04,7863.16,7926.58,7824.54,7861.06,31197955753
2020-03-05,7865.58,8161.13,7862.86,8089.79,35373626416
2020-03-06,8089.38,8091.16,8044.33,8082.74,36173355571
2020-03-07,8081.9,8118.74,7877.32,7894.34,32088707345
2020-03-08,7892.8,7898.23,7117.16,7121.03,35106776668
2020-03-09,7123.7,7184.4,6734.0,6952.21,41182520122
2020-03-10,6950.89,7151.21,6885.31,6989.21,37301166969
2020-03-11,6989.53,7026.17,6775.38,7024.83,34347740131
2020-03-12,7026.77,7037.56,4344.84,4444.24,48262271981
2020-03-13,4486.3,5254.1,3672.95,4993.68,66559039992
2020-03-14,5002.09,5047.54,4598.75,4666.31,32441582859
2020-03-15,4666.94,5213.88,4638.42,4834.84,30483051816
2020-03-16,4828.48,4828.48,4098.81,4493.09,40650795146
2020-03-17,4482.43,4825.01,4462.77,4744.93,35069823257
2020-03-18,4746.28,4885.96,4641.4,4780.42,34566905928
2020-03-19,4786.79,5934.08,4804.69,5808.23,47846030531
2020-03-20,5808.66,6377.58,5498.05,5759.61,50585800132
2020-03-21,5766.8,5925.71,5511.98,5746.33,39480093757
2020-03-22,5746.79,5908.58,5449.43,5452.09,37498720286
2020-03-23,5453.14,5995.93,5412.4,5960.81,43191361899
2020-03-24,5979.69,6254.94,5937.92,6236.6,44654694830
2020-03-25,6240.22,6359.29,6042.19,6135.97,40952090166
2020-03-26,6130.56,6168.28,6032.17,6079.74,31971551465
2020-03-27,6082.4,6139.85,5790.93,5793.7,30971403337
2020-03-28,5791.43,5791.65,5478.52,5589.1,31235359141
2020-03-29,5592.18,5596.51,5322.31,5315.3,25466664426
2020-03-30,5318.44,5899.18,5305.33,5830.16,33641328894
2020-03-31,5830.85,5905.56,5820.58,5839.28,29734409217
2020-04-01,5838.08,6037.45,5677.55,6032.15,36837295841
2020-04-02,6032.15,6542.12,6024.1,6264.63,43949502253
2020-04-03,6268.11,6489.86,6186.55,6232.12,36074898995
2020-04-04,6236.74,6366.46,6197.58,6355.88,30713566062
2020-04-05,6351.27,6370.59,6215.58,6284.36,27308284052
2020-04-06,6281.51,6732.45,6276.03,6732.45,43418654993
2020-04-07,6734.17,6825.35,6550.85,6586.58,40607110827
2020-04-08,6589.22,6776.64,6579.02,6752.57,34584821929
2020-04-09,6756.13,6754.48,6607.08,6683.56,31866087998
2020-04-10,6685.14,6685.14,6213.72,6277.59,39887373495
2020-04-11,6279.37,6333.56,6209.06,6272.31,28551130160
2020-04-12,6271.38,6502.38,6228.41,6377.3,32713603421
2020-04-13,6372.29,6372.29,6111.88,6267.41,35360341049
2020-04-14,6265.8,6342.72,6223.81,6229.05,31052638302
2020-04-15,6231.9,6313.77,6083.4,6091.08,29609672748
2020-04-16,6089.56,6570.78,6018.86,6554.14,43084465668
2020-04-17,6553.9,6591.42,6476.9,6526.13,29901522712
2020-04-18,6522.55,6685.02,6519.75,6673.71,29836487608
2020-04-19,6676.71,6694.73,6590.39,6616.67,28816740031
2020-04-20,6614.32,6662.61,6296.37,6334.22,34742821138
2020-04-21,6332.22,6397.98,6308.22,6337.51,30018639034
2020-04-22,6336.7,6609.26,6326.29,6585.74,30766306550
2020-04-23,6589.53,6947.14,6568.14,6895.33,40371945047
2020-04-24,6899.47,6998.85,6899.47,6977.33,32005501113
2020-04-25,6976.94,7061.93,6950.32,6994.92,30439269017
2020-04-26,6995.1,7116.67,6987.04,7097.45,30562213185
2020-04-27,7097.03,7201.93,7097.03,7201.93,33408252755
2020-04-28,7203.2,7215.64,7139.68,7206.94,30636834630
2020-04-29,7206.62,8159.06,7176.48,8091.74,55349329003
2020-04-30,8088.65,8689.92,7796.78,7911.76,61188997208
2020-05-01,7924.76,8241.46,7920.18,7990.96,39724524727
2020-05-02,7994.83,8118.61,7942.11,8101.85,36175050971
2020-05-03,8097.36,8263.36,7959.78,8119.24,42981980432
2020-05-04,8117.67,8215.24,7906.0,8173.67,41928068001
2020-05-05,8173.83,8307.13,8174.76,8307.33,39814035765
2020-05-06,8311.36,8716.58,8270.38,8582.73,45717626720
2020-05-07,8576.38,9224.35,8460.98,9183.6,56396877911
2020-05-08,9169.43,9215.41,9013.82,8973.58,47208611551
2020-05-09,8971.97,9036.84,8733.1,8745.18,42446696439
2020-05-10,8742.7,8746.72,7652.44,8078.63,58423522765
2020-05-11,8077.8,8345.57,7748.86,7958.57,52848550000
2020-05-12,7966.52,8247.33,7927.35,8117.51,38854531998
2020-05-13,8118.35,8614.5,8118.35,8566.41,42100372008
2020-05-14,8567.65,9062.76,8559.25,9006.84,52213115456
2020-05-15,9007.36,9028.79,8560.07,8619.98,44502489737
2020-05-16,8624.64,8838.07,8557.6,8665.09,33419065012
2020-05-17,8663.17,9077.22,8639.71,8938.74,37050193562
2020-05-18,8943.32,9152.53,8853.36,8911.89,38323740485
2020-05-19,8912.33,8974.27,8741.92,8904.07,35925760777
2020-05-20,8900.68,8961.73,8604.09,8673.23,33285145641
2020-05-21,8673.01,8706.74,8095.67,8294.29,35916228479
2020-05-22,8292.99,8476.7,8241.58,8424.0,27348075873
2020-05-23,8426.28,8534.01,8364.85,8448.5,25437240006
2020-05-24,8451.25,8517.57,8057.48,8058.64,29811873075
2020-05-25,8054.73,8213.68,7998.6,8170.75,28702097202
2020-05-26,8173.18,8218.97,7980.67,8047.23,26946164997
2020-05-27,8049.35,8374.55,8047.25,8334.07,29720222373
2020-05-28,8337.63,8619.31,8314.09,8599.19,31024222280
2020-05-29,8601.54,8648.13,8423.85,8499.88,29623261678
2020-05-30,8499.7,8738.43,8434.69,8735.17,29466875500
2020-05-31,8734.9,8735.11,8485.77,8510.14,24981824664
2020-06-01,8512.43,9164.19,8491.76,9138.79,31638321032
2020-06-02,9134.93,9100.95,8455.83,8519.6,34988507699
2020-06-03,8523.13,8618.75,8451.13,8595.48,22259239519
2020-06-04,8594.71,8703.95,8504.43,8642.15,22857718103
2020-06-05,8641.78,8708.0,8543.14,8560.42,20821655255
2020-06-06,8559.87,8655.57,8494.02,8549.51,18100713709
2020-06-07,8548.91,8637.68,8376.35,8621.27,22099248070
2020-06-08,8622.34,8662.68,8568.84,8644.08,19007316133
2020-06-09,8646.62,8697.05,8576.72,8643.34,20927699476
2020-06-10,8641.95,8702.98,8560.64,8683.82,22616920947
2020-06-11,8683.8,8726.69,8203.43,8257.71,26794462264
2020-06-12,8256.74,8443.11,8227.25,8422.06,20085507113
2020-06-13,8421.96,8434.36,8348.0,8418.42,15605232933
2020-06-14,8420.45,8424.64,8315.4,8342.95,16879795089
2020-06-15,8342.28,8392.44,7994.82,8335.82,23549993996
2020-06-16,8338.97,8451.57,8295.81,8466.18,19142088399
2020-06-17,8462.42,8468.88,8298.71,8432.17,17946983341
2020-06-18,8433.34,8434.42,8325.03,8397.58,15855107778
2020-06-19,8396.2,8391.54,8295.8,8308.08,17560905776
2020-06-20,8310.71,8405.36,8273.32,8349.33,15326113093
2020-06-21,8348.06,8410.85,8321.42,8324.28,13711188606
2020-06-22,8321.85,8573.33,8319.25,8554.97,18711722307
2020-06-23,8550.85,8541.97,8488.79,8512.66,15033755038
2020-06-24,8514.86,8550.43,8230.86,8278.5,16854310951
2020-06-25,8278.96,8327.91,8088.62,8257.8,16592633069
2020-06-26,8254.4,8299.86,8128.23,8167.83,16349600988
2020-06-27,8172.21,8208.04,8021.2,8063.25,15397597964
2020-06-28,8065.99,8198.89,8000.97,8146.46,12972978682
2020-06-29,8143.29,8216.88,8025.1,8171.96,14635730829
2020-06-30,8167.27,8195.13,8099.94,8133.87,14006669609
2020-07-01,8140.98,8272.47,8105.67,8201.65,14194667464
2020-07-02,8204.15,8234.09,8047.01,8118.01,14538368165
2020-07-03,8119.29,8186.87,8054.17,8079.52,11628513115
2020-07-04,8076.79,8166.56,8051.25,8121.38,10929770360
2020-07-05,8115.69,8147.78,7983.57,8067.41,11472082913
2020-07-06,8066.44,8287.68,8044.43,8287.68,15813643594
2020-07-07,8264.42,8266.57,8151.43,8205.98,12274595481
2020-07-08,8206.64,8338.98,8201.99,8316.37,17378683261
2020-07-09,8316.07,8318.79,8183.17,8218.99,15946120339
2020-07-10,8214.91,8218.57,8091.98,8210.9,14919597247
2020-07-11,8209.75,8223.93,8140.71,8177.3,11725587747
2020-07-12,8177.93,8247.28,8138.44,8201.41,12777419876
2020-07-13,8202.03,8185.57,8131.18,8146.83,15441041914
2020-07-14,8142.5,8148.43,8065.89,8101.29,15850776553
2020-07-15,8100.13,8127.09,8041.76,8051.53,13877576461
2020-07-16,8050.78,8074.87,7983.5,8017.41,13795684937
2020-07-17,8017.05,8037.27,7983.0,8007.91,12202168745
2020-07-18,8007.73,8076.46,7962.58,8013.51,10720156356
2020-07-19,8012.6,8041.34,7959.78,8026.4,11305867731
2020-07-20,8027.63,8071.01,8001.91,7998.32,12005561164
2020-07-21,7996.82,8224.92,7984.59,8126.14,15662695569
2020-07-22,8126.31,8240.64,8088.96,8235.91,14294267008
2020-07-23,8237.44,8268.3,8189.39,8262.81,15649635963
2020-07-24,8266.64,8256.09,8162.23,8181.61,14200470971
2020-07-25,8183.84,8325.77,8176.2,8302.23,14250178495
2020-07-26,8304.91,8599.67,8281.41,8499.58,17597831907
2020-07-27,8499.63,9667.13,8474.47,9340.19,30049174878
2020-07-28,9362.78,9525.13,9062.56,9311.41,24545174828
2020-07-29,9311.52,9586.69,9262.45,9420.31,20891207415
2020-07-30,9419.77,9427.95,9250.88,9356.71,19247997028
2020-07-31,9355.86,9680.95,9239.57,9613.43,19662845104
2020-08-01,9612.67,10013.56,9542.3,9983.69,22137800801
2020-08-02,9982.99,10216.78,9354.21,9382.73,23266706737
2020-08-03,9374.37,9747.13,9346.39,9563.89,17239065112
2020-08-04,9563.77,9685.98,9456.19,9484.98,17986761782
2020-08-05,9483.23,9932.81,9450.5,9894.44,20561428762
2020-08-06,9896.83,10020.49,9767.31,9919.75,19705763440
2020-08-07,9919.01,10042.12,9681.8,9841.05,19622192580
2020-08-08,9843.67,10009.51,9804.54,9970.48,14905656209
2020-08-09,9956.29,10014.59,9796.36,9910.37,14845179978
2020-08-10,9898.92,10211.64,9898.92,10118.96,22246612498
2020-08-11,10121.98,10164.69,9536.24,9722.77,23040274310
2020-08-12,9717.72,9951.8,9591.95,9823.36,21253308437
2020-08-13,9826.31,9983.1,9482.16,9972.73,23291597079
2020-08-14,9963.01,10264.14,9878.44,9937.87,20467016992
2020-08-15,9937.72,10102.0,9937.72,10019.67,19721435327
2020-08-16,10020.5,10078.1,9911.15,10034.04,17366337985
2020-08-17,10036.45,10413.77,9950.07,10319.69,23771128027
2020-08-18,10317.58,10376.33,10017.7,10034.48,21793441694
2020-08-19,10034.19,10067.1,9865.1,9927.8,20688345267
2020-08-20,9930.52,10032.44,9889.34,10006.64,16996129038
2020-08-21,10006.35,10022.75,9804.57,9827.89,20145333276
2020-08-22,9821.95,9910.48,9706.49,9904.05,17146413200
2020-08-23,9902.25,9935.14,9800.7,9887.04,15665266934
2020-08-24,9886.06,9968.53,9851.92,9983.13,17534881786
2020-08-25,9982.27,9975.78,9462.13,9603.43,22222566566
2020-08-26,9604.07,9742.26,9549.89,9703.13,18975454178
2020-08-27,9700.8,9760.99,9459.44,9581.08,19664435649
2020-08-28,9582.68,9698.09,9576.79,9695.47,16637591031
2020-08-29,9694.25,9730.51,9630.28,9664.35,14685751389
2020-08-30,9665.9,9837.16,9652.19,9824.92,16577008454
2020-08-31,9826.43,9854.66,9737.91,9785.02,18668922095
2020-09-01,9783.76,10126.69,9714.03,10038.56,22903743426
2020-09-02,10033.82,10033.82,9539.77,9634.13,23665252317
2020-09-03,9628.35,9667.35,8598.75,8653.38,26966403654
2020-09-04,8640.77,9002.08,8653.53,8879.72,25312654337
2020-09-05,8880.32,8938.64,8402.32,8590.61,37942684615
2020-09-06,8588.62,8743.84,8495.42,8686.39,31323567346
2020-09-07,8686.94,8797.56,8388.91,8773.69,28516191564
2020-09-08,8773.47,8856.17,8436.02,8610.19,28411006256
2020-09-09,8612.43,8766.63,8503.7,8677.38,20441634392
2020-09-10,8677.36,8825.03,8673.81,8763.07,46006088379
2020-09-11,8768.05,8815.47,8569.25,8779.7,38155532521
2020-09-12,8787.26,8929.17,8687.39,8813.82,31019270266
2020-09-13,8822.45,8927.8,8631.18,8719.93,30835403688
2020-09-14,8724.13,9090.84,8672.97,8999.89,29873897214
2020-09-15,8997.29,9204.64,8967.03,9114.81,27444544334
2020-09-16,9115.49,9379.52,9045.49,9298.4,26069624864
2020-09-17,9297.0,9372.16,9132.95,9239.69,32195740623
2020-09-18,9242.08,9305.06,9133.58,9243.47,22247581787
2020-09-19,9234.32,9404.03,9214.44,9370.46,19227010932
2020-09-20,9371.75,9371.75,9134.08,9233.06,20849016226
2020-09-21,9230.24,9257.6,8845.0,8892.47,24551007302
2020-09-22,8890.23,9027.47,8853.25,9001.32,20176313835
2020-09-23,8998.79,9002.98,8744.9,8789.76,20407270103
2020-09-24,8791.99,9228.47,8771.15,9217.4,40385291012
2020-09-25,9218.29,9237.67,9106.21,9193.33,33830934790
2020-09-26,9195.79,9261.91,9171.02,9242.76,40280709152
2020-09-27,9239.47,9286.02,9132.89,9261.52,46195523573
2020-09-28,9262.67,9380.1,9166.19,9171.62,40903141699
2020-09-29,9171.62,9246.21,9074.42,9235.92,39672270725
2020-09-30,9235.27,9233.04,9117.7,9199.65,37679869394
2020-10-01,9208.83,9313.15,8916.87,9042.52,34079898801
2020-10-02,9042.83,9097.87,8894.07,9026.14,41530458476
2020-10-03,9025.39,9045.74,8970.8,9003.4,38115621388
2020-10-04,9004.35,9122.3,8990.65,9103.89,60796006231
2020-10-05,9109.81,9155.38,9068.79,9155.23,40322799794
2020-10-06,9157.75,9157.86,8972.22,9034.87,36315047412
2020-10-07,9033.97,9076.77,9007.76,9067.82,32126704711
2020-10-08,9068.17,9312.35,8979.19,9276.58,53807381556
2020-10-09,9286.97,9395.48,9212.5,9353.44,19273439266
2020-10-10,9348.95,9671.51,9345.86,9548.23,19337565645
2020-10-11,9547.99,9660.18,9541.69,9634.76,16900028171
2020-10-12,9641.92,9902.96,9523.67,9781.95,22148561596
2020-10-13,9776.33,9784.25,9639.18,9730.67,20644793452
2020-10-14,9733.35,9808.74,9625.68,9731.63,20522814473
2020-10-15,9729.16,9885.98,9654.08,9819.47,20917288325
2020-10-16,9825.85,9856.47,9583.98,9663.43,21879882839
2020-10-17,9663.43,9719.39,9633.25,9695.36,16329869109
2020-10-18,9693.55,9800.71,9686.37,9800.71,15604278573
2020-10-19,9810.68,10009.77,9745.42,9977.56,20275212031
2020-10-20,9980.91,10141.07,9923.71,10073.86,26135679089
2020-10-21,10071.1,11117.05,10060.01,10820.05,36631380852
2020-10-22,10801.44,11132.67,10736.34,10973.16,29392142845
2020-10-23,10977.95,10989.45,10769.78,10901.2,24425701103
2020-10-24,10901.23,11081.2,10862.59,11050.0,20689002227
2020-10-25,11050.01,11236.41,10883.09,10998.77,20600295208
2020-10-26,10998.79,11197.13,10850.93,11072.26,24948286976
2020-10-27,11072.26,11680.98,11059.92,11589.13,28645479084
2020-10-28,11589.12,11747.32,11027.51,11295.67,30527966335
2020-10-29,11295.68,11680.39,11082.62,11506.93,48380804004
2020-10-30,11506.92,11721.34,11254.02,11602.6,26193042074
2020-10-31,11602.61,12013.03,11524.33,11801.33,25952880449
2020-11-01,11801.33,11870.72,11670.63,11800.0,21005546036
2020-11-02,11799.93,11864.22,11373.82,11640.82,26434834249
2020-11-03,11640.79,11894.55,11439.03,11860.73,25395821174
2020-11-04,11860.89,12135.49,11646.15,12045.61,29928308319
2020-11-05,12045.63,13285.18,12017.63,13184.15,34573885747
2020-11-06,13184.05,13478.12,12818.15,13109.1,33550195535
2020-11-07,13109.1,13253.01,12146.51,12492.26,29496299788
2020-11-08,12492.26,13168.99,12416.77,13016.1,22393766713
2020-11-09,13016.13,13296.1,12587.06,12967.12,28881204700
2020-11-10,12967.15,13050.8,12797.62,12938.2,21639901436
2020-11-11,12938.2,13515.28,12935.48,13329.26,25274513391
2020-11-12,13329.23,13812.29,13192.21,13789.07,28953189833
2020-11-13,13789.16,13947.0,13527.68,13786.82,26698221339
2020-11-14,13786.82,13786.82,13306.4,13575.87,23219132003
2020-11-15,13575.88,13622.79,13339.96,13469.74,19968642321
2020-11-16,13469.73,14190.86,13412.81,14095.13,26583558821
2020-11-17,14069.47,14987.18,13968.5,14873.7,32879731316
2020-11-18,14873.52,15496.17,14623.43,15030.3,41420945978
2020-11-19,15030.18,15315.51,14693.53,15015.78,31170043042
2020-11-20,15015.77,15827.93,14960.79,15705.18,31199715895
2020-11-21,15705.18,15971.32,15556.14,15723.03,33441344562
2020-11-22,15723.03,15762.44,14904.21,15481.65,34789828992
2020-11-23,15481.66,15743.48,15161.26,15506.96,36091279091
2020-11-24,15507.71,16289.39,15296.53,16059.73,43259912042
2020-11-25,16057.16,16295.06,15591.44,15719.42,36680376885
2020-11-26,15717.5,15819.38,13723.83,14399.1,51546757189
2020-11-27,14401.86,14641.57,13834.2,14301.1,32505648625
2020-11-28,14304.89,14923.36,14134.9,14809.24,27249840706
2020-11-29,14811.1,15285.9,14676.93,15184.6,26007813836
2020-11-30,15185.3,16459.79,15185.3,16440.38,39981718474
2020-12-01,16447.03,16590.44,15309.74,15576.63,41117118481
2020-12-02,15575.59,16020.18,15189.18,15850.04,30862646683
2020-12-03,15854.03,16097.24,15613.41,16010.78,26290497372
2020-12-04,16012.07,16057.57,15422.85,15428.22,27946379895
2020-12-05,15427.08,15804.98,15334.59,15799.85,22471620121
2020-12-06,15799.8,15990.45,15588.4,15961.18,20869261997
2020-12-07,15959.53,16014.43,15618.17,15847.11,22209129479
2020-12-08,15847.02,15910.95,15088.91,15129.4,26171143440
2020-12-09,15129.19,15423.58,14784.54,15361.18,28497349693
2020-12-10,15360.67,15360.67,14796.41,15040.95,21037680214
2020-12-11,15040.07,15040.6,14539.37,14910.42,23051991178
2020-12-12,14904.16,15621.02,14899.8,15525.33,17960127102
2020-12-13,15527.9,16002.46,15468.1,15776.83,20975843592
2020-12-14,15778.57,15894.6,15687.14,15842.55,18499089133
2020-12-15,15842.78,16064.14,15704.24,15975.22,22001725458
2020-12-16,15976.66,17598.41,15883.25,17473.5,36412902508
2020-12-17,17471.65,19279.24,17411.84,18598.73,58212751049
2020-12-18,18600.06,18956.98,18302.8,18877.66,32951434485
2020-12-19,18873.5,19649.89,18622.45,19473.65,31399179663
2020-12-20,19467.07,19807.86,18884.53,19224.95,30989654705
2020-12-21,19222.62,19740.69,18191.22,18637.57,37476661160
2020-12-22,18630.18,19520.38,18375.62,19514.74,36244238107
2020-12-23,19513.87,19748.23,18707.34,19059.51,41943381847
2020-12-24,19058.57,19509.43,18649.07,19481.57,33717526503
2020-12-25,19479.61,20267.22,19244.27,20230.06,34504498273
2020-12-26,20240.09,21914.16,20113.51,21683.66,39642437312
2020-12-27,21685.57,23029.95,21265.8,21527.6,54473825899
2020-12-28,21534.58,22421.38,21485.55,22161.6,40139698737
2020-12-29,22159.15,22340.06,21230.69,22330.29,36941222301
2020-12-30,22328.38,23524.71,22328.38,23450.61,41701870950
2020-12-31,23451.11,23781.85,22979.41,23741.74,38275110384
2021-01-01,23735.42,24316.92,23649.96,24165.56,33508045052
2021-01-02,24167.45,27321.91,23972.97,26474.89,55925382232
2021-01-03,26476.66,28519.63,26413.13,26760.72,64216240796
2021-01-04,26784.33,27294.24,23363.98,26094.01,66241895056
2021-01-05,26098.19,28009.37,24633.17,27639.48,54923202611
2021-01-06,27656.71,29889.71,27254.72,29844.86,61019450973
2021-01-07,29852.57,32748.25,29653.54,32089.45,69085552572
2021-01-08,32098.19,34261.72,30048.32,33372.28,72071598504
2021-01-09,33364.95,33894.77,31886.2,32928.06,50702797264
2021-01-10,32927.79,33881.55,29440.86,31472.69,65626762864
2021-01-11,31464.55,31464.55,25108.53,29247.21,101409092304
2021-01-12,29205.85,30067.74,26899.25,27786.23,61246642389
2021-01-13,27779.81,30918.48,26690.49,30682.93,57033976442
2021-01-14,30690.12,32956.9,30354.29,32250.86,52355450869
2021-01-15,32225.66,32558.05,28660.19,30485.84,56095675651
2021-01-16,30482.77,31345.98,29509.46,29950.04,47772009926
2021-01-17,29938.04,30384.22,28204.25,29661.73,43392810402
2021-01-18,29662.53,30927.67,28899.03,30328.93,40994649866
2021-01-19,30339.0,31129.62,29713.66,29713.66,47156737845
2021-01-20,29697.43,29955.81,27749.53,29342.68,55168197409
2021-01-21,29344.04,29349.66,24863.67,25338.51,62178072138
2021-01-22,25331.87,27783.74,23802.71,27116.15,63430252390
2021-01-23,27099.71,27402.34,25868.13,26340.01,39718049871
2021-01-24,26337.33,27059.85,25550.69,26538.09,39979537424
2021-01-25,26535.15,28648.33,26428.95,26654.6,49326841880
2021-01-26,26648.19,26962.83,25522.39,26775.67,49535981991
2021-01-27,26770.89,26770.89,24326.74,25144.74,51703736731
2021-01-28,25151.76,27928.43,24827.54,27609.6,63126808142
2021-01-29,28312.97,31619.61,26499.84,28272.55,97130862506
2021-01-30,28255.7,28700.07,27139.19,28234.42,53669896754
2021-01-31,28235.54,28249.92,26587.17,27316.1,43517327759
2021-02-01,27316.28,28640.81,26701.19,27790.58,50879442007
2021-02-02,27787.29,29868.9,27758.38,29501.52,52413239715
2021-02-03,29501.96,31129.62,29442.22,31119.45,50797207476
2021-02-04,31121.95,32148.94,30341.82,30859.55,57528804826
2021-02-05,30864.14,31829.68,30629.39,31658.25,48634051191
2021-02-06,31653.34,33900.22,31653.34,32588.47,59196399696
2021-02-07,32575.34,32883.79,31078.1,32288.65,54363501629
2021-02-08,32274.86,38335.86,31629.58,38329.67,84188369335
2021-02-09,38320.15,39742.19,37317.62,38362.3,75773512740
2021-02-10,38352.93,38880.1,36177.2,37065.05,72038065748
2021-02-11,37048.98,39940.25,36473.29,39494.44,67093600562
2021-02-12,39467.82,40177.79,38387.75,39194.92,63163420949
2021-02-13,39183.66,39641.74,38275.91,38864.36,57960068600
2021-02-14,38871.78,40829.73,38871.78,40194.05,58783505751
2021-02-15,40176.93,40319.02,38210.53,39518.81,63525021825
2021-02-16,39518.32,41385.67,38881.41,40700.74,63739498591
2021-02-17,40706.87,43628.31,40604.15,43293.17,67095762025
2021-02-18,43286.5,43561.96,42287.22,42739.45,43049516673
2021-02-19,42736.29,46308.13,42149.53,46119.0,52396611048
2021-02-20,46118.34,47453.43,45077.95,46293.44,56233769904
2021-02-21,46267.89,48134.5,45941.15,47456.13,42802585284
2021-02-22,47450.18,47461.77,40337.86,44563.24,75675282178
2021-02-23,44561.28,44561.28,37269.81,40181.33,87319805134
2021-02-24,40190.11,42211.42,38837.59,40844.41,52340584486
2021-02-25,40847.49,42492.49,38735.16,38735.16,44832195559
2021-02-26,38806.4,40021.41,36636.48,38385.91,290727102068
2021-02-27,38390.06,39970.89,37498.87,38260.48,38030607901
2021-02-28,38265.09,38697.84,35819.45,37332.5,44202316989
2021-03-01,37350.48,41319.69,37313.16,41192.19,44727892898
2021-03-02,41176.31,41606.48,39066.09,40032.7,39330914776
2021-03-03,40063.17,43555.67,39945.79,41952.8,44179660436
2021-03-04,41939.57,42899.51,39813.22,40578.54,43739383062
2021-03-05,40550.01,41470.57,38919.18,41076.53,40823509587
2021-03-06,41052.96,41244.39,39658.56,41047.32,28837937827
2021-03-07,41052.61,43084.97,41052.61,42935.99,36170069489
2021-03-08,42908.68,44139.58,41620.09,44086.5,41007335943
2021-03-09,44108.82,46082.25,43888.0,46082.25,42794119992
2021-03-10,46082.16,48033.21,44874.66,46969.33,48048644343
2021-03-11,46931.28,48472.58,45614.77,48247.39,47385377215
2021-03-12,48260.83,48397.08,46400.93,47962.94,46589149629
2021-03-13,47972.38,51604.29,47031.56,51235.54,50755954934
2021-03-14,51217.17,51532.39,49624.3,49624.3,36736633354
2021-03-15,49595.1,50651.14,46427.17,46876.45,55690582652
2021-03-16,46820.77,47739.87,44903.38,47727.08,50201362534
2021-03-17,47744.66,49206.13,45834.09,49129.88,50287731657
2021-03-18,49148.39,50395.45,45520.6,48546.07,46773269733
2021-03-19,48538.95,49977.86,47535.96,48839.94,41069651510
2021-03-20,48827.89,50250.09,48728.31,48812.31,42156042545
2021-03-21,48809.19,49192.55,46872.5,48405.21,43709708070
2021-03-22,48400.56,49095.93,45497.93,45699.41,47369105335
2021-03-23,45684.75,47231.16,44838.55,46230.27,47662707362
2021-03-24,46206.23,48454.45,44467.14,44675.63,59738118759
2021-03-25,44635.41,45187.79,43093.26,43907.33,57745645064
2021-03-26,43889.37,46749.44,43801.77,46749.44,48033869056
2021-03-27,46749.66,47962.66,45991.1,47458.43,40076024963
2021-03-28,47459.64,47875.45,46699.7,47471.8,40460013386
2021-03-29,47469.39,49509.45,46820.03,49071.79,48965901937
2021-03-30,49071.73,50642.14,48656.43,50257.09,46415513387
2021-03-31,50267.82,51103.47,49192.61,50240.56,55870132689
2021-04-01,50247.15,50761.32,49843.75,50172.64,52357428406
2021-04-02,50175.24,51184.92,50011.34,50497.27,49939060095
2021-04-03,50508.41,51117.23,48985.83,48985.83,50718462577
2021-04-04,48986.64,50099.72,48610.75,49933.2,43127215841
2021-04-05,49935.17,50707.93,49086.76,49976.84,51371772183
2021-04-06,50073.36,50336.08,48681.75,49008.61,55632948185
2021-04-07,49003.69,49448.04,46868.35,47210.02,63716039208
2021-04-08,47252.96,48956.29,47064.21,48948.38,44525448347
2021-04-09,48950.57,49553.62,48623.29,48942.11,39203438637
2021-04-10,48949.48,51489.55,48768.77,50242.22,48935806674
2021-04-11,50286.75,51080.24,49820.03,50609.2,38903874523
2021-04-12,50584.8,51569.79,50031.36,50273.61,43504171884
2021-04-13,50270.72,53385.5,50268.01,53123.63,58544448796
2021-04-14,53140.61,54238.39,51406.69,52664.09,64632348372
2021-04-15,52635.3,53314.9,51988.96,52896.39,50925008589
2021-04-16,52850.02,53170.59,50238.84,51386.25,70347656605
2021-04-17,51350.47,52222.05,50376.92,50646.05,55198680900
2021-04-18,50661.13,50957.88,44089.47,46968.79,81435535596
2021-04-19,46948.24,47856.8,45194.27,46276.83,54266362065
2021-04-20,46241.56,47416.25,44285.18,46933.72,56388351851
2021-04-21,46932.14,47150.95,44614.33,44784.21,45632040957
2021-04-22,44743.52,45998.47,42088.26,43083.34,62257219154
2021-04-23,43064.64,43369.87,39590.52,42231.41,71635900305
2021-04-24,42272.38,42292.5,40344.45,41374.1,40517390980
2021-04-25,41375.72,41750.35,38988.3,40534.26,38146139981
2021-04-26,40595.09,44895.04,40397.45,44721.86,48250384085
2021-04-27,44728.93,45835.48,44169.45,45522.52,40902778693
2021-04-28,45525.43,46368.16,44676.16,45178.68,39555208147
2021-04-29,45206.2,45418.05,43228.15,44170.97,38013043148
2021-04-30,44182.15,48172.3,43821.45,48047.05,43592419889
2021-05-01,48017.5,48626.09,47464.64,48110.05,35637765742
2021-05-02,48108.23,48172.06,46707.26,47088.57,31744398004
2021-05-03,47079.59,48963.95,47073.02,47432.77,42882603410
2021-05-04,47444.29,47444.29,44272.71,44387.26,57063525891
2021-05-05,44319.54,48266.92,44082.38,47823.06,57664584035
2021-05-06,47837.46,48438.11,45928.21,46742.56,57622289161
2021-05-07,46757.01,48207.12,45848.59,47155.51,56262963885
2021-05-08,47152.52,48888.77,46842.11,48345.46,53754552145
2021-05-09,48405.98,48680.17,46436.62,47846.52,54152166217
2021-05-10,47861.77,48969.01,44531.68,46010.48,59120762102
2021-05-11,46000.14,46813.1,44963.07,46692.53,50483479328
2021-05-12,46700.73,47802.06,40695.51,40695.51,62276624480
2021-05-13,41179.79,42440.09,38911.72,41166.7,80088403142
2021-05-14,41139.2,42387.12,40433.86,41072.78,45895537365
2021-05-15,41052.16,41692.8,38419.66,38498.74,48708651090
2021-05-16,38462.88,40935.66,36193.97,38235.89,52714920923
2021-05-17,38202.84,38381.21,34720.69,35814.09,61615957700
2021-05-18,35773.41,37621.7,34661.67,35106.8,45970310804
2021-05-19,35135.9,35623.29,25122.69,30403.2,103822637268
2021-05-20,30198.8,34775.45,28776.1,33359.14,72212157773
2021-05-21,33207.17,34471.41,27599.71,30627.82,67365854372
2021-05-22,30682.29,31880.99,29050.64,30818.25,47107774121
2021-05-23,30813.99,31436.14,25635.58,28545.54,64420763233
2021-05-24,28487.89,32608.73,28367.06,31689.2,55148369255
2021-05-25,31762.73,32553.68,29847.7,31356.95,45899277730
2021-05-26,31349.11,33317.41,30937.23,32229.53,42115156993
2021-05-27,32248.14,33136.61,30561.31,31524.04,35439432785
2021-05-28,31581.54,31880.82,28524.93,29278.32,45273872634
2021-05-29,29267.29,30538.73,27634.85,28391.16,37097255900
2021-05-30,28384.06,29854.85,27492.8,29269.52,25961716928
2021-05-31,29253.49,30627.6,28073.39,30519.31,31890238366
2021-06-01,30487.38,30987.25,29266.43,30026.79,28352541166
2021-06-02,30039.07,31297.4,29425.51,30775.01,27085867000
2021-06-03,30794.86,32362.99,30512.01,32321.55,29231892311
2021-06-04,32349.35,32349.35,29476.16,30322.7,34380052740
2021-06-05,30310.99,31165.55,28685.56,29221.08,29556026133
2021-06-06,29210.11,29948.04,29023.33,29474.39,23763233981
2021-06-07,29452.11,30251.6,27464.54,27526.49,27627564851
2021-06-08,27550.13,27898.21,25546.29,27497.93,40994783948
2021-06-09,27452.21,30822.65,26666.55,30664.53,44317811472
2021-06-10,30700.98,31523.43,29443.96,30150.49,35796883045
2021-06-11,30145.91,30952.9,29583.45,30832.05,31959597293
2021-06-12,30836.8,30893.6,28679.75,29360.51,31319155285
2021-06-13,29363.22,32476.57,28792.0,32286.51,33584024683
2021-06-14,32219.71,33787.61,32036.11,33178.52,35595999202
2021-06-15,33350.68,34060.75,32670.29,33325.59,38285621503
2021-06-16,33129.65,33403.49,31836.45,31969.33,32690112796
2021-06-17,31964.63,33063.34,31455.69,31943.06,31139872254
2021-06-18,31981.65,32063.86,29697.77,30165.86,30514524304
2021-06-19,30222.57,30728.86,29443.71,30019.23,26303398991
2021-06-20,29974.78,30407.74,28178.59,30071.78,30885305655
2021-06-21,30023.64,30090.09,26268.65,26591.06,44330653066
2021-06-22,26545.47,27878.63,24278.27,27232.4,49398801919
2021-06-23,27240.82,29078.56,26618.44,28266.58,38822908066
2021-06-24,28232.86,29537.81,27162.22,29059.7,27769406264
2021-06-25,29056.91,29710.1,26262.51,26502.84,33701267547
2021-06-26,26466.72,27343.61,25288.42,26965.5,32326643063
2021-06-27,27050.33,29021.04,26869.56,29013.74,29735530456
2021-06-28,29038.42,29497.72,28473.47,28866.3,28412102661
2021-06-29,28900.86,30720.15,28753.52,30139.98,31848900087
2021-06-30,30174.11,30306.33,28768.81,29555.05,28726957762
2021-07-01,29550.96,29550.96,27761.31,28341.41,31943458371
2021-07-02,28322.4,28654.99,27679.82,28569.31,32641787035
2021-07-03,28533.39,29422.43,28152.66,29219.55,20551434327
2021-07-04,29217.04,30280.46,28990.25,29764.08,21022831221
2021-07-05,29761.18,29761.18,27983.94,28444.03,22523224003
2021-07-06,28425.07,29579.67,28427.51,28957.7,22415984656
2021-07-07,28949.65,29601.76,28694.3,28707.89,21025989867
2021-07-08,28736.96,28757.3,27150.16,27752.71,25248203553
2021-07-09,27739.46,28662.38,27293.29,28454.88,23098660464
2021-07-10,28466.02,28802.8,27882.49,28223.07,19341490472
2021-07-11,28213.44,29119.49,28076.75,28840.89,16937803944
2021-07-12,28852.54,29151.09,27565.92,27948.56,20501686427
2021-07-13,27922.95,28141.9,27391.37,27772.2,16238387526
2021-07-14,27790.73,27938.83,26849.88,27737.48,18064857618
2021-07-15,27742.15,28025.53,26415.4,26906.46,18033620233
2021-07-16,26957.95,27281.77,26353.81,26616.24,20075115913
2021-07-17,26595.72,27051.98,26448.91,26710.71,16005403695
2021-07-18,26711.41,27444.22,26441.71,26917.81,15905101628
2021-07-19,26920.52,27015.61,25876.18,26134.54,17329375882
2021-07-20,26151.88,26284.1,24936.05,25299.85,19647763124
2021-07-21,25290.46,27762.08,25073.49,27227.46,23914049599
2021-07-22,27251.35,27691.8,26923.95,27447.95,16610936345
2021-07-23,27441.88,28527.83,27234.62,28527.83,19158166209
2021-07-24,28538.18,29300.42,28395.22,29132.26,18404688435
2021-07-25,29130.43,30039.04,28783.43,30026.52,17715710196
2021-07-26,30055.27,34319.39,29977.7,31628.85,43221149247
2021-07-27,31576.75,33336.07,30871.86,33336.07,29690410041
2021-07-28,33417.48,34560.6,32899.85,33764.22,32672260425
2021-07-29,33763.84,34189.92,33224.75,33643.08,22844853094
2021-07-30,33659.11,35590.08,32259.81,35590.08,27869012071
2021-07-31,35557.01,35586.63,34642.99,35077.27,21743361094
2021-08-01,34937.93,35848.73,33328.82,33690.84,22493015644
2021-08-02,33633.84,34015.57,32636.47,33015.02,21555769455
2021-08-03,32995.19,33479.62,31847.32,32145.03,22065717849
2021-08-04,32195.88,33745.91,31719.17,33576.19,21433142518
2021-08-05,33573.66,34938.07,31643.25,34536.41,29732758610
2021-08-06,34533.29,36792.51,33779.55,36399.93,32497785843
2021-08-07,36413.79,37992.55,36231.66,37878.58,34031757079
2021-08-08,37894.43,38496.25,36834.03,37281.75,30901481683
2021-08-09,37276.48,39556.04,36458.36,39501.93,33000273327
2021-08-10,39429.89,39747.23,38138.31,38895.97,28623543705
2021-08-11,38908.5,39816.84,38689.54,38829.91,29228448871
2021-08-12,38815.64,39373.21,37358.15,37857.08,28735694964
2021-08-13,37866.8,40547.6,37739.47,40514.83,26909894509
2021-08-14,40529.55,40774.02,39145.52,39924.84,26458364542
2021-08-15,39924.6,40145.38,38638.55,39890.17,26274887098
2021-08-16,39867.24,40689.14,38807.21,39058.04,27827732126
2021-08-17,39000.28,40059.11,38036.66,38170.5,28567965431
2021-08-18,38163.16,39276.84,37875.08,38282.08,27509491838
2021-08-19,38231.4,40219.84,37677.21,40011.64,31863930903
2021-08-20,40016.39,42170.96,39941.08,42168.42,29662710164
2021-08-21,42158.07,42504.07,41303.06,41810.28,34697103726
2021-08-22,41779.18,42299.71,41207.09,42166.07,21690154270
2021-08-23,42140.44,43068.28,41784.33,42187.3,29209895615
2021-08-24,42201.1,42483.45,40572.2,40591.28,30087439475
2021-08-25,40609.26,41798.48,40132.56,41589.11,27731017546
2021-08-26,41624.66,41936.71,39431.36,39938.91,27793027038
2021-08-27,39898.36,41637.23,39487.52,41591.35,29258076943
2021-08-28,41603.15,41781.96,41117.07,41458.87,24219695246
2021-08-29,41466.37,42087.68,40630.96,41386.46,21943161406
2021-08-30,41390.71,41472.91,39799.18,39888.61,26996771542
2021-08-31,39862.63,40754.29,39624.82,39937.78,29407483737
2021-09-01,39881.12,41465.33,39451.47,41250.73,33052752888
2021-09-02,41217.64,42469.41,41072.39,41543.12,33273143710
2021-09-03,41509.88,42880.88,40727.29,42112.26,36371739714
2021-09-04,42098.75,42534.26,41695.45,42028.55,31532234752
2021-09-05,42022.86,43661.29,41686.88,43543.51,25512438561
2021-09-06,43556.63,44384.73,43032.13,44329.07,32749010156
2021-09-07,44351.76,44487.54,36544.4,39521.42,55055157929
2021-09-08,39535.46,39952.78,37696.31,38997.88,41465418833
2021-09-09,38729.96,39943.25,38623.81,39233.23,32705466036
2021-09-10,39237.66,39785.89,37539.69,38002.76,33151864661
2021-09-11,37990.84,38908.55,37934.32,38258.65,29200764051
2021-09-12,38263.03,39252.55,37910.78,38997.03,23604800758
2021-09-13,38991.9,39505.15,36921.59,38073.34,34692077878
2021-09-14,38070.78,39998.47,37895.51,39900.29,32749002832
2021-09-15,39904.96,40996.85,39622.34,40762.15,25793023914
2021-09-16,40747.39,41129.88,40008.63,40615.28,26999268519
2021-09-17,40604.78,40904.46,39936.25,40312.58,24500717915
2021-09-18,40317.7,41610.27,40158.86,41172.42,24369669132
2021-09-19,41164.31,41215.06,40012.7,40292.13,22991574653
2021-09-20,40293.14,40359.64,36324.09,36534.5,37443550043
2021-09-21,36678.13,37162.19,33926.78,34712.97,41543539579
2021-09-22,34699.55,37449.11,34668.09,37283.48,32633326863
2021-09-23,37271.32,38274.55,36877.67,38240.88,29168511933
2021-09-24,38240.2,38415.48,34920.03,36550.96,36550615442
2021-09-25,36551.93,36685.91,35631.03,36447.29,26966250911
2021-09-26,36451.59,37477.66,34853.34,36858.83,26155402187
2021-09-27,36880.71,37793.0,36074.26,36112.02,26488265626
2021-09-28,36082.23,36578.74,35026.08,35113.84,25855347638
2021-09-29,35139.88,36501.92,34946.44,35828.77,26379448455
2021-09-30,35817.48,38067.21,35731.65,37835.9,26906818025
2021-10-01,37858.23,41776.98,37424.38,41501.78,36959492526
2021-10-02,41519.48,41644.2,40939.89,41152.06,26405455522
2021-10-03,41124.93,42376.16,40674.05,41527.54,22950548222
2021-10-04,41535.25,42535.84,40473.24,42279.28,28738204927
2021-10-05,42332.71,44701.36,42237.53,44425.19,30936829914
2021-10-06,44400.92,48092.62,43739.54,47910.85,42435587147
2021-10-07,47891.1,47891.1,46308.52,46546.96,31842075157
2021-10-08,46543.64,48419.52,46490.47,46648.67,30081144601
2021-10-09,46615.77,47879.67,46447.53,47508.27,28081699148
2021-10-10,47494.95,48723.9,46899.84,47357.21,34176954639
2021-10-11,47324.82,50008.03,47119.63,49755.96,36904742451
2021-10-12,49792.35,49838.78,47242.48,48601.89,35630095368
2021-10-13,48599.46,49756.47,47064.28,49497.37,35944622965
2021-10-14,49473.0,50443.35,49136.93,49455.81,31591335859
2021-10-15,49476.84,54100.47,49035.86,53099.59,44639142500
2021-10-16,53113.02,53686.27,51903.15,52494.6,29527448010
2021-10-17,52490.7,53143.31,51034.91,53079.35,25035394378
2021-10-18,53075.2,54052.42,51725.23,53408.67,32768426725
2021-10-19,53423.38,55387.93,52881.78,55238.77,34788514253
2021-10-20,55258.2,57457.26,54619.56,56634.06,35004469846
2021-10-21,56642.13,57214.13,53432.03,53515.74,39492048235
2021-10-22,53539.59,54746.94,51720.34,52123.0,33007497760
2021-10-23,52125.03,53026.14,51379.5,52734.6,23091004859
2021-10-24,52712.89,52830.96,51231.19,52348.0,23468371588
2021-10-25,52316.29,54906.25,52119.69,54303.45,26759780838
2021-10-26,54297.37,54507.09,51741.36,52053.45,30077143516
2021-10-27,52043.28,52939.0,50162.48,50421.94,37639952956
2021-10-28,50411.88,53186.02,49810.28,51892.3,38739882231
2021-10-29,51894.65,54532.0,51632.07,53825.32,31880097022
2021-10-30,53835.18,53913.71,52692.57,53531.98,27815652165
2021-10-31,53498.82,53979.46,51994.21,53060.58,27898987362
2021-11-01,53061.87,53961.04,51686.6,52591.96,31165444999
2021-11-02,52556.48,55465.69,52312.25,54603.77,32598888626
2021-11-03,54627.9,54845.92,52820.17,54214.63,31101912716
2021-11-04,54190.31,54351.23,52647.95,53180.64,28225688676
2021-11-05,53187.43,54139.52,52592.56,52915.76,26494469926
2021-11-06,52866.59,53318.32,52083.06,53263.6,25187135416
2021-11-07,53287.36,54741.94,53181.37,54741.94,21374622401
2021-11-08,54756.7,58408.39,54756.7,58305.04,35488274443
2021-11-09,58290.29,59153.06,57269.13,57763.74,36534106723
2021-11-10,57747.79,59496.15,55065.33,56588.42,42427739382
2021-11-11,56574.2,57220.97,55921.49,56736.26,31343096595
2021-11-12,56661.15,57222.57,54445.74,56061.52,31532134995
2021-11-13,56063.42,56725.39,55316.83,56335.54,26629356281
2021-11-14,56323.17,57244.43,55581.09,57219.66,21957336627
2021-11-15,57267.25,57891.78,55891.99,55914.4,26883766644
2021-11-16,56058.09,56058.09,51952.14,53146.45,41382286062
2021-11-17,53127.34,53709.93,51727.15,53339.0,34616617571
2021-11-18,53332.04,53811.98,49726.47,50086.53,36405348273
2021-11-19,50046.06,51562.84,49053.82,51492.03,34289056107
2021-11-20,51488.04,53033.88,50916.28,52889.75,27132088068
2021-11-21,52919.26,53161.94,51934.44,52087.06,23168441582
2021-11-22,52066.11,52559.13,49562.8,50071.63,31166066807
2021-11-23,50085.21,51445.26,49416.91,51188.46,33331102310
2021-11-24,51185.6,51405.66,49940.4,50235.8,32700833644
2021-11-25,51025.74,52950.41,51002.73,51096.46,30585799415
2021-11-26,52600.24,52793.2,47323.1,47323.1,36935280493
2021-11-27,47470.33,48877.43,47410.2,48423.2,26997217218
2021-11-28,48421.39,50827.24,47329.26,50696.09,24898768129
2021-11-29,50734.56,52219.01,50321.47,51189.45,28665350260
2021-11-30,51210.3,51991.24,49508.78,50313.39,32399262570
2021-12-01,50227.37,52107.59,49983.93,50560.61,32562962375
2021-12-02,50549.6,50583.86,49311.75,49953.89,28639661363
2021-12-03,49981.62,50839.18,46423.78,47371.31,35166512180
2021-12-04,47485.88,47642.14,37893.53,43486.58,54256406273
2021-12-05,43487.3,43988.13,42299.38,43672.87,32906421504
2021-12-06,43712.35,45136.08,41835.87,44827.59,33417159033
2021-12-07,44826.88,46178.33,44523.5,44974.98,29873995242
2021-12-08,44946.21,45188.11,43256.89,44519.98,25104855062
2021-12-09,44471.75,44787.5,41934.92,42211.38,26212546684
2021-12-10,42184.83,44288.55,41545.86,41739.89,27358744220
2021-12-11,41758.73,43702.56,41473.99,43618.0,22776228252
2021-12-12,43611.23,44821.81,43055.43,44292.69,19396796672
2021-12-13,44307.2,44382.27,40644.06,41421.28,28507891159
2021-12-14,41396.77,43013.82,41143.71,41405.49,30769104303
2021-12-15,42975.2,43813.05,41480.97,43307.63,32364951353
2021-12-16,43310.95,43746.67,41949.87,42055.49,24058853189
2021-12-17,42045.17,42383.76,40375.59,41104.57,29272501838
2021-12-18,41119.79,42094.17,40567.48,41680.42,23219129040
2021-12-19,41684.95,42784.41,41372.75,41542.99,22372971358
2021-12-20,41543.04,42023.43,40365.48,41569.91,27454692665
2021-12-21,41575.06,43688.65,41408.41,43354.8,23969764820
2021-12-22,43355.23,43932.41,42874.91,42933.63,21584876672
2021-12-23,42931.71,45285.34,42421.75,44849.7,24925551041
2021-12-24,44868.7,45774.12,44604.05,44886.01,21521666976
2021-12-25,44914.91,45199.02,44368.91,44539.5,16807813795
2021-12-26,44538.47,45242.85,43757.65,44871.05,18514119911
2021-12-27,44864.95,45876.66,44609.06,44697.41,21469713513
2021-12-28,44732.22,44732.22,41924.26,42064.88,29549879026
2021-12-29,42095.84,42554.26,40696.17,40885.14,26452243764
2021-12-30,40925.54,42321.1,40583.38,41666.92,23569055197
2021-12-31,41659.19,42793.97,40254.16,40712.72,32507766322
2022-01-01,40717.38,42049.87,40696.93,41926.34,21613129995
2022-01-02,41921.17,42097.43,41196.71,41629.8,24577311974
2022-01-03,41628.32,41849.96,40575.28,41105.72,29261479130
2022-01-04,41106.38,41956.5,40554.57,40677.88,37661970660
2022-01-05,40679.45,41486.54,37839.75,38520.27,32580817996
2022-01-06,38517.18,38691.02,37721.0,38203.51,26738382071
2022-01-07,38197.0,38197.0,36222.5,36575.9,74103034014
2022-01-08,36579.04,37170.08,35799.9,36734.38,24704118680
2022-01-09,36735.07,37580.8,36386.01,36914.77,18755603984
2022-01-10,36913.57,37231.55,35228.76,36912.2,28335773331
2022-01-11,36910.65,37828.12,36550.13,37599.6,23163434090
2022-01-12,37605.17,38559.48,37401.82,38415.82,29282229408
2022-01-13,38413.76,38574.17,37053.21,37175.29,41626348816
2022-01-14,37181.66,37969.27,36655.23,37756.07,20654206193
2022-01-15,37758.0,38303.56,37378.8,37824.13,16093613422
2022-01-16,37819.44,38051.38,37398.06,37800.53,15695843306
2022-01-17,37804.24,37857.53,36531.26,37028.76,19010103713
2022-01-18,37028.34,37549.37,36422.05,37403.79,19787042903
2022-01-19,37402.38,37446.66,36389.53,36800.88,20356996522
2022-01-20,36800.62,38251.65,35950.99,35957.71,18015822473
2022-01-21,35974.67,36321.81,31548.89,32135.85,37913565556
2022-01-22,32148.43,32339.9,30277.66,30877.94,35006840731
2022-01-23,30893.02,32121.72,30654.95,31986.82,22941168169
2022-01-24,31985.87,32899.06,29323.49,32369.33,36963489637
2022-01-25,32369.75,33179.37,31627.01,32693.35,23381125046
2022-01-26,32690.27,34411.11,32362.68,32783.68,27866393735
2022-01-27,32774.57,33333.34,31971.12,33324.29,22469772280
2022-01-28,33315.5,34046.2,32534.78,33889.11,19946207246
2022-01-29,33885.86,34599.4,33550.2,34206.48,15421617548
2022-01-30,34218.8,34334.97,33595.7,33999.8,13130518444
2022-01-31,34002.21,34406.04,32919.34,34270.42,18464920256
2022-02-01,34269.2,34795.57,33847.98,34367.76,17997198255
2022-02-02,34368.15,34456.87,32579.47,32702.76,16952016995
2022-02-03,32695.53,32490.47,32245.68,32490.47,16257683635
2022-02-04,32485.8,36271.49,32399.47,36247.98,25689419035
2022-02-05,36248.52,36550.44,35843.78,36195.83,17165326511
2022-02-06,36195.79,37100.55,36024.41,37026.61,14092260820
2022-02-07,37021.67,38824.99,36446.97,38316.41,25032982080
2022-02-08,38328.97,39677.52,37478.9,38630.6,28964685523
2022-02-09,38611.56,39157.18,37834.04,38821.86,20353471281
2022-02-10,38829.73,39776.27,38122.81,38176.59,28166430696
2022-02-11,38181.86,38463.32,37102.07,37360.55,23746750515
2022-02-12,37364.39,37877.9,36873.54,37218.81,15992873039
2022-02-13,37211.85,37614.03,36960.21,37131.11,12971654871
2022-02-14,37095.81,37829.57,36708.26,37667.15,18421695035
2022-02-15,37666.75,39328.82,37562.96,39255.91,20010215311
2022-02-16,39258.62,39258.62,38221.99,38654.79,17403191304
2022-02-17,38632.99,38791.56,35424.96,35673.94,23097378235
2022-02-18,35686.36,35996.58,35031.05,35356.64,20588144724
2022-02-19,35352.27,35699.25,35075.84,35437.17,12132567474
2022-02-20,35433.59,35435.17,33679.3,33958.77,16206118505
2022-02-21,33951.55,34667.11,32661.08,32783.45,25890903370
2022-02-22,32777.69,33859.29,32298.25,33795.61,22503160806
2022-02-23,33794.95,34485.18,32917.58,32988.86,19325527663
2022-02-24,32972.93,34756.04,30687.86,34253.41,41447823409
2022-02-25,34254.42,35321.28,34100.89,34782.89,23545866817
2022-02-26,34781.89,35484.63,34329.03,34692.29,15496410516
2022-02-27,34686.57,35290.05,33453.75,33728.54,20974356939
2022-02-28,33725.15,39005.66,33551.86,38516.01,31825285237
2022-03-01,38517.14,40115.8,38354.3,39842.84,29175246439
2022-03-02,39845.52,40631.08,39156.93,39526.88,26261591224
2022-03-03,39527.84,39650.5,37882.17,38362.71,22562810870
2022-03-04,38368.45,38394.52,35488.88,35806.68,26089308598
2022-03-05,35816.6,36198.93,35476.8,36057.17,15535392023
2022-03-06,36060.48,36276.43,34952.54,35332.98,18158720424
2022-03-07,35341.55,36295.25,34336.88,35027.58,26270330758
2022-03-08,35025.62,35897.73,34939.02,35545.9,23652979647
2022-03-09,35550.99,38442.48,35516.56,37912.93,29154369205
2022-03-10,37904.93,38005.41,35103.23,35809.02,28218727367
2022-03-11,35811.3,36374.96,34878.1,35546.05,24156936348
2022-03-12,35545.58,36016.66,35525.49,35645.96,13392381380
2022-03-13,35628.29,35925.72,34529.18,34623.73,15826202787
2022-03-14,34620.68,36325.72,34490.38,36248.87,22226440234
2022-03-15,36246.58,36323.9,34901.87,35870.05,21823596407
2022-03-16,35867.12,37790.82,35582.1,37329.64,35944190360
2022-03-17,37326.84,37422.86,36835.6,36895.96,19829990296
2022-03-18,36890.07,38172.76,36513.09,37777.13,31107938571
2022-03-19,37771.25,38242.91,37597.75,38129.13,17771796430
2022-03-20,38129.81,38174.78,37057.39,37353.04,18227385445
2022-03-21,37351.51,37560.31,36810.31,37286.5,22343528627
2022-03-22,37282.96,39245.64,37218.05,38404.87,29017210104
2022-03-23,38409.92,38973.81,37972.77,38973.31,22936192446
2022-03-24,38967.59,40167.31,38893.71,39933.28,28198864381
2022-03-25,39936.56,40864.76,39679.02,40377.3,27836474347
2022-03-26,40378.33,40726.49,40211.18,40512.4,15431254426
2022-03-27,40516.52,42638.91,40454.56,42635.59,25643813077
2022-03-28,42636.82,43792.06,42521.0,42877.15,33082380179
2022-03-29,42852.07,43253.53,42852.07,42796.05,28308216398
2022-03-30,42788.09,42735.04,42095.57,42166.08,26281869339
2022-03-31,42165.61,42784.68,40993.92,41124.8,30097132907
2022-04-01,41138.78,42231.38,40130.23,41889.52,34541009344
2022-04-02,41893.0,42565.3,41450.89,41529.15,26560971008
2022-04-03,41520.26,42842.35,41316.52,42054.79,23007857472
2022-04-04,42047.28,42636.04,41247.24,42480.39,29612277017
2022-04-05,42482.06,42981.43,41761.86,41772.11,27178655482
2022-04-06,41761.44,41761.44,39635.38,39647.11,36147931482
2022-04-07,39647.8,40176.88,39314.25,40040.98,24024282149
2022-04-08,40042.17,40374.31,38783.86,38879.83,25022739973
2022-04-09,38874.7,39338.76,38783.83,39334.45,14757288893
2022-04-10,39333.49,39705.66,38596.35,38778.59,16220173023
2022-04-11,38772.5,38944.71,36174.0,36335.33,31212598648
2022-04-12,36346.19,37277.36,36224.38,37065.08,28626539424
2022-04-13,37061.74,38045.63,36706.25,37784.14,25415782493
2022-04-14,37778.17,37997.49,36639.17,36902.02,22492983503
2022-04-15,36905.61,37585.0,36859.91,37508.18,20123068184
2022-04-16,37507.12,37582.38,37068.82,37388.89,15569098908
2022-04-17,37382.68,37524.15,36640.21,36729.05,17651670409
2022-04-18,36732.98,38018.95,35852.29,37869.95,31264556133
2022-04-19,37871.77,38643.46,37656.93,38444.5,23438663863
2022-04-20,38443.56,38901.41,37783.54,38133.77,25640595290
2022-04-21,38131.13,39409.85,36981.6,37405.05,32647596186
2022-04-22,37403.67,37592.53,36452.23,36841.98,25968766219
2022-04-23,36840.5,37023.26,36482.17,36606.88,14961043084
2022-04-24,36599.14,36830.59,36264.54,36513.36,16619008460
2022-04-25,36516.43,37814.76,35703.96,37765.52,33086569081
2022-04-26,37756.3,38091.43,35609.54,35814.6,32480596939
2022-04-27,35817.27,37346.59,35713.9,37180.77,29354356982
2022-04-28,37181.06,38350.79,37042.05,37866.67,32278022256
2022-04-29,37861.71,37881.1,36255.78,36618.87,29290482147
2022-04-30,36615.11,36771.93,35754.01,35770.07,22663507357
2022-05-01,35768.54,36635.97,35647.64,36515.67,25631586954
2022-05-02,36518.61,37167.53,36357.86,36660.19,31325499196
2022-05-03,36659.04,36719.82,35711.64,35865.91,25962754911
2022-05-04,35863.59,37683.83,35831.23,37377.13,34605300951
2022-05-05,37374.66,37479.44,34032.96,34702.28,40898957356
2022-05-06,34700.41,34757.8,33570.82,34167.52,35830963371
2022-05-07,34169.02,34251.89,33124.6,33656.56,23108837311
2022-05-08,33657.5,33657.5,32143.24,32338.11,34905258350
2022-05-09,32338.83,32533.08,28681.1,28681.1,59976492993
2022-05-10,28659.04,30856.84,28347.61,29463.82,56805175250
2022-05-11,29457.43,30325.94,26794.29,27527.04,66960636984
2022-05-12,27527.4,28532.65,25197.89,27988.47,64546279091
2022-05-13,27972.24,29749.23,27733.04,28124.66,41146329651
2022-05-14,28127.1,28998.38,27567.42,28910.46,27449249017
2022-05-15,28907.89,30108.96,28359.62,30106.0,24845773973
2022-05-16,30105.29,30106.22,28059.67,28606.68,31241928469
2022-05-17,28606.19,29153.96,28087.5,28842.56,27587090999
2022-05-18,28841.25,28996.38,27422.69,27422.69,29871799896
2022-05-19,27422.77,28738.65,27379.53,28653.02,31922561452
2022-05-20,28649.98,28987.6,27297.95,27637.3,29103029911
2022-05-21,27636.47,28004.65,27473.24,27856.39,16349928209
2022-05-22,27856.63,28770.27,27707.76,28690.76,20466652625
2022-05-23,28677.21,28839.83,27123.06,27236.61,29468544949
2022-05-24,27238.68,27733.65,26835.78,27630.46,24798918266
2022-05-25,27628.18,28148.82,27579.45,27662.06,25755724941
2022-05-26,27664.32,27900.91,26415.78,27268.74,34263227320
2022-05-27,27253.76,27332.51,26394.17,26674.6,34086381316
2022-05-28,26669.99,26849.15,26606.57,26849.15,33096432048
2022-05-29,27040.13,27486.48,26873.57,27443.31,16863303101
2022-05-30,27440.89,29631.02,27310.22,29448.53,36457951191
2022-05-31,29446.19,30046.55,29248.61,29616.63,31243056728
2022-06-01,29616.86,29788.95,27699.99,27979.7,38624270013
2022-06-02,27975.76,28473.61,27821.35,28337.81,27050621073
2022-06-03,28338.11,28471.87,27401.08,27708.94,24417152700
2022-06-04,27710.57,27922.91,27518.29,27831.81,15475672800
2022-06-05,27833.87,28097.54,27590.68,27881.74,16095168744
2022-06-06,27885.12,29626.51,27865.51,29346.38,29885839078
2022-06-07,29347.38,29415.99,27457.54,29123.8,38112258051
2022-06-08,29120.06,29219.08,28037.96,28192.89,28218744385
2022-06-09,28193.76,28560.14,28284.82,28356.05,20427057156
2022-06-10,28354.48,28450.84,27545.0,27648.17,28393158151
2022-06-11,27648.99,27950.58,26840.5,26958.94,25899776264
2022-06-12,26971.01,27093.8,25513.98,25513.98,32569266905
2022-06-13,25490.08,25545.84,21262.47,21592.95,65491720208
2022-06-14,21593.53,22084.06,20144.82,21274.75,48776681576
2022-06-15,21265.11,21666.79,19254.55,21586.84,52513395637
2022-06-16,21590.15,21868.66,19215.79,19324.8,29566992964
2022-06-17,19328.66,20222.21,19288.18,19498.51,25842871784
2022-06-18,19500.36,19750.5,16871.79,18118.95,40024238817
2022-06-19,18112.52,19728.08,17213.37,19593.43,33680034304
2022-06-20,19593.53,19867.45,18762.99,19581.45,29295317918
2022-06-21,19576.46,20469.61,19389.31,19665.75,27508665511
2022-06-22,19674.12,19716.91,18783.96,18918.74,27047499341
2022-06-23,18918.34,20078.34,18883.22,20044.78,24895086063
2022-06-24,20043.62,20341.92,19733.67,20113.36,23643233429
2022-06-25,20115.21,20387.39,19860.36,20369.79,17404838729
2022-06-26,20364.25,20636.35,19896.69,19901.28,17061815516
2022-06-27,19902.18,20292.88,19475.28,19598.34,19815936954
2022-06-28,19594.63,19982.81,19223.58,19272.83,20319022534
2022-06-29,19273.34,19340.9,18932.67,19245.86,22547368054
2022-06-30,19249.97,19290.12,17866.33,18881.34,25067851481
2022-07-01,18915.45,19707.17,18245.09,18476.55,29501651034
2022-07-02,18481.79,18574.72,18244.23,18450.55,17355695111
2022-07-03,18450.4,18762.56,18186.57,18496.46,15710783136
2022-07-04,18496.69,19415.78,18274.81,19391.97,20698784642
2022-07-05,19386.3,20098.14,18851.3,19685.34,26047631600
2022-07-06,19689.73,20225.49,19312.76,20175.71,24152964859
2022-07-07,20175.28,21416.76,19885.15,21278.95,25387089351
2022-07-08,21278.52,21904.48,20942.01,21332.74,48985070722
2022-07-09,21318.71,21476.09,21052.81,21196.38,29097746702
2022-07-10,21195.27,21195.27,20347.15,20517.04,28216532104
2022-07-11,20513.02,20513.02,19834.2,19879.43,24040051438
2022-07-12,19879.35,20018.13,19244.06,19265.54,25732247343
2022-07-13,19267.59,20127.44,18968.6,20142.34,32928433961
2022-07-14,20141.74,20739.71,19781.68,20515.22,31075892235
2022-07-15,20518.45,20966.39,20357.71,20669.64,25698330756
2022-07-16,20667.43,21342.29,20354.75,21020.79,24108530424
2022-07-17,21025.48,21427.84,20576.53,20577.68,22705287763
2022-07-18,20580.22,22271.2,20580.22,22160.57,39396484620
2022-07-19,22142.99,23139.17,21324.61,22862.42,47666425150
2022-07-20,22866.1,23725.61,22458.47,22818.7,42169251336
2022-07-21,22820.14,22961.91,22032.91,22665.82,32906835618
2022-07-22,22664.97,23141.56,22134.26,22243.42,30769244151
2022-07-23,22235.59,22500.2,21544.02,21996.94,23520800525
2022-07-24,21996.97,22490.05,21841.61,22166.93,23104554215
2022-07-25,22164.96,22215.07,20894.02,20894.07,34795798682
2022-07-26,20893.51,20893.51,20541.04,20970.22,28261426744
2022-07-27,20974.58,22515.35,20771.9,22469.16,31119933295
2022-07-28,22472.19,23648.15,22385.82,23394.45,39454422891
2022-07-29,23395.75,23731.83,23115.08,23277.88,35093136683
2022-07-30,23270.24,24028.84,23058.72,23132.74,27525354526
2022-07-31,23128.7,23587.88,22783.91,22855.74,23067963939
2022-08-01,22855.56,22842.22,22334.98,22720.06,25190419169
2022-08-02,22714.44,22972.82,22182.37,22626.39,27954696457
2022-08-03,22629.53,23139.24,22382.73,22494.58,25883226996
2022-08-04,22496.26,22800.65,21947.75,22084.51,24513676701
2022-08-05,22080.49,22891.9,22081.13,22861.05,28350151755
2022-08-06,22863.12,22897.61,22539.02,22539.02,15684419685
2022-08-07,22541.21,22955.02,22473.53,22783.66,15617948551
2022-08-08,22787.24,23732.88,22792.97,23347.23,28020750644
2022-08-09,23349.18,23441.27,22445.6,22691.77,23075182547
2022-08-10,22690.38,23377.7,22313.29,23252.61,31884390941
2022-08-11,23253.29,23987.42,23155.05,23212.16,35971940218
2022-08-12,23211.85,23788.02,22995.41,23778.52,26568263606
2022-08-13,23777.91,24224.06,23723.27,23799.23,22399261009
2022-08-14,23804.09,24335.98,23586.99,23717.82,22425396656
2022-08-15,23716.83,24529.92,23463.2,23753.24,34565108255
2022-08-16,23742.58,23855.39,23320.54,23484.27,27290004820
2022-08-17,23482.33,24013.03,22837.88,22928.55,30391556937
2022-08-18,22933.5,23180.54,22957.16,23007.75,23537897975
2022-08-19,23008.32,23008.32,20793.99,20802.67,40364302288
2022-08-20,20797.97,21274.22,20779.85,21088.04,27493953357
2022-08-21,21082.4,21584.64,21025.41,21450.44,23012532155
2022-08-22,21447.79,21447.79,20929.89,21531.79,31863147715
2022-08-23,21533.95,21639.41,21131.22,21600.1,31984913508
2022-08-24,21598.46,21851.17,21305.33,21463.27,32064212956
2022-08-25,21463.71,21791.4,21405.04,21664.15,31119531567
2022-08-26,21659.32,21725.21,20272.46,20333.22,42479716254
2022-08-27,20335.69,20414.27,19960.38,20112.13,30222499731
2022-08-28,20111.42,20209.78,19742.87,19742.87,24523391716
2022-08-29,19741.2,20360.42,19721.19,20276.2,32602801022
2022-08-30,20276.81,20545.11,19573.5,19750.19,34402151969
2022-08-31,19752.95,20346.31,19752.95,19973.79,33099342465
2022-09-01,19974.53,20143.31,19757.47,20224.72,30328353496
2022-09-02,20223.64,20370.68,19897.35,20064.07,29261522450
2022-09-03,20064.02,20131.63,19791.37,19925.73,23724552286
2022-09-04,19926.12,20170.13,19729.54,20172.35,25480345215
2022-09-05,20174.45,20188.32,19844.91,19910.03,28955481570
2022-09-06,19915.41,20225.15,18984.92,19033.15,43854382000
2022-09-07,19033.16,19408.6,18860.37,19297.73,35253289201
2022-09-08,19297.35,19418.83,19196.42,19310.76,32162701900
2022-09-09,19309.06,21123.39,19285.07,21065.99,47755087325
2022-09-10,21061.82,21435.53,20852.8,21356.98,36362838255
2022-09-11,21355.01,21618.07,21087.47,21616.79,34252356324
2022-09-12,21617.67,22140.18,21431.63,22084.78,49570880589
2022-09-13,22085.8,22291.38,20126.27,20340.89,51202341982
2022-09-14,20228.5,20493.4,19821.56,20277.4,37940323940
2022-09-15,20278.61,20385.48,19641.56,19725.56,36433988322
2022-09-16,19728.36,19931.38,19388.63,19740.73,30074833536
2022-09-17,19745.17,20130.03,19745.17,20095.13,24917216694
2022-09-18,20094.79,20094.79,19366.73,19376.41,31185424789
2022-09-19,19375.48,19583.66,18436.15,19485.48,40056431439
2022-09-20,19486.94,19509.82,18884.79,18945.29,36897489543
2022-09-21,18945.79,19916.29,18590.48,18865.1,47157959402
2022-09-22,18852.13,19772.29,18761.46,19731.43,41809324990
2022-09-23,19730.26,19809.2,19130.36,19910.9,40132156516
2022-09-24,19910.23,19923.86,19465.41,19542.84,26986222552
2022-09-25,19542.12,19746.89,19321.36,19412.43,24118253972
2022-09-26,19414.29,19895.72,19417.29,19982.45,45893779574
2022-09-27,19981.58,21130.9,19736.34,19915.5,61038527227
2022-09-28,19909.33,20217.23,19419.7,20014.09,54675909451
2022-09-29,20015.18,20224.66,19460.67,19912.35,41749234793
2022-09-30,19912.74,20503.76,19770.92,19824.31,44863548096
2022-10-01,19823.61,19864.47,19616.76,19699.4,19094957998
2022-10-02,19699.15,19758.78,19366.67,19441.18,21198925496
2022-10-03,19441.14,19983.04,19439.35,19955.75,31000744505
2022-10-04,19955.75,20408.29,19902.17,20369.75,35945344302
2022-10-05,20368.8,20377.84,20091.8,20339.48,33518385923
2022-10-06,20339.81,20584.39,20323.84,20384.9,35458437285
2022-10-07,20387.07,20428.86,19867.56,20070.55,30010373624
2022-10-08,20070.01,20126.86,19804.42,19924.64,16867541219
2022-10-09,19925.58,20053.91,19855.57,19975.68,17295505469
2022-10-10,19975.67,20015.49,19685.09,19710.35,28240067025
2022-10-11,19707.79,19779.98,19518.18,19639.0,29597054008
2022-10-12,19640.27,19777.72,19629.39,19739.68,25708459530
2022-10-13,19739.19,19898.96,18991.76,19844.63,45273200813
2022-10-14,19844.25,20295.06,19663.03,19735.29,39553939842
2022-10-15,19735.06,19762.94,19564.11,19613.88,16656110695
2022-10-16,19615.2,19917.21,19615.2,19782.63,18469292681
2022-10-17,19783.11,20058.76,19695.79,19860.89,27908350107
2022-10-18,19860.6,19928.23,19441.21,19603.67,31005869596
2022-10-19,19604.29,19620.42,19586.1,19598.54,22963192819
2022-10-20,19597.05,19631.41,19433.96,19484.07,25047170832
2022-10-21,19483.52,19505.04,19323.47,19443.51,32918164818
2022-10-22,19443.42,19525.63,19402.71,19485.17,16336666996
2022-10-23,19484.71,19933.87,19399.97,19839.81,22437313986
2022-10-24,19840.58,19888.45,19460.15,19572.32,30556236210
2022-10-25,19571.71,20418.17,19516.31,20170.09,47937955983
2022-10-26,20166.46,20804.61,20164.11,20577.94,58350102868
2022-10-27,20580.28,20681.23,20317.23,20353.02,49789468768
2022-10-28,20355.15,20853.31,20212.37,20667.62,44149093368
2022-10-29,20667.37,21062.04,20638.65,20891.53,40511498416
2022-10-30,20891.03,20990.4,20642.82,20729.8,31630080723
2022-10-31,20727.89,20932.07,20524.05,20732.4,46195709265
2022-11-01,20731.51,20795.62,20557.28,20739.09,40312664325
2022-11-02,20736.74,20820.45,20464.15,20541.53,56604883095
2022-11-03,20544.77,20741.55,20610.13,20729.24,44339426458
2022-11-04,20727.99,21374.08,20690.94,21184.3,64185047442
2022-11-05,21181.9,21482.27,21134.62,21317.81,37908493588
2022-11-06,21320.18,21380.6,21070.98,21077.32,35335569263
2022-11-07,21075.45,21195.95,20450.92,20566.7,53417047712
2022-11-08,20564.56,20635.37,17499.07,18392.85,118039930919
2022-11-09,18395.32,18456.92,15661.4,15849.86,102704795276
2022-11-10,15852.23,17705.77,15809.52,17255.77,81636333539
2022-11-11,17252.32,17331.99,16080.84,16424.14,53870351057
2022-11-12,16426.63,16455.36,16053.46,16213.08,28680878604
2022-11-13,16213.6,16330.42,15796.94,15835.81,26348067437
2022-11-14,15834.52,16582.34,15410.02,16103.04,48091705519
2022-11-15,16102.34,16423.7,16029.81,16301.79,35336096844
2022-11-16,16301.53,16369.06,15789.34,16038.63,32641703726
2022-11-17,16039.58,16101.67,15869.75,16106.13,26897961057
2022-11-18,16106.5,16340.96,16029.24,16141.69,25967626142
2022-11-19,16140.19,16236.9,16017.03,16153.45,15568340052
2022-11-20,16154.78,16187.5,15738.0,15770.04,20630753760
2022-11-21,15769.45,15769.45,15234.93,15408.91,36532413039
2022-11-22,15404.05,15811.79,15273.32,15701.49,29800107605
2022-11-23,15707.13,16013.54,15683.87,15944.17,31636334826
2022-11-24,15945.06,16096.63,15832.67,15953.94,25105353987
2022-11-25,15951.83,15952.63,15741.8,15865.79,17936579787
2022-11-26,15865.54,16003.52,15762.86,15809.0,17283608415
2022-11-27,15808.62,15989.21,15855.14,15862.08,19719673404
2022-11-28,15857.83,15875.42,15460.83,15678.68,26821568319
2022-11-29,15678.99,15928.07,15593.77,15928.91,22841645014
2022-11-30,15929.39,16487.52,15929.39,16471.54,28324948897
2022-12-01,16471.0,16385.83,16049.25,16116.96,21748173431
2022-12-02,16118.43,16218.27,16131.02,16218.27,18544469786
2022-12-03,16219.63,16244.25,16026.71,16045.78,15390540350
2022-12-04,16045.72,16281.86,16041.23,16247.14,15956947589
2022-12-05,16245.63,16424.75,16136.5,16171.8,21158441563
2022-12-06,16172.19,16330.75,16182.05,16326.1,19001419647
2022-12-07,16326.1,16359.9,16019.41,16027.47,18717035116
2022-12-08,16026.73,16356.07,15977.72,16326.22,19417560064
2022-12-09,16324.96,16368.0,16236.15,16244.92,19274539758
2022-12-10,16245.93,16332.43,16241.23,16248.86,12054059993
2022-12-11,16249.79,16376.32,16243.13,16257.11,13423070672
2022-12-12,16255.5,16329.63,16076.06,16322.68,18609983128
2022-12-13,16322.68,16820.68,16218.6,16736.26,25069337961
2022-12-14,16736.96,17154.39,16621.23,16687.33,23917306155
2022-12-15,16685.45,16720.28,16294.89,16322.28,19705742862
2022-12-16,16321.98,16452.95,15649.16,15708.4,22675985898
2022-12-17,15707.93,15857.84,15674.42,15852.65,13651972395
2022-12-18,15853.14,15875.1,15760.84,15832.54,10321068134
2022-12-19,15833.54,15861.48,15459.56,15491.16,16227470460
2022-12-20,15493.15,15982.22,15492.88,15911.12,21384560398
2022-12-21,15909.44,15921.79,15786.72,15853.27,14029601625
2022-12-22,15854.06,15839.22,15677.45,15875.79,15509072793
2022-12-23,15875.13,15921.42,15859.44,15746.62,14370710930
2022-12-24,15746.64,15809.93,15743.41,15794.05,9135177431
2022-12-25,15793.81,15806.04,15777.1,15857.25,10974843059
2022-12-26,15857.5,15903.12,15816.24,15902.82,11172480318
2022-12-27,15902.34,15935.18,15632.48,15716.22,14805618249
2022-12-28,15715.49,15743.27,15546.36,15573.19,15999519839
2022-12-29,15572.96,15637.8,15534.27,15611.15,13575508700
2022-12-30,15610.2,15611.37,15346.85,15478.66,14850822297
2022-12-31,15479.67,15502.72,15398.8,15426.75,10477967597
2023-01-01,15427.14,15541.69,15402.27,15528.42,8634566625
2023-01-02,15528.83,15699.35,15475.98,15630.74,11331006135
2023-01-03,15631.09,15727.69,15769.71,15817.34,13184150981
2023-01-04,15817.67,16002.79,15783.76,15899.84,17369309126
2023-01-05,15900.06,15902.22,15902.75,16002.54,13014337151
2023-01-06,16002.29,15960.68,15921.39,15896.71,13516412396
2023-01-07,15896.85,15945.72,15861.76,15900.1,7234738931
2023-01-08,15899.22,16028.55,15871.0,16028.55,9161480345
2023-01-09,16031.22,16171.9,16031.22,16022.67,17353356453
2023-01-10,16019.31,16285.39,16004.18,16246.46,14721152054
2023-01-11,16246.52,16659.37,16120.83,16659.37,17065646959
2023-01-12,16829.07,17534.82,16727.8,17375.47,32202273140
2023-01-13,17374.85,18406.23,17274.23,18355.75,26944191476
2023-01-14,18356.64,19435.73,18354.14,19344.57,35936519640
2023-01-15,19345.67,19360.67,19003.99,19293.44,17831342602
2023-01-16,19294.76,19744.13,19136.07,19544.5,24735714659
2023-01-17,19550.23,19730.43,19381.4,19613.13,23170734580
2023-01-18,19612.7,19814.52,18990.41,19160.0,27788389733
2023-01-19,19158.12,19531.64,19156.86,19464.44,19525411574
2023-01-20,19463.13,20863.35,19292.69,20848.82,26477942481
2023-01-21,20849.63,21404.37,20697.38,20940.36,29825451809
2023-01-22,20940.69,21196.95,20597.9,20912.85,22777637981
2023-01-23,20913.47,21279.79,20856.55,21096.01,24392961479
2023-01-24,21091.59,21263.07,20715.77,20786.66,24247300228
2023-01-25,20789.23,21735.68,20572.83,21168.35,28097700420
2023-01-26,21160.2,21293.23,21082.18,21143.86,24196232919
2023-01-27,21141.97,21539.57,20805.5,21228.64,23348505923
2023-01-28,21229.78,21304.91,21070.46,21182.89,13532245302
2023-01-29,21183.22,22008.57,21140.56,21867.87,25224334965
2023-01-30,21867.95,21884.2,20880.78,21050.04,25073357016
2023-01-31,21050.65,21380.96,20969.89,21305.56,21027999257
2023-02-01,21304.23,21628.2,20978.03,21541.99,24229303228
2023-02-02,21539.31,21932.18,21521.57,21524.57,29406567597
2023-02-03,21522.32,21859.98,21548.53,21701.17,25064023436
2023-02-04,21698.4,21789.0,21555.39,21580.79,14465569183
2023-02-05,21581.16,21635.34,21170.57,21276.37,18133058539
2023-02-06,21274.84,21532.83,21155.5,21213.24,22205763797
2023-02-07,21210.59,21693.8,21207.4,21680.2,25336708782
2023-02-08,21679.39,21783.05,21200.02,21407.87,23677473761
2023-02-09,21414.56,21459.91,20272.86,20316.78,30329918018
2023-02-10,20316.75,20457.7,20174.66,20256.52,25334151033
2023-02-11,20257.14,20481.28,20225.9,20462.06,15302639919
2023-02-12,20462.09,20617.13,20302.17,20405.87,16690407937
2023-02-13,20404.74,20494.05,20022.11,20322.71,22289589211
2023-02-14,20316.86,20710.35,20187.18,20698.39,24956955411
2023-02-15,20698.19,22735.56,20591.5,22735.56,30382227264
2023-02-16,22735.1,23541.44,22128.71,22149.28,36863147459
2023-02-17,22147.22,23301.11,22003.04,22923.22,38593349279
2023-02-18,22922.93,23140.81,22832.44,22993.79,18313290723
2023-02-19,22992.62,23415.36,22770.06,22770.06,23918940029
2023-02-20,22778.47,23408.19,22409.28,23243.06,27135662957
2023-02-21,23246.71,23534.99,22724.41,22941.83,29340720356
2023-02-22,22942.83,22972.33,22263.16,22807.73,28475667565
2023-02-23,22809.5,23132.16,22337.94,22597.17,28757798964
2023-02-24,22595.76,22725.43,21807.94,21916.64,25330637326
2023-02-25,21918.53,21926.55,21623.61,21920.43,15228867492
2023-02-26,21919.27,22421.41,21834.21,22325.52,15771595568
2023-02-27,22325.75,22517.22,21880.15,22171.48,21358902631
2023-02-28,22170.51,22221.94,21816.55,21885.34,19415754884
2023-03-01,21888.72,22427.16,21846.83,22164.5,23117097627
2023-03-02,22164.94,22245.0,21932.42,22150.04,19235382456
2023-03-03,22151.14,22156.5,20890.91,21014.59,24491284673
2023-03-04,21014.82,21054.53,20860.76,21005.82,10492892157
2023-03-05,21006.57,21250.46,20962.4,21114.17,12532696916
2023-03-06,21115.4,21145.72,20982.53,20988.78,16238354371
2023-03-07,20987.44,21080.26,20865.44,21064.7,21582012937
2023-03-08,21061.54,21122.98,20579.21,20587.61,21363501847
2023-03-09,20589.51,20665.95,19103.75,19235.7,28683645998
2023-03-10,19239.46,19235.54,18531.49,18943.59,37139999552
2023-03-11,18944.18,19511.58,18850.01,19379.53,28347620356
2023-03-12,19375.41,20769.54,19207.07,20749.8,27410915939
2023-03-13,20742.74,22875.22,20541.52,22565.94,46130944785
2023-03-14,22569.89,24711.4,22474.37,23069.6,50921737937
2023-03-15,23092.77,23923.96,22718.16,23035.97,41255860230
2023-03-16,23033.6,23726.84,22874.44,23604.21,31907892190
2023-03-17,23606.41,25844.05,23514.16,25505.63,47181679555
2023-03-18,25528.12,25752.56,24719.28,25025.17,33152085580
2023-03-19,25028.54,26626.99,24971.2,26251.66,35362250805
2023-03-20,26254.4,26762.23,25536.77,25905.3,41771705239
2023-03-21,25906.38,26409.89,25616.04,26153.64,33511138451
2023-03-22,26137.77,26538.82,24628.96,25124.21,30713129240
2023-03-23,25119.17,26349.55,24972.43,26151.01,22354394596
2023-03-24,26141.91,26205.14,25123.59,25512.39,24108429555
2023-03-25,25506.88,25789.42,25236.75,25513.71,12418760406
2023-03-26,25514.47,26134.21,25467.63,25974.15,12876844991
2023-03-27,25973.9,26039.52,24684.33,25114.82,16831712575
2023-03-28,25108.34,25314.55,24660.63,25156.84,16406669558
2023-03-29,25155.83,26415.52,25131.77,26145.06,19077208485
2023-03-30,26146.63,26917.97,25434.83,25708.38,20574494720
2023-03-31,25707.18,26311.76,25343.12,26205.19,17484546622
2023-04-01,26200.45,26503.3,26038.35,26143.12,10008255691
2023-04-02,26190.8,26242.43,25746.61,26103.37,11371573698
2023-04-03,26088.35,26207.37,25016.27,25479.77,17930593363
2023-04-04,25484.4,26048.49,25385.25,25706.51,13948838292
2023-04-05,25708.0,26218.4,25511.52,25843.8,15639753287
2023-04-06,25841.28,25844.17,25433.7,25681.84,12672181507
2023-04-07,25677.11,25754.29,25462.47,25395.78,9877612244
2023-04-08,25390.91,25608.58,25357.15,25419.8,8525407098
2023-04-09,25423.96,26157.87,25311.28,25962.48,11156638030
2023-04-10,25965.21,27400.61,26009.79,27280.27,17739499568
2023-04-11,27280.91,27958.43,27230.93,27697.04,18432220928
2023-04-12,27693.85,27729.33,27085.97,27405.62,16960311794
2023-04-13,27181.65,27634.35,27183.6,27505.62,15823204741
2023-04-14,27515.12,28022.13,27368.64,27455.94,20407976788
2023-04-15,27460.49,27560.45,27242.41,27307.81,10754951438
2023-04-16,27305.54,27807.1,27163.1,27598.19,11702639221
2023-04-17,27599.82,27601.69,26813.02,26952.85,16359502747
2023-04-18,26956.55,27766.55,26681.85,27696.79,17749723411
2023-04-19,27693.72,27706.9,26179.29,26317.67,22436026098
2023-04-20,26318.59,26506.74,25589.49,25753.05,19456902835
2023-04-21,25756.01,25848.96,24491.83,24581.54,18708153910
2023-04-22,24571.62,25117.96,24484.81,25068.71,11828715138
2023-04-23,25067.49,25071.19,24692.75,25101.65,11631739252
2023-04-24,25101.96,25459.15,24538.48,24893.01,16010269757
2023-04-25,24883.54,25848.44,24663.64,25785.67,16153506926
2023-04-26,25778.81,27136.88,24760.71,25732.86,28839652117
2023-04-27,25738.08,27095.58,25714.92,26717.72,24614353536
2023-04-28,26724.27,26800.43,26305.0,26368.09,15767210594
2023-04-29,26364.77,26468.92,26140.67,26284.86,9582232246
2023-04-30,26282.18,26917.11,26164.01,26581.58,13306951553
2023-05-01,26543.71,26639.71,25218.23,25610.46,17007900075
2023-05-02,25606.46,26249.29,25418.6,26047.43,14924250592
2023-05-03,26047.4,26427.33,25484.51,26205.54,17276515661
2023-05-04,26228.13,26550.07,26053.9,26170.33,14105590112
2023-05-05,26173.74,26895.93,26173.12,26344.97,15999596700
2023-05-06,26348.96,26599.85,25394.6,25783.21,14195328248
2023-05-07,25780.54,26008.8,25808.92,25825.05,10256839007
2023-05-08,25820.95,26001.97,24821.96,25183.93,17389508142
2023-05-09,25184.65,25384.13,24998.44,25225.36,12885559621
2023-05-10,25221.58,25746.31,24505.41,25150.44,18807930467
2023-05-11,25149.83,25148.23,24538.31,24743.68,15326289136
2023-05-12,24731.66,24780.51,23848.01,24502.44,17654561666
2023-05-13,24504.98,24708.56,24416.41,24488.31,9142102610
2023-05-14,24492.78,24823.76,24376.1,24813.76,9227640971
2023-05-15,24814.44,25414.27,24664.02,25008.22,13255373642
2023-05-16,24988.75,25092.81,24707.42,24882.45,11717772224
2023-05-17,24881.37,25338.47,24603.94,25280.46,13969457290
2023-05-18,25283.09,25390.72,24533.5,24902.06,14127891735
2023-05-19,24897.0,25074.6,24681.51,24855.89,10407241214
2023-05-20,24854.7,25102.99,24812.58,25079.35,6512513319
2023-05-21,25069.03,25205.38,24711.94,24719.41,7989850043
2023-05-22,24715.78,25005.3,24529.72,24837.51,10227545876
2023-05-23,24841.84,25394.01,24806.82,25280.45,12718537978
2023-05-24,25279.41,25279.41,24262.38,24484.88,15154141239
2023-05-25,24479.9,24803.19,24097.72,24689.78,12916545895
2023-05-26,24687.89,25104.24,24543.26,24898.37,11845322375
2023-05-27,24899.2,25056.41,24806.91,25037.28,7354174309
2023-05-28,25039.89,26294.08,24976.14,26196.16,13566684713
2023-05-29,26186.78,26524.65,25725.84,25914.66,14179342591
2023-05-30,25913.95,26131.18,25720.68,25813.8,12347715848
2023-05-31,25812.1,25934.09,25236.04,25454.46,14641055840
2023-06-01,25453.3,25569.98,24946.99,24924.98,13641813081
2023-06-02,24929.24,25485.42,24698.26,25434.77,13849243161
2023-06-03,25437.32,25497.74,25162.6,25271.93,7827116679
2023-06-04,25271.92,25598.13,25172.14,25352.4,8751095685
2023-06-05,25356.18,25372.67,23747.29,24049.57,20084766988
2023-06-06,24023.45,25540.83,23819.09,25459.98,20497575478
2023-06-07,25457.05,25532.36,24439.04,24606.06,18240241845
2023-06-08,24607.6,24855.74,24505.2,24585.15,11041176912
2023-06-09,24583.03,24859.05,24438.09,24635.2,10247976986
2023-06-10,24636.49,24682.34,23714.92,24039.84,18480436760
2023-06-11,24042.44,24361.99,23870.36,24130.3,9983784698
2023-06-12,24124.82,24209.35,23915.75,24067.7,10850686659
2023-06-13,24068.11,24433.07,23841.76,24021.92,13108412593
2023-06-14,24023.34,24126.43,22988.3,23170.25,13156001847
2023-06-15,23167.48,23514.35,22886.79,23366.49,14468971047
2023-06-16,23365.48,24186.18,23090.87,24029.07,14899505285
2023-06-17,24030.19,24432.43,23889.46,24196.29,10122095681
2023-06-18,24196.09,24387.42,24060.57,24065.61,8740979157
2023-06-19,24064.91,24711.83,24062.45,24580.53,11742349094
2023-06-20,24571.96,25997.82,24462.43,25940.93,20340532225
2023-06-21,25926.11,28035.03,25897.0,27317.93,30337882736
2023-06-22,27289.4,27740.04,27076.03,27303.24,18851729873
2023-06-23,27288.73,28834.9,27282.32,28118.58,22091067976
2023-06-24,28130.74,28218.14,27747.29,27984.13,11128012797
2023-06-25,27980.88,28435.36,27801.53,27947.6,11647907874
2023-06-26,27947.84,28073.42,27464.8,27746.61,15117704681
2023-06-27,27749.53,28300.3,27721.14,28006.05,14992964810
2023-06-28,28013.71,28019.84,27406.71,27560.51,13348223289
2023-06-29,27560.45,28315.77,27563.48,28014.9,12128632702
2023-06-30,28011.22,28758.47,27125.81,27918.69,24172091842
2023-07-01,27913.74,28068.95,27782.76,28022.04,8323786098
2023-07-02,28019.47,28195.57,27707.95,28072.72,9656900726
2023-07-03,28076.16,28757.51,28074.08,28549.08,13993841916
2023-07-04,28549.47,28713.3,28162.61,28281.73,11771959918
2023-07-05,28282.79,28385.07,27740.13,28109.28,11497920664
2023-07-06,28102.82,28956.97,27576.77,27465.18,19402560820
2023-07-07,27463.95,27751.71,27342.93,27661.83,12202359559
2023-07-08,27666.07,27682.32,27420.38,27613.98,6845376907
2023-07-09,27613.13,27739.62,27434.66,27504.67,7204823687
2023-07-10,27505.75,28205.22,27358.94,27635.56,13473385341
2023-07-11,27638.44,28007.11,27642.72,27802.66,11033408180
2023-07-12,27803.84,28085.43,27143.89,27279.85,13289708218
2023-07-13,27276.11,28345.68,27159.49,28044.09,21103491550
2023-07-14,28042.91,28105.21,26681.35,26979.12,18604382626
2023-07-15,26977.09,27044.68,26916.32,26961.97,7130039801
2023-07-16,26963.45,27088.12,26778.51,26939.88,7584852317
2023-07-17,26940.32,27019.99,26400.28,26828.54,11783169579
2023-07-18,26829.6,26886.19,26358.51,26590.17,11701462491
2023-07-19,26595.05,26893.68,26624.37,26696.83,10824232222
2023-07-20,26698.02,26931.33,26642.81,26756.27,13161870825
2023-07-21,26768.03,27003.93,26706.62,26865.53,9856308454
2023-07-22,26865.49,26940.6,26656.0,26752.76,7074900677
2023-07-23,26769.21,27254.93,26725.56,27041.07,8287398296
2023-07-24,27038.48,27038.64,26125.64,26373.33,13916448698
2023-07-25,26375.19,26589.5,26252.15,26449.91,9291121374
2023-07-26,26448.44,26765.6,26362.94,26498.29,12184040124
2023-07-27,26497.23,26550.54,26500.78,26607.67,9810973539
2023-07-28,26609.01,26773.42,26589.25,26577.9,10169547544
2023-07-29,26578.08,26648.24,26527.97,26612.05,5875729907
2023-07-30,26612.21,26677.98,26367.26,26556.16,7872382313
2023-07-31,26558.88,26757.52,26497.68,26580.55,10600152979
2023-08-01,26581.24,26958.77,26140.94,26958.77,16599463506
2023-08-02,26984.58,27262.21,26438.58,26638.91,17556428623
2023-08-03,26647.92,26870.72,26519.1,26644.66,11670447577
2023-08-04,26640.73,26573.97,26236.9,26368.83,10916666747
2023-08-05,26370.01,26394.57,26263.36,26339.84,5984408159
2023-08-06,26341.27,26474.82,26268.84,26395.77,6607433069
2023-08-07,26392.73,26572.44,26126.47,26521.0,12376977033
2023-08-08,26520.49,27545.89,26514.79,27159.88,16032469557
2023-08-09,27160.98,27402.84,26771.64,26929.61,16743174060
2023-08-10,26931.86,26893.12,26711.61,26798.73,10804642291
2023-08-11,26794.46,26878.56,26705.86,26831.29,9305130013
2023-08-12,26833.19,26892.81,26794.67,26847.95,5653590554
2023-08-13,26848.53,26871.2,26743.68,26758.7,6698052713
2023-08-14,26759.02,27126.17,26637.87,26960.87,12847377485
2023-08-15,26960.51,26901.5,26674.8,26752.15,11592336189
2023-08-16,26750.99,26794.56,26393.15,26393.15,13746827219
2023-08-17,26391.33,26446.82,23373.71,24520.59,28618579170
2023-08-18,24494.4,24655.85,23596.93,23921.72,22063677425
2023-08-19,23920.14,24105.29,23694.76,23964.56,9763024956
2023-08-20,23965.17,24155.76,23880.18,24081.24,8309108586
2023-08-21,24080.42,24065.95,23741.98,23971.85,12269915353
2023-08-22,23977.91,23987.12,23533.33,23999.81,13371753989
2023-08-23,24007.94,24651.1,23857.65,24326.12,15632236498
2023-08-24,24326.01,24454.26,23956.74,24227.38,11919540643
2023-08-25,24228.59,24234.35,23941.74,24129.41,11492414331
2023-08-26,24129.01,24184.73,24070.32,24093.1,5590389230
2023-08-27,24092.89,24238.45,24052.92,24163.88,6403428781
2023-08-28,24163.81,24243.51,23932.88,24115.01,10163610214
2023-08-29,24111.62,25887.89,23967.39,25509.87,27019625216
2023-08-30,25508.66,25539.49,24772.76,24975.58,14953594670
2023-08-31,24979.85,25271.1,23752.98,23916.75,18613058724
2023-09-01,23919.1,24086.72,23508.6,23917.25,15947036076
2023-09-02,23917.42,24074.43,23873.09,23980.35,9363049087
2023-09-03,23980.97,24161.79,23911.61,24071.61,8307507381
2023-09-04,24070.31,24181.36,23767.31,23919.56,9897413453
2023-09-05,23921.92,24137.24,23726.88,24037.85,10344990792
2023-09-06,24041.53,24192.18,23694.65,24014.71,11891808448
2023-09-07,24010.12,24686.89,23952.2,24530.3,10365759745
2023-09-08,24534.99,24654.3,23993.22,24194.59,10102870009
2023-09-09,24194.37,24209.83,24105.71,24185.27,5119273334
2023-09-10,24184.83,24251.88,23925.75,24104.98,7371357332
2023-09-11,24104.5,24124.25,23192.76,23412.44,13584488417
2023-09-12,23410.58,24645.75,23403.67,24023.85,17350430194
2023-09-13,24027.76,24548.67,23960.49,24437.32,12179450287
2023-09-14,24437.28,25165.31,24351.88,24954.43,12986392832
2023-09-15,24948.93,25153.76,24606.51,24936.52,10758314752
2023-09-16,24934.19,25073.42,24810.19,24898.65,6936865556
2023-09-17,24898.32,24938.4,24783.19,24872.56,6349996049
2023-09-18,24871.45,25725.36,24753.9,25021.54,14604012182
2023-09-19,25027.68,25734.21,24952.45,25474.99,12926732278
2023-09-20,25474.16,25619.44,25169.36,25475.6,12470304435
2023-09-21,25473.56,25533.73,24798.58,24921.82,12543109513
2023-09-22,24918.47,25111.5,24866.29,24924.99,9920219726
2023-09-23,24924.04,24976.21,24869.62,24924.82,6943757707
2023-09-24,24924.81,25032.38,24622.51,24657.97,7693979394
2023-09-25,24655.1,24945.95,24474.37,24829.97,11327874247
2023-09-26,24826.46,24927.88,24677.22,24805.45,9447779085
2023-09-27,24798.12,25445.2,24886.24,25085.05,11154679998
2023-09-28,25087.99,25788.47,25071.96,25581.57,13328732653
2023-09-29,25584.69,25664.97,25266.66,25435.61,9826190897
2023-09-30,25435.58,25605.81,25414.11,25488.73,5038757973
2023-10-01,25488.24,26554.12,25486.06,26488.86,8996218165
2023-10-02,26482.28,27102.02,26096.46,26269.96,18886579408
2023-10-03,26248.46,26427.73,25990.33,26202.02,10897120569
2023-10-04,26201.16,26480.74,26008.78,26458.6,10605900143
2023-10-05,26457.89,26689.29,25988.7,25995.52,11261905035
2023-10-06,25991.93,26668.98,25928.07,26380.19,12736143050
2023-10-07,26380.37,26457.12,26308.29,26401.19,6185746183
2023-10-08,26403.87,26527.04,26166.6,26437.54,7492467439
2023-10-09,26436.96,26502.42,25910.43,26074.8,11350825082
2023-10-10,26080.02,26159.82,25759.33,25829.87,9404919556
2023-10-11,25830.86,25902.54,25090.89,25296.39,12847224158
2023-10-12,25296.37,25341.23,25199.68,25396.32,8915317429
2023-10-13,25392.6,25771.9,25404.69,25552.81,14425988685
2023-10-14,25556.45,25654.23,25507.35,25552.17,5125440701
2023-10-15,25548.66,25936.96,25510.49,25811.18,6745776251
2023-10-16,25814.0,27948.29,25791.07,27021.17,26371596001
2023-10-17,27023.66,27051.13,26651.01,26876.3,14066793457
2023-10-18,26874.2,27316.7,26742.58,26882.21,12074574546
2023-10-19,26886.07,27258.69,26748.38,27129.19,13647866940
2023-10-20,27141.47,28431.2,27054.35,28007.35,20320410961
2023-10-21,28007.76,28577.75,27817.51,28229.52,10889649248
2023-10-22,28229.75,28494.68,28028.66,28324.65,9865139860
2023-10-23,28463.27,32214.93,28434.56,31008.65,35954608515
2023-10-24,31000.28,32901.4,30820.65,31996.87,42410461495
2023-10-25,32010.57,33210.75,31843.71,32653.23,23900509783
2023-10-26,32654.62,33033.16,32067.62,32333.44,18390210541
2023-10-27,32333.29,32434.95,31636.97,32080.37,15532279998
2023-10-28,32078.4,32543.54,32047.26,32250.44,9612180977
2023-10-29,32250.25,32855.38,32116.1,32700.62,10566460826
2023-10-30,32694.24,32875.95,32171.36,32506.68,16190853625
2023-10-31,32504.52,32827.05,32104.23,32773.71,14897317685
2023-11-01,32763.78,33607.29,32370.27,33472.75,21201940470
2023-11-02,33476.84,33898.27,32407.04,32911.65,19780160358
2023-11-03,32915.64,32915.64,32061.95,32351.42,15982244495
2023-11-04,32355.15,32839.23,32243.72,32677.31,8905867542
2023-11-05,32684.59,32944.94,32253.39,32660.25,11566641714
2023-11-06,32656.0,32826.06,32386.47,32688.99,11842658843
2023-11-07,32698.71,33560.52,32345.0,33137.68,17609387418
2023-11-08,33115.16,33611.48,32887.55,33287.52,16146859628
2023-11-09,33267.31,35384.44,33234.45,34397.79,35400428411
2023-11-10,34406.34,35049.13,34064.59,34881.02,21230445244
2023-11-11,34877.38,34968.07,34375.95,34716.57,13016381749
2023-11-12,34712.78,34743.27,34381.04,34661.76,10800162934
2023-11-13,34676.53,35005.16,34023.44,34109.41,17808365370
2023-11-14,34099.53,34338.99,32151.75,32669.89,21932206517
2023-11-15,32679.52,34982.64,32539.21,34899.3,25212076781
2023-11-16,34898.75,34958.92,32737.67,33312.57,23962892787
2023-11-17,33321.84,33620.94,33045.83,33522.2,20559421592
2023-11-18,33548.47,33744.41,33189.35,33512.14,10887477949
2023-11-19,33512.2,34384.38,33355.41,34282.23,11843533441
2023-11-20,34270.79,34522.95,33757.36,34239.58,19083822904
2023-11-21,34232.46,34361.03,32805.49,32805.49,23057727173
2023-11-22,32753.04,34766.9,32674.65,34379.77,22407676695
2023-11-23,34368.84,34462.93,33846.67,34197.49,13036216281
2023-11-24,34203.63,35123.72,34172.1,34459.36,20941268119
2023-11-25,34460.4,34616.63,34365.39,34529.26,8312913238
2023-11-26,34529.29,34540.18,33939.66,34259.4,12564021872
2023-11-27,34236.61,34353.51,33613.95,33993.83,17339865672
2023-11-28,33988.2,34916.31,33688.13,34379.07,19716407904
2023-11-29,34374.55,34911.05,34278.88,34499.99,18889675827
2023-11-30,34502.38,34753.73,34433.92,34625.02,16632736550
2023-12-01,34629.85,35832.48,34523.88,35518.44,21586052430
2023-12-02,35518.93,36447.09,35485.25,36260.98,14268788411
2023-12-03,36257.2,36873.02,36097.33,36724.75,14486279586
2023-12-04,36724.97,39106.96,36724.97,38736.51,36776645956
2023-12-05,38742.2,41131.79,38325.33,40832.43,33636384491
2023-12-06,40831.86,40977.66,40308.88,40632.4,27780665117
2023-12-07,40653.47,40928.07,39797.62,40122.91,25612353182
2023-12-08,40123.34,41539.38,39986.85,40995.44,22667680509
2023-12-09,41007.89,41176.12,40495.14,40586.46,16121172681
2023-12-10,40588.68,40909.8,40495.07,40666.92,12076134189
2023-12-11,40678.36,40690.4,37380.94,38311.31,37743607791
2023-12-12,38306.58,38979.16,37697.57,38385.14,22947173736
2023-12-13,38402.04,39931.86,37712.34,39411.66,24624174259
2023-12-14,39405.71,39434.05,38240.78,39135.16,23266563571
2023-12-15,39139.05,39227.5,38217.65,38437.68,18003791136
2023-12-16,38445.0,39111.64,38248.25,38722.19,13188545203
2023-12-17,38718.52,38831.63,37892.55,37966.64,15308580792
2023-12-18,37951.53,39111.37,37145.33,39020.06,23092100323
2023-12-19,39036.51,39706.42,38110.69,38499.95,21104124796
2023-12-20,38491.55,40396.6,38496.05,39885.06,25463821399
2023-12-21,39881.29,40253.83,39572.25,39858.06,20399842399
2023-12-22,39857.91,40339.13,39388.53,39903.32,19071527621
2023-12-23,39916.29,39919.46,39316.95,39667.65,12250301745
2023-12-24,39657.52,39868.91,38848.81,39045.21,17092267976
2023-12-25,39040.18,39672.84,38850.48,39580.5,19163344467
2023-12-26,39568.43,39571.45,37778.32,38504.56,27190965041
2023-12-27,38502.81,39345.34,38217.79,39108.3,22740505379
2023-12-28,39131.11,39415.76,38211.79,38515.29,20773907848
2023-12-29,38503.35,38997.98,37469.18,38080.05,23517721045
2023-12-30,38073.13,38518.49,37588.73,38132.05,14485028393
2023-12-31,38127.71,38768.88,37988.55,38291.84,14855969946
2024-01-01,38305.47,40025.59,38219.16,40018.61,16696095504
2024-01-02,40036.55,41609.73,40027.32,41089.29,35950434827
2024-01-03,41092.61,41576.95,37371.32,39215.98,42413930730
2024-01-04,39222.97,40898.18,39071.6,40360.08,27815518796
2024-01-05,40372.01,40487.9,39058.86,40313.91,29517944389
2024-01-06,40328.76,40373.19,39686.3,40155.54,14690041790
2024-01-07,40164.0,40606.17,39920.16,40161.22,17666926685
2024-01-08,40166.35,43114.43,39537.63,42895.81,39037959858
2024-01-09,42911.46,43821.16,41395.75,42206.5,36426685220
2024-01-10,42189.86,43423.05,40645.23,42488.26,45665538159
2024-01-11,42514.04,44721.18,41601.87,42220.64,41733631991
2024-01-12,42208.08,42365.24,38219.42,39085.34,39522714682
2024-01-13,39036.35,39433.3,38730.53,39075.51,18790462489
2024-01-14,39075.4,39279.1,38120.48,38186.7,16008261347
2024-01-15,38112.51,39562.13,38103.7,38840.46,20392557029
2024-01-16,38828.93,40061.85,38703.34,39669.71,22119531074
2024-01-17,39648.71,39708.31,38844.63,39262.97,19153733750
2024-01-18,39262.66,39384.75,37389.37,37918.72,23174989410
2024-01-19,37933.79,38683.2,37031.35,38166.16,23616244981
2024-01-20,38171.83,38404.12,38008.81,38209.43,10625574894
2024-01-21,38214.84,38383.46,38102.64,38144.27,8579009413
2024-01-22,38151.49,38205.15,36241.13,36317.15,28808107460
2024-01-23,36327.58,36831.73,35454.13,36699.23,26935315403
2024-01-24,36728.74,37141.24,36305.7,36831.27,20548650512
2024-01-25,36829.87,36968.47,36444.65,36819.77,17049792852
2024-01-26,36822.54,38862.69,36734.7,38492.72,23563248548
2024-01-27,38491.57,38841.38,38137.78,38771.81,10514898011
2024-01-28,38777.39,39395.1,38431.58,38769.72,15549147600
2024-01-29,38765.41,39965.38,38701.78,39956.22,19077561931
2024-01-30,39967.28,40434.33,39385.57,39612.05,21988487304
2024-01-31,39606.19,40293.89,39121.91,39413.52,22837367991
2024-02-01,39401.63,39771.87,38747.3,39612.18,19701317928
2024-02-02,39613.89,40213.44,39394.47,39992.27,17228088847
2024-02-03,39991.44,40153.47,39719.03,39812.97,10343279551
2024-02-04,39815.46,39880.19,39289.18,39503.26,13731491707
2024-02-05,39497.73,40479.92,39235.15,39715.0,17424025115
2024-02-06,39713.82,40324.84,39579.38,40052.29,15616166337
2024-02-07,40057.26,41161.21,39758.71,41128.16,19605874860
2024-02-08,41141.05,42291.1,41141.05,42032.65,24267239777
2024-02-09,42028.77,44635.87,42007.2,43717.24,36456475765
2024-02-10,43723.11,44643.54,43492.96,44295.92,15205677486
2024-02-11,44293.78,45004.95,44153.24,44724.18,17888096185
2024-02-12,44726.46,46671.14,44319.14,46378.32,32038925926
2024-02-13,46362.66,46758.02,45174.01,46451.38,33238143997
2024-02-14,46442.98,48542.08,46022.78,48291.34,36438018997
2024-02-15,48300.74,49030.91,47686.43,48212.64,35797869001
2024-02-16,48211.87,48887.42,47948.54,48399.97,26149030201
2024-02-17,48401.34,48429.4,47016.89,47938.61,18566635635
2024-02-18,47937.66,48567.26,47540.27,48333.65,16316334143
2024-02-19,48345.03,48653.57,47961.47,48051.41,19824256609
2024-02-20,48050.09,48954.85,46978.16,48367.38,30854694565
2024-02-21,48356.89,48447.18,46835.65,47908.99,26454709694
2024-02-22,47923.29,48060.16,47013.47,47392.25,23475734895
2024-02-23,47372.79,47563.9,46676.1,46833.2,19780407304
2024-02-24,46837.28,47712.27,46697.95,47607.86,14007949994
2024-02-25,47602.43,47991.02,47349.8,47817.75,14246672819
2024-02-26,47815.26,50642.29,46983.77,50249.7,31404136534
2024-02-27,50246.9,53062.32,50227.89,52655.95,45896050163
2024-02-28,52642.78,58946.12,52349.31,57669.23,76799525876
2024-02-29,57664.06,58686.82,55980.44,56633.84,60611481553
2024-03-01,56605.78,58275.36,56197.53,57573.39,37053841004
2024-03-02,57565.11,57590.04,56851.1,57194.62,22026367161
2024-03-03,57196.22,58333.54,56605.0,58261.41,24214782930
2024-03-04,58233.41,63129.39,57511.95,62955.0,65110966484
2024-03-05,62964.8,63662.92,54662.06,58772.39,94700013077
2024-03-06,58749.22,62247.25,57910.9,60656.76,63082253938
2024-03-07,60650.28,62190.43,60234.29,61113.41,42908783273
2024-03-08,61124.92,63992.13,60486.02,62411.54,54098645569
2024-03-09,62410.77,62752.34,62185.86,62593.18,19746552762
2024-03-10,62594.44,63969.63,62389.56,63072.97,32609410343
2024-03-11,63073.67,66681.35,61394.55,65983.2,60121474891
2024-03-12,65984.32,66760.81,62943.26,65417.82,57248192058
2024-03-13,65418.57,67372.18,65274.69,66723.85,44017130178
2024-03-14,66720.08,67416.49,63001.46,65603.54,54759158986
2024-03-15,65595.53,66513.57,60287.11,63730.01,71917756863
2024-03-16,63719.65,64319.99,59503.88,59975.61,43012848654
2024-03-17,59976.73,63235.27,59223.55,62838.26,41086480972
2024-03-18,62820.52,63275.13,61246.18,62122.75,45304643119
2024-03-19,62129.68,62630.52,56642.95,56999.38,68326075351
2024-03-20,57015.38,62323.01,55955.75,62092.18,61067236556
2024-03-21,62090.27,62374.55,59476.64,60291.38,40948610730
2024-03-22,60290.03,61475.0,57444.88,58737.05,38128358668
2024-03-23,58759.12,60760.97,58055.3,58998.09,22783349644
2024-03-24,59005.96,62557.82,58780.42,62211.91,25174349775
2024-03-25,62211.84,65645.14,61400.98,64555.2,39401980746
2024-03-26,64529.83,65943.65,63961.27,64607.66,33242207017
2024-03-27,64611.41,66307.73,63196.18,64228.83,37754873033
2024-03-28,64226.45,66244.17,63657.72,65552.48,31851886037
2024-03-29,65552.34,65781.19,64015.41,64714.96,23361674571
2024-03-30,64715.53,65143.35,64444.81,64485.77,15861182173
2024-03-31,64488.06,66131.09,64466.85,66090.2,18577076876
2024-04-01,66090.05,66098.02,63459.89,64920.58,32481203376
2024-04-02,64923.26,64926.39,60031.17,60778.12,47088030248
2024-04-03,60777.84,61905.25,59960.01,60879.44,31821542739
2024-04-04,60874.72,63814.68,60044.43,63220.51,31781071439
2024-04-05,63226.89,63377.66,61056.59,62559.88,31122617757
2024-04-06,62562.58,64212.42,62240.86,63535.99,18414292073
2024-04-07,63536.91,64784.74,63494.97,64045.22,19579360407
2024-04-08,64045.22,67173.07,63800.72,65948.55,34305334170
2024-04-09,65949.61,66052.11,62849.07,63670.39,33545678294
2024-04-10,63671.52,66185.78,62786.42,65717.31,35674618252
2024-04-11,65706.01,66326.52,64987.87,65317.5,28111998916
2024-04-12,65318.22,66471.41,61312.27,63046.52,41404315168
2024-04-13,63039.5,63736.66,57157.35,59880.5,49605031852
2024-04-14,59894.34,61824.8,58364.64,61747.79,46104460061
2024-04-15,61748.66,62753.17,58671.12,59696.43,41032259716
2024-04-16,59689.93,60616.8,58076.43,60080.53,40342061721
2024-04-17,60099.34,60729.52,56185.28,57433.48,39286364669
2024-04-18,57432.19,60151.75,56914.77,59676.96,33831742410
2024-04-19,59675.08,61440.46,56170.07,59876.71,46818669689
2024-04-20,59883.78,61376.26,59247.25,60956.07,21662346331
2024-04-21,60954.55,61639.59,60245.77,60919.24,19240933719
2024-04-22,60927.68,63113.46,60496.62,62729.3,26544206489
2024-04-23,62731.38,63032.96,61737.58,62048.16,22715154524
2024-04-24,62049.52,62655.84,59439.68,60072.16,28296077449
2024-04-25,60070.41,60831.47,58749.97,60111.65,29976524832
2024-04-26,60115.07,60560.9,59246.27,59615.05,22571762071
2024-04-27,59611.0,59748.8,58370.86,59289.61,18259036101
2024-04-28,59293.69,60133.19,58665.86,58944.48,16189827934
2024-04-29,58938.06,59881.77,57772.57,59581.96,24858897199
2024-04-30,59580.37,60387.81,55395.8,56849.66,35477414710
2024-05-01,56824.01,56993.88,53030.48,54352.21,45195332228
2024-05-02,54351.93,55570.62,53123.61,55099.96,30485709223
2024-05-03,55098.91,58802.59,54857.69,58402.65,30805199204
2024-05-04,58403.75,59893.24,58132.89,59332.82,19149206887
2024-05-05,59333.73,59975.96,58463.45,59517.32,17006394964
2024-05-06,59524.0,60813.46,58253.73,58643.47,26644936274
2024-05-07,58644.23,59816.35,57941.53,57986.96,24122062496
2024-05-08,57984.94,58638.6,56641.48,56935.68,24275174693
2024-05-09,56938.72,58792.46,56521.28,58478.08,23607665704
2024-05-10,58482.93,58856.88,55880.79,56400.5,25796046718
2024-05-11,56401.04,57011.31,56122.03,56401.36,12842168746
2024-05-12,56401.17,57303.45,56204.48,57054.28,12813602353
2024-05-13,57056.9,58734.65,56426.62,58284.73,25842226838
2024-05-14,58284.11,58490.94,56532.76,56919.59,26064634497
2024-05-15,56920.7,61030.44,56706.1,60860.93,36566767037
2024-05-16,60850.47,61380.84,59442.72,60022.12,29051620412
2024-05-17,60021.86,62074.78,59967.2,61630.73,25764950378
2024-05-18,61643.91,61939.07,61273.75,61528.64,15361089778
2024-05-19,61526.0,62143.09,60640.25,60959.6,17704373950
2024-05-20,60959.94,65831.5,60778.59,65787.64,40376543667
2024-05-21,65782.91,66252.12,63734.5,64618.26,43239442691
2024-05-22,64617.14,65168.72,63721.45,63852.87,30301891227
2024-05-23,63851.91,64533.09,61384.23,62830.57,38750865478
2024-05-24,62829.24,63803.39,61568.41,63137.34,26901290234
2024-05-25,63138.1,64137.25,63127.87,63848.38,14262860908
2024-05-26,63846.85,64069.87,62870.39,63159.02,14406071421
2024-05-27,63153.57,64998.27,62826.3,63889.55,23818670894
2024-05-28,63887.38,63950.62,61920.11,62938.32,30155171478
2024-05-29,62938.43,63456.36,62116.93,62565.29,24725995652
2024-05-30,62563.43,64113.77,62089.73,63117.36,27244576509
2024-05-31,63115.08,63479.88,61443.27,62159.42,25224290872
2024-06-01,62146.36,62487.69,62064.17,62365.33,10723063091
2024-06-02,62368.41,63012.16,62034.82,62428.63,15766277926
2024-06-03,62430.74,64715.66,61025.21,63082.29,29706470423
2024-06-04,63082.09,65270.68,63059.18,64847.83,30462714742
2024-06-05,64848.36,66078.86,64785.85,65369.97,30173802522
