Date,Open,High,Low,Close,Volume
"Jan 13, 2026",78153.31,82450.17,78001.07,81877.50,47226145063
"Jan 12, 2026",78136.94,79252.91,77094.48,78159.87,35437148376
"Jan 11, 2026",77683.41,78063.88,77552.30,78138.32,14767435997
"Jan 10, 2026",77790.63,77965.04,77595.78,77684.52,10645293032
"Jan 9, 2026",78080.61,79011.65,76947.06,77793.20,32922739312
"Jan 8, 2026",78198.03,78357.63,76517.34,78081.34,36358503365
"Jan 7, 2026",80196.59,80206.28,77571.91,78196.67,37220470390
"Jan 6, 2026",80136.37,80661.34,78019.33,80197.93,44861513360
"Jan 5, 2026",78097.62,80818.59,78097.62,80141.15,45563809276
"Jan 4, 2026",77257.18,78203.32,77250.45,78096.65,22870646497
"Jan 3, 2026",76705.14,77322.47,76178.98,77257.34,17714696340
"Jan 2, 2026",75510.95,77452.83,75071.75,76704.84,39568987182
"Jan 1, 2026",74585.91,75579.01,74493.31,75510.03,16040347945
"Dec 31, 2025",75287.45,75885.89,74263.99,74586.57,28834571074
"Dec 30, 2025",74002.59,75915.39,73681.84,75287.91,30297618722
"Dec 29, 2025",74610.01,76727.55,73729.22,74005.81,41115654952
"Dec 28, 2025",74567.37,74726.65,74244.20,74610.04,12874374376
"Dec 27, 2025",74150.78,74631.44,74050.17,74569.76,11670304386
"Dec 26, 2025",74028.58,75975.66,73478.16,74150.78,36060364318
"Dec 25, 2025",74405.22,75164.04,73797.23,74027.92,16932419112
"Dec 24, 2025",74104.09,74701.25,73340.55,74408.31,21699714778
"Dec 23, 2025",75223.52,75544.43,73585.70,74112.30,37035811351
"Dec 22, 2025",75677.54,77089.27,74781.91,75223.51,32343357051
"Dec 21, 2025",75434.18,76040.29,74634.27,75677.84,16946925311
"Dec 20, 2025",75220.23,75557.94,75069.29,75433.59,12541692976
"Dec 19, 2025",72902.00,76218.60,72572.75,75221.70,39900386491
"Dec 18, 2025",73366.83,76119.50,72013.20,72890.38,44919414011
"Dec 17, 2025",74768.77,76825.80,72645.77,73366.31,37680903173
"Dec 16, 2025",73530.32,74908.61,72646.92,74765.69,35119023867
"Dec 15, 2025",75121.76,76649.92,72658.09,73526.38,38762262583
"Dec 14, 2025",76933.10,77104.93,74650.95,75125.25,42997008319
"Dec 13, 2025",76857.68,77232.27,76510.98,76935.04,54730946816
"Dec 12, 2025",78796.30,79038.02,76339.44,76868.41,68357725379
"Dec 11, 2025",78632.03,79685.78,76111.17,78794.31,54964293100
"Dec 10, 2025",79717.25,80800.55,78705.49,78640.27,55907936744
"Dec 9, 2025",77868.57,81293.12,76917.68,79714.22,57500612406
"Dec 8, 2025",77679.42,79174.13,77131.36,77869.00,49307270499
"Dec 7, 2025",76672.77,78759.34,75403.23,77663.15,40714682741
"Dec 6, 2025",76758.73,77522.69,76392.67,76668.09,32629701552
"Dec 5, 2025",79129.81,79542.38,75757.77,76757.35,54318332763
"Dec 4, 2025",80105.34,80666.85,78077.51,79136.66,55429387988
"Dec 3, 2025",78553.49,80590.14,78264.15,80168.38,66558727356
"Dec 2, 2025",74372.99,79468.46,74277.16,78557.89,67547418777
"Dec 1, 2025",77914.42,77922.22,72125.30,74372.16,75786278912
"Nov 30, 2025",78332.24,79304.13,77918.90,77918.90,33184768796
"Nov 29, 2025",78401.69,78633.55,77833.80,78343.92,32700969138
"Nov 28, 2025",78692.84,80340.63,77808.23,78402.14,52512118645
"Nov 27, 2025",78019.44,79355.48,77651.66,78692.83,49172040045
"Nov 26, 2025",75525.37,78108.13,74575.04,78019.95,57314758493
"Nov 25, 2025",76620.88,76817.05,74437.54,75522.18,56063100355
"Nov 24, 2025",75429.17,77401.22,73961.35,76621.41,64610780406
"Nov 23, 2025",73482.87,76465.81,73476.93,75434.59,50475202516
"Nov 22, 2025",73899.59,74258.77,72477.87,73482.65,35412203904
"Nov 21, 2025",75023.04,75771.30,70129.84,73892.75,112160378308
"Nov 20, 2025",79258.30,80774.51,74564.77,75112.45,84943488887
"Nov 19, 2025",80262.73,80262.73,76814.91,79264.06,69631295944
"Nov 18, 2025",79459.99,80980.84,77016.83,80265.07,87505590228
"Nov 17, 2025",81087.66,82632.70,78731.20,79459.42,81264671463
"Nov 16, 2025",82213.59,83106.22,79984.86,81084.39,61203685180
"Nov 15, 2025",81225.40,83210.86,81225.40,82206.95,33124592083
"Nov 14, 2025",85721.00,85782.11,80864.32,81205.88,98366755329
"Nov 13, 2025",87712.26,89713.16,84217.48,85723.39,87313506033
"Nov 12, 2025",88904.02,90929.53,87036.22,87702.80,55511024731
"Nov 11, 2025",91712.62,93007.52,88457.56,88891.97,61388814314
"Nov 10, 2025",90722.94,92240.48,90348.04,91712.39,60208423480
"Nov 9, 2025",88404.43,91250.35,87704.22,90719.36,51700545977
"Nov 8, 2025",89348.91,89350.52,87694.85,88407.13,44467741661
"Nov 7, 2025",87701.53,89939.64,85883.36,89349.52,79665068128
"Nov 6, 2025",90375.34,90522.34,86969.59,87714.56,55357964182
"Nov 5, 2025",88436.51,90971.74,86111.23,90373.74,67489815842
"Nov 4, 2025",92495.43,93169.31,86192.20,88446.34,96609806538
"Nov 3, 2025",95985.30,96086.24,91382.77,92500.72,63247489249
"Nov 2, 2025",94936.30,95887.59,94977.87,95978.99,29741277432
"Nov 1, 2025",94454.88,95376.60,94294.80,94935.94,22315659634
"Oct 31, 2025",93594.62,96297.13,93580.66,94452.75,51806302591
"Oct 30, 2025",94850.01,96054.37,91987.97,93595.59,60210916587
"Oct 29, 2025",96872.05,97601.94,94368.69,94846.65,53597662790
"Oct 28, 2025",97955.63,99639.77,96373.55,96901.93,55356821468
"Oct 27, 2025",98424.63,100008.30,97748.02,97947.25,53009033064
"Oct 26, 2025",96032.02,99112.39,95713.27,98418.26,35859112175
"Oct 25, 2025",95510.37,96297.53,95228.04,96034.33,21253560124
"Oct 24, 2025",94746.93,96298.43,94423.41,95511.49,41427982927
"Oct 23, 2025",92769.39,95851.87,92675.45,94747.25,47295476064
"Oct 22, 2025",93528.16,93966.03,91958.81,92777.27,69617908518
"Oct 21, 2025",94972.99,98136.38,92582.37,93515.54,87237444825
"Oct 20, 2025",93213.20,95819.24,92175.60,94974.10,54540683224
"Oct 19, 2025",91965.65,93873.67,91060.03,93212.57,40879419767
"Oct 18, 2025",91320.02,92183.84,91264.72,91960.46,32409642863
"Oct 17, 2025",92467.52,93291.09,88596.76,91306.34,85504938299
"Oct 16, 2025",95125.66,96095.17,92008.47,92473.42,74626300100
"Oct 15, 2025",97484.23,97765.13,94752.99,95126.52,62317448381
"Oct 14, 2025",99660.90,99940.37,95002.76,97488.27,79471213115
"Oct 13, 2025",99266.26,100285.32,98259.55,99666.25,61891609869
"Oct 12, 2025",95354.52,99815.63,94411.43,99273.23,80775846765
"Oct 11, 2025",97449.80,97599.13,94450.17,95351.40,94860094606
"Oct 10, 2025",105231.88,105912.66,90002.27,97430.81,131777400613
"Oct 9, 2025",106058.53,106548.24,103660.30,105232.61,64548649946
"Oct 8, 2025",104221.27,106971.19,104257.81,106073.84,56198689950
"Oct 7, 2025",106537.83,107299.23,103460.41,104223.87,65347846796
"Oct 6, 2025",105454.95,107745.13,105167.79,106538.16,61973534259
"Oct 5, 2025",104297.89,106972.68,104103.88,105457.53,62916971157
"Oct 4, 2025",104123.84,104626.43,103580.45,104302.79,31326231243
"Oct 3, 2025",102908.95,105588.87,101689.95,104123.03,71485077211
"Oct 2, 2025",101127.55,103273.99,100819.71,102929.65,60910350376
"Oct 1, 2025",97198.51,101124.60,97132.32,101124.60,60793505405
"Sep 30, 2025",97518.91,97946.45,95961.27,97197.23,50267442810
"Sep 29, 2025",95787.02,97628.55,95140.92,97522.21,51147965709
"Sep 28, 2025",93729.26,96004.63,93348.98,95791.08,28510288322
"Sep 27, 2025",93730.71,93791.67,93249.83,93729.25,22481669609
"Sep 26, 2025",93503.34,94319.48,93186.82,93735.57,49329977406
"Sep 25, 2025",96515.37,96681.48,93253.05,93510.20,64766123163
"Sep 24, 2025",94795.34,97119.95,94259.45,96514.06,40916218512
"Sep 23, 2025",95553.05,96030.61,94412.41,94801.12,39956760573
"Sep 22, 2025",98250.61,98364.67,94957.62,95545.45,59899240357
"Sep 21, 2025",98510.61,98656.05,98156.13,98247.95,19167860811
"Sep 20, 2025",98497.70,98894.47,98312.43,98503.57,19462425292
"Sep 19, 2025",99360.74,99705.89,98012.17,98495.77,33057980312
"Sep 18, 2025",98482.67,100050.27,98286.42,99360.34,41951586971
"Sep 17, 2025",98423.29,99087.65,96866.52,98488.80,51184072511
"Sep 16, 2025",98125.20,98612.52,97107.30,98425.55,38565305538
"Sep 15, 2025",98416.96,99543.09,97284.92,98143.15,45004062425
"Sep 14, 2025",98815.63,99012.66,98259.01,98423.80,27971345879
"Sep 13, 2025",98923.32,99238.26,98217.34,98815.80,29443874692
"Sep 12, 2025",98450.30,99496.51,97959.41,98930.16,46682917035
"Sep 11, 2025",97382.09,98462.87,96805.96,98450.08,38938568994
"Sep 10, 2025",95307.91,97498.96,94834.02,97376.91,48175566143
"Sep 9, 2025",95235.68,96245.25,94482.11,95307.31,39295578156
"Sep 8, 2025",94910.98,96061.88,94453.53,95230.46,34170033936
"Sep 7, 2025",94073.57,95293.87,94065.29,94914.91,21018854820
"Sep 6, 2025",94397.88,94930.61,93905.23,94076.45,18350799195
"Sep 5, 2025",94985.95,96599.05,93959.20,94398.24,51393173741
"Sep 4, 2025",95803.56,96241.30,93958.46,94986.45,51584694982
"Sep 3, 2025",95583.20,96541.63,95193.57,95807.91,52412966980
"Sep 2, 2025",93249.55,95766.93,93369.27,95591.70,64280776403
"Sep 1, 2025",92580.38,93724.80,91591.57,93255.98,57080349778
"Aug 31, 2025",93110.73,93702.18,92470.77,92587.20,41048060247
"Aug 30, 2025",92772.54,93201.59,91946.77,93101.84,44054324942
"Aug 29, 2025",96372.62,96446.39,92045.33,92773.77,66615328407
"Aug 28, 2025",95486.67,97243.51,95249.14,96367.73,50399656005
"Aug 27, 2025",96067.73,97173.10,95292.58,95489.26,53347521231
"Aug 26, 2025",94814.43,96547.57,93374.27,96073.70,59633298993
"Aug 25, 2025",96902.29,97097.29,94098.69,94814.64,73791721072
"Aug 24, 2025",98436.64,98630.88,94847.54,96903.60,63169694718
"Aug 23, 2025",99677.08,99787.86,97689.56,98425.49,47242074209
"Aug 22, 2025",96822.98,100017.98,96189.08,99683.66,70389444381
"Aug 21, 2025",98083.96,98576.79,96498.65,96810.32,49790217455
"Aug 20, 2025",96919.16,98366.24,96420.66,98083.16,58359768370
"Aug 19, 2025",99623.92,100125.44,96822.45,96921.87,61553807046
"Aug 18, 2025",100332.18,100490.13,98225.16,99632.88,62382063045
"Aug 17, 2025",100379.73,101407.22,100197.52,100331.46,39168115365
"Aug 16, 2025",100299.11,100809.70,100191.05,100378.50,41040248560
"Aug 15, 2025",101596.55,102225.31,99841.15,100299.05,58664107141
"Aug 14, 2025",105306.80,106252.52,100752.78,101591.23,89313754495
"Aug 13, 2025",102905.50,105607.38,101791.39,105310.79,77614253035
"Aug 12, 2025",102197.98,103059.27,101823.19,102908.87,62344684478
"Aug 11, 2025",102429.79,104865.27,101721.10,102209.84,77931613330
"Aug 10, 2025",100002.34,102430.39,99991.56,102429.75,55595216263
"Aug 9, 2025",100179.97,101234.62,99909.99,100004.61,46357625815
"Aug 8, 2025",100634.17,100855.17,99407.56,100188.94,51269586236
"Aug 7, 2025",98627.45,100824.52,97907.20,100626.81,54855177871
"Aug 6, 2025",98579.28,99265.91,97862.92,98625.70,48339807346
"Aug 5, 2025",99324.33,99440.40,97509.68,98579.74,52717283291
"Aug 4, 2025",98573.19,100001.14,98615.40,99324.07,30886049903
"Aug 3, 2025",97070.67,98994.44,96586.57,98567.80,41509102665
"Aug 2, 2025",97744.51,98379.32,96640.03,97071.63,49059797575
"Aug 1, 2025",101332.23,101665.98,97230.47,97744.24,78746097008
"Jul 31, 2025",103108.08,103849.61,101159.59,101349.09,60735402827
"Jul 30, 2025",102087.90,103461.34,101394.63,103105.95,60286265798
"Jul 29, 2025",101701.39,103291.53,101330.95,102088.03,59270155219
"Jul 28, 2025",101617.62,101949.03,101308.74,101689.22,55898444489
"Jul 27, 2025",100408.35,101928.45,100335.95,101609.93,46516918613
"Jul 26, 2025",100153.05,100741.18,99758.38,100410.60,41296497231
"Jul 25, 2025",100697.79,100810.27,97657.28,100145.42,89266567585
"Jul 24, 2025",100881.22,101593.18,99708.02,100697.79,61785367190
"Jul 23, 2025",102230.38,102317.36,100175.36,100867.61,56575750087
"Jul 22, 2025",100407.41,102358.76,99444.73,102228.66,67488469327
"Jul 21, 2025",100868.43,102806.61,100240.43,100418.55,59700786567
"Jul 20, 2025",101426.04,102217.98,100224.26,100863.55,49455865126
"Jul 19, 2025",101472.49,101939.68,100948.16,101422.48,40903145750
"Jul 18, 2025",102696.34,104065.34,100564.65,101476.88,67029490525
"Jul 17, 2025",102048.38,104347.52,101481.39,102701.28,62300853594
"Jul 16, 2025",101463.40,103160.30,100837.53,102048.38,62018789940
"Jul 15, 2025",102742.80,102714.02,99636.98,101463.40,84702734604
"Jul 14, 2025",101941.31,105373.80,101722.84,102739.24,155799210089
"Jul 13, 2025",100463.25,102437.33,100320.59,101941.60,41953083727
"Jul 12, 2025",100547.52,101137.13,100073.84,100465.84,38946261340
"Jul 11, 2025",99116.50,101697.88,98691.68,100535.79,74367212908
"Jul 10, 2025",94824.87,99635.91,94587.05,99117.33,81961646321
"Jul 9, 2025",92931.32,95482.53,92572.13,94822.61,49339794192
"Jul 8, 2025",92274.20,93308.77,91539.20,92931.32,37771391654
"Jul 7, 2025",92726.27,93183.94,91901.23,92275.59,38695899298
"Jul 6, 2025",91887.41,93128.13,91561.26,92723.50,31192484153
"Jul 5, 2025",91704.59,92014.89,91585.85,91887.41,25992346430
"Jul 4, 2025",93151.49,93300.16,91106.32,91720.29,36181018883
"Jul 3, 2025",92254.09,93887.51,92034.94,93161.97,42902655791
"Jul 2, 2025",89538.98,93074.20,89052.75,92266.23,47674843584
"Jul 1, 2025",90905.05,91172.54,89280.73,89534.90,37365285188
"Jun 30, 2025",92422.90,92735.95,90847.23,90897.37,35689252482
"Jun 29, 2025",91572.10,92594.65,91488.73,92424.71,30302008828
"Jun 28, 2025",91369.66,91776.91,91193.41,91572.00,25628172751
"Jun 27, 2025",91464.32,91984.88,90827.71,91367.85,38695770590
"Jun 26, 2025",91900.71,92580.34,91109.59,91468.66,37534981936
"Jun 25, 2025",91322.51,93144.13,91114.11,91888.89,44184310189
"Jun 24, 2025",91025.34,91467.23,90362.97,91320.98,42043817111
"Jun 23, 2025",87815.48,91477.62,86474.09,91030.74,56248974942
"Jun 22, 2025",88691.12,89671.05,85715.80,87815.19,56988875582
"Jun 21, 2025",89643.99,90256.26,87603.41,88730.49,33286105805
"Jun 20, 2025",90934.32,92499.63,88729.88,89639.24,44209697526
"Jun 19, 2025",91396.34,91791.83,90706.20,90937.15,32431131395
"Jun 18, 2025",91101.71,91780.30,90283.77,91393.34,41232083827
"Jun 17, 2025",92429.99,93214.70,89889.84,91100.88,48741142583
"Jun 16, 2025",91394.05,94151.68,90978.55,92432.27,43592164521
"Jun 15, 2025",91315.47,91914.85,90497.28,91390.95,31814617927
"Jun 14, 2025",91872.41,91955.25,90375.62,91322.02,32908658537
"Jun 13, 2025",91248.00,91936.88,89014.47,91857.59,60219414601
"Jun 12, 2025",94424.91,94530.86,91280.14,91251.84,47244866154
"Jun 11, 2025",96402.66,96211.00,94032.30,94425.53,44171443836
"Jun 10, 2025",96527.59,96576.87,94918.52,96398.67,47824681650
"Jun 9, 2025",92746.73,96808.69,92341.35,96526.20,48924853962
"Jun 8, 2025",92642.93,93464.38,92167.35,92747.28,32109521983
"Jun 7, 2025",91566.77,92954.53,91233.20,92641.27,33652081202
"Jun 6, 2025",88687.02,92553.69,88330.14,91566.52,42854858074
"Jun 5, 2025",91717.90,92570.45,87762.05,88688.40,50186554936
"Jun 4, 2025",92614.81,93123.00,91290.23,91701.44,39002675074
"Jun 3, 2025",92451.23,93876.32,91950.21,92613.15,40579567308
"Jun 2, 2025",93057.52,92536.47,90814.51,92445.16,40005185562
"Jun 1, 2025",92210.57,93240.45,91496.47,93059.53,32939739061
"May 31, 2025",91644.30,92467.48,90887.67,92211.27,34366459922
"May 30, 2025",92860.38,93668.39,91372.06,91647.70,50808145278
"May 29, 2025",95993.03,96515.98,92609.13,92856.47,49242598476
"May 28, 2025",96133.82,96429.29,94590.86,95999.05,43773355211
"May 27, 2025",96092.84,97430.65,94350.13,96136.00,50672491726
"May 26, 2025",95847.16,96997.33,95441.19,96092.80,40346251376
"May 25, 2025",94814.58,96102.35,93830.48,95857.37,41775011304
"May 24, 2025",94353.91,96267.77,94016.87,94804.80,40373295873
"May 23, 2025",98985.99,99055.06,93969.38,94362.09,59410136932
"May 22, 2025",96780.83,99444.63,96441.45,98980.61,62183535752
"May 21, 2025",94601.62,97772.25,93678.72,96784.87,68906921525
"May 20, 2025",94018.28,95100.61,92685.55,94601.42,32347638564
"May 19, 2025",95120.70,95726.18,91086.97,94018.97,54984634070
"May 18, 2025",92444.27,95269.62,92404.53,95134.52,44585831283
"May 17, 2025",92715.13,92919.08,91971.43,92447.96,33952972315
"May 16, 2025",92686.88,93821.84,92055.36,92715.13,39765465302
"May 15, 2025",92589.80,93226.34,90745.40,92694.91,45039310410
"May 14, 2025",93121.32,92942.30,91658.97,92590.33,41096308542
"May 13, 2025",92654.72,93836.41,91402.16,93123.54,47030178547
"May 12, 2025",92718.29,94557.05,90975.02,92655.13,57001391685
"May 11, 2025",93063.55,93274.13,91875.75,92717.74,41222159515
"May 10, 2025",91528.19,93279.02,91400.88,93059.33,37577657234
"May 9, 2025",91945.80,92689.70,91195.37,91525.64,51729820240
"May 8, 2025",85847.95,92621.78,85644.34,91947.88,62249546110
"May 7, 2025",85360.73,86096.10,84671.35,85846.24,68108973441
"May 6, 2025",83757.29,85426.80,82264.63,85362.75,23413552255
"May 5, 2025",83310.59,84141.64,82520.86,83756.99,22821496681
"May 4, 2025",84827.34,85218.16,83187.06,83307.41,16074537504
"May 3, 2025",85736.38,85771.10,84784.76,84840.27,13957068288
"May 2, 2025",85403.74,86137.41,85095.34,85741.18,23376797858
"May 1, 2025",83210.97,86330.23,83158.66,85401.41,29097101994
"Apr 30, 2025",82778.15,83736.16,81787.68,83206.06,25034673154
"Apr 29, 2025",83250.27,83724.09,82350.82,82776.67,22656311121
"Apr 28, 2025",82644.08,84178.87,81763.85,83247.55,28366110459
"Apr 27, 2025",83083.88,83741.17,82411.50,82643.68,15946424009
"Apr 26, 2025",83045.80,83506.87,82383.59,83071.61,15458776611
"Apr 25, 2025",82613.50,84226.38,81850.16,83050.93,35874475737
"Apr 24, 2025",82696.28,82656.22,80602.23,82604.30,27682998639
"Apr 23, 2025",82308.12,83051.81,80824.31,82702.21,36823193346
"Apr 22, 2025",76012.40,82613.71,75818.49,82320.72,49246102596
"Apr 21, 2025",74398.02,76850.95,74295.66,76009.82,35952425595
"Apr 20, 2025",74800.38,75011.70,73842.60,74400.44,12809165697
"Apr 19, 2025",74259.42,75267.86,74173.77,74798.05,13417823311
"Apr 18, 2025",74654.52,74825.87,74125.78,74259.37,11192325116
"Apr 17, 2025",73745.91,75230.81,73635.88,74650.62,18709195113
"Apr 16, 2025",74078.97,75125.20,73427.29,73748.71,25992792214
"Apr 15, 2025",74557.75,76372.09,74002.76,74074.08,24824742777
"Apr 14, 2025",73784.26,75494.05,73780.83,74560.13,30065536227
"Apr 13, 2025",75083.20,75730.95,73342.32,73775.84,25387133845
"Apr 12, 2025",73475.54,75590.96,72916.02,75089.93,21357692783
"Apr 11, 2025",70714.53,74218.15,69778.92,73475.83,36697705893
"Apr 10, 2025",75390.41,75480.48,70132.09,70715.50,39713788054
"Apr 9, 2025",69483.00,76281.12,67571.98,75397.70,76894873353
"Apr 8, 2025",72574.18,73695.55,69433.54,69481.53,44013191049
"Apr 7, 2025",71228.58,74059.92,67559.84,72589.63,83607971616
"Apr 6, 2025",76192.52,76375.20,70136.13,71222.34,33050202697
"Apr 5, 2025",76502.92,76833.52,75164.41,76192.79,13121562941
"Apr 4, 2025",75246.70,77109.74,73927.14,76502.11,41203456600
"Apr 3, 2025",75639.70,76849.26,73181.85,75249.03,33369329524
"Apr 2, 2025",78906.89,81226.64,75938.28,75638.08,43634132047
"Apr 1, 2025",76308.84,79155.06,76164.23,78896.29,26100457322
"Mar 31, 2025",76069.88,77608.04,75003.85,76306.07,26810754481
"Mar 30, 2025",75947.76,76782.68,75479.07,76068.45,13640164917
"Mar 29, 2025",77561.56,77759.49,75062.43,75948.31,15603325807
"Mar 28, 2025",80720.97,81033.90,77217.20,77562.55,31445562241
"Mar 27, 2025",80900.41,81440.88,79560.27,80713.45,22603359477
"Mar 26, 2025",81066.80,81841.80,79870.98,80904.73,24861466861
"Mar 25, 2025",81011.14,82052.06,79926.25,81077.44,27812383135
"Mar 24, 2025",79429.35,82089.48,79013.89,80998.27,32013324882
"Mar 23, 2025",77101.66,79451.36,77067.64,79414.07,11622764623
"Mar 22, 2025",77272.13,77702.05,76945.91,77102.20,9071369915
"Mar 21, 2025",77546.01,78124.66,76776.05,77269.36,17496597844
"Mar 20, 2025",79614.20,80111.50,77091.93,77548.45,26746207327
"Mar 19, 2025",75619.96,79764.75,75501.18,79597.03,32013185386
"Mar 18, 2025",77004.02,77004.02,74391.07,75619.68,22027899314
"Mar 17, 2025",75899.71,77595.44,75626.41,77004.00,22982206272
"Mar 16, 2025",77253.12,78150.85,75362.80,75902.79,19605632509
"Mar 15, 2025",76877.27,77522.06,76869.48,77262.09,12504464282
"Mar 14, 2025",74682.48,78423.98,74418.11,76877.91,27089396321
"Mar 13, 2025",76912.89,77397.80,73578.79,74682.21,28938982639
"Mar 12, 2025",75916.91,77442.61,73867.70,76910.55,37070244252
"Mar 11, 2025",72441.88,76467.80,70652.01,75921.34,50120708741
"Mar 10, 2025",74212.80,77447.16,71543.21,72449.38,49873851027
"Mar 9, 2025",79536.88,79829.37,73770.21,74216.39,28451716084
"Mar 8, 2025",80057.48,80154.04,78685.13,79537.15,16807724357
"Mar 7, 2025",83398.21,84484.49,78527.36,80057.51,60863310226
"Mar 6, 2025",83953.91,85848.47,81401.77,83396.77,44265268066
"Mar 5, 2025",82104.45,84309.51,81349.70,83955.02,46783019993
"Mar 4, 2025",82079.04,83686.67,77602.95,82103.73,64099208419
"Mar 3, 2025",90517.03,90691.18,81123.92,82080.57,66827674139
"Mar 2, 2025",82900.23,91608.09,81966.43,90516.96,56086292370
"Mar 1, 2025",81298.44,83368.56,80739.93,82896.05,28126629991
"Feb 28, 2025",81494.44,81964.30,75242.28,81297.62,80562965278
"Feb 27, 2025",80164.59,83002.14,79938.64,81493.09,50663266823
"Feb 26, 2025",84253.93,84989.62,78342.99,80422.19,61591641630
"Feb 25, 2025",87404.28,88319.03,81811.72,84346.40,87580982647
"Feb 24, 2025",91920.71,92108.59,87341.79,87386.17,42103810505
"Feb 23, 2025",92339.39,92429.34,91089.41,91916.85,16230133556
"Feb 22, 2025",91867.00,92695.41,91514.51,92339.35,17548348536
"Feb 21, 2025",93653.27,94967.92,90674.97,91858.73,47406675207
"Feb 20, 2025",92729.88,94081.48,92513.30,93646.85,30158566465
"Feb 19, 2025",91434.09,92899.05,90943.08,92732.70,27819989489
"Feb 18, 2025",91339.30,92540.96,89446.05,91440.80,35724409748
"Feb 17, 2025",91697.64,92649.20,90851.58,91338.88,26070813720
"Feb 16, 2025",93009.14,93147.45,91581.27,91693.85,15766241815
"Feb 15, 2025",92896.14,93340.72,92640.64,93009.00,16248653005
"Feb 14, 2025",92358.99,94045.99,91744.37,92896.70,31151339781
"Feb 13, 2025",94192.27,94333.62,91364.32,92359.47,35507822767
"Feb 12, 2025",92381.48,94504.42,91158.28,94189.50,47477251626
"Feb 11, 2025",94593.81,95586.08,91560.77,92383.16,36171539894
"Feb 10, 2025",93599.66,95269.84,92528.04,94593.26,38909017400
"Feb 9, 2025",93417.26,94234.42,92140.62,93600.27,26899528101
"Feb 8, 2025",93435.90,93769.38,92663.17,93418.36,21734637852
"Feb 7, 2025",92998.73,96447.34,92592.52,93431.85,53952775411
"Feb 6, 2025",92906.78,95688.09,92162.35,93010.27,43622022053
"Feb 5, 2025",94373.00,95147.49,92466.90,92911.40,47242522056
"Feb 4, 2025",98177.18,98562.30,92705.65,94367.03,70387923928
"Feb 3, 2025",95324.64,99157.24,89222.69,98183.67,111734495826
"Feb 2, 2025",97135.56,97877.75,93886.11,95332.33,61569789864
"Feb 1, 2025",98830.07,99170.68,96784.48,97130.13,26785639556
"Jan 31, 2025",100738.27,102066.59,97951.66,98832.22,44137193944
"Jan 30, 2025",99484.95,101998.98,99089.28,100736.09,40315233733
"Jan 29, 2025",97165.34,100589.38,97133.01,99479.07,45500000133
"Jan 28, 2025",97814.55,99385.13,96099.16,97179.67,45247126641
"Jan 27, 2025",98094.19,98621.60,93478.54,97807.16,85274561336
"Jan 26, 2025",99703.10,100408.16,97926.95,98096.29,21536517646
"Jan 25, 2025",99799.19,100208.30,99129.27,99704.47,22746003575
"Jan 24, 2025",99816.81,101970.56,98433.19,99794.86,49876947107
"Jan 23, 2025",99593.77,102729.75,97183.39,99811.54,99950120635
"Jan 22, 2025",101986.55,102045.65,99202.70,99589.35,51765886964
"Jan 21, 2025",97915.67,102744.41,96500.21,101996.05,85264472337
"Jan 20, 2025",98324.98,105812.41,96722.17,97881.21,121160679030
"Jan 19, 2025",101666.31,103345.20,96931.52,98330.67,74694177796
"Jan 18, 2025",101067.64,102021.17,99225.04,101663.18,49119439437
"Jan 17, 2025",97097.11,103037.74,97035.09,101394.83,69778168648
"Jan 16, 2025",97626.73,97889.16,94748.36,96836.13,52519677177
"Jan 15, 2025",93666.31,97822.23,93690.45,97625.95,56150304169
"Jan 14, 2025",92088.92,94902.78,92043.42,93666.30,52172340058
"Jan 13, 2025",92246.48,93596.52,87411.88,92086.51,71102708207
"Jan 12, 2025",92218.80,93000.70,91386.76,92246.04,20389485037
"Jan 11, 2025",92332.46,92620.53,91493.20,92219.64,18392804431
"Jan 10, 2025",89829.73,93484.57,89956.20,92333.07,60506667813
"Jan 9, 2025",92158.91,92421.15,88549.16,89819.57,60968648784
"Jan 8, 2025",93723.54,93998.52,89804.75,92158.95,61937226845
"Jan 7, 2025",98473.11,98956.09,92892.72,93722.13,56747818088
"Jan 6, 2025",95402.57,98587.09,94976.41,98308.65,49909748805
"Jan 5, 2025",95266.36,95896.44,94352.68,95402.58,19917235201
"Jan 4, 2025",95134.05,95751.76,94623.66,95268.61,21667660230
"Jan 3, 2025",94353.98,96061.63,93430.73,95134.48,34532259176
"Jan 2, 2025",91215.95,95260.45,91023.77,94359.00,44809128866
"Jan 1, 2025",90265.93,91665.61,89650.50,91219.30,23688762764
"Dec 31, 2024",89031.27,92562.16,88287.74,90269.89,42149923855
"Dec 30, 2024",89671.63,91217.28,87812.02,89031.24,53997345803
"Dec 29, 2024",91267.83,91268.62,89027.76,89674.54,28414175532
"Dec 28, 2024",90317.23,91605.23,90177.28,91258.12,23117994682
"Dec 27, 2024",91831.03,93460.55,89574.58,90321.71,50280519776
"Dec 26, 2024",95486.16,96071.98,91468.32,91917.91,45150289357
"Dec 25, 2024",94839.69,95672.09,93628.34,95487.59,32406804981
"Dec 24, 2024",91004.25,95666.87,89818.21,94839.87,45283265620
"Dec 23, 2024",91147.54,92778.63,88804.59,91006.07,62703358592
"Dec 22, 2024",93210.30,93346.39,90305.52,91152.85,41354966950
"Dec 21, 2024",93712.51,95390.98,92460.02,93216.45,49631204857
"Dec 20, 2024",94055.48,94520.07,88670.22,93712.26,101264529548
"Dec 19, 2024",96682.09,98788.65,92200.73,94061.51,93801695974
"Dec 18, 2024",101145.31,101406.33,96653.94,96653.94,90687177291
"Dec 17, 2024",100819.92,103064.85,100334.08,101138.94,65357228227
"Dec 16, 2024",99238.16,102564.65,98434.67,100818.99,86547310403
"Dec 15, 2024",96527.88,99995.70,96388.38,99243.02,48666718241
"Dec 14, 2024",96568.69,97679.94,95823.75,96527.34,38490750885
"Dec 13, 2024",95519.44,97085.26,94807.38,96576.13,54156464084
"Dec 12, 2024",96300.02,97755.14,94824.45,95515.95,68812563704
"Dec 11, 2024",91779.77,97092.86,90887.00,96304.99,81282716855
"Dec 10, 2024",92324.59,93367.95,89685.55,91798.16,99535420901
"Dec 9, 2024",95816.52,95850.07,89399.02,92316.53,104864852263
"Dec 8, 2024",94529.03,95966.37,93440.72,95815.53,41763126790
"Dec 7, 2024",94478.34,95089.81,93640.73,94530.38,41793206456
"Dec 6, 2024",91696.12,96593.71,91192.85,94482.13,89389339517
"Dec 5, 2024",93930.16,98748.67,86885.95,91242.09,140951917557
"Dec 4, 2024",91330.69,94347.06,89961.01,93955.84,73438101624
"Dec 3, 2024",91282.14,91799.45,88955.20,91343.66,63813345434
"Dec 2, 2024",92256.86,93210.81,90090.16,91292.34,69213765532
"Dec 1, 2024",91190.50,92629.28,90537.11,92260.45,34702725191
"Nov 30, 2024",92126.74,92155.60,90890.71,91178.88,29905670387
"Nov 29, 2024",90579.23,93445.26,90325.22,92119.85,51955958927
"Nov 28, 2024",90847.94,91595.11,89885.55,90577.81,49487458042
"Nov 27, 2024",87668.50,92162.29,87477.09,90855.12,67347516699
"Nov 26, 2024",89132.38,90655.00,86667.25,87675.34,87361953618
"Nov 25, 2024",93548.31,94446.95,88260.91,89146.75,77471943067
"Nov 24, 2024",93854.95,94689.16,91944.77,93529.59,49346143967
"Nov 23, 2024",95031.63,95039.24,93331.62,93854.16,42632595888
"Nov 22, 2024",94083.10,95735.16,93446.73,95022.91,75322866292
"Nov 21, 2024",89448.20,94494.22,89235.54,94091.02,101273865560
"Nov 20, 2024",87055.78,90125.23,86453.53,89452.80,68015364614
"Nov 19, 2024",85455.52,88776.50,85360.81,87057.57,70255090885
"Nov 18, 2024",85269.41,87620.64,84590.65,85461.03,71296405243
"Nov 17, 2024",85882.20,86711.63,84272.28,85271.44,43990287295
"Nov 16, 2024",86353.79,87025.44,85441.94,85882.22,42043915403
"Nov 15, 2024",82907.23,87124.09,82648.95,86355.34,74195749949
"Nov 14, 2024",85723.78,86946.72,82300.30,82875.17,83223077947
"Nov 13, 2024",82822.91,88366.57,81282.41,85732.57,116941329895
"Nov 12, 2024",83188.88,84622.53,80155.83,82847.25,125909407287
"Nov 11, 2024",75113.38,84076.44,74940.40,83185.05,110630368977
"Nov 10, 2024",71628.97,76062.24,71432.95,75115.98,77072796601
"Nov 9, 2024",71391.02,71775.66,70694.37,71632.07,27064858855
"Nov 8, 2024",70309.48,72123.94,70156.57,71381.03,51454130570
"Nov 7, 2024",70482.34,71209.09,69331.81,70311.35,58790660026
"Nov 6, 2024",63433.76,71226.38,63436.45,70484.20,110510446003
"Nov 5, 2024",62362.07,64594.29,62034.03,63434.73,42113471835
"Nov 4, 2024",63223.59,63730.98,61413.40,62362.38,37875330820
"Nov 3, 2024",63723.77,63783.80,62281.98,63222.65,32069114785
"Nov 2, 2024",63921.65,64272.45,63505.57,63717.24,16722260141
"Nov 1, 2024",64513.88,65902.70,63222.23,63918.38,45986662542
"Oct 31, 2024",66618.12,66839.52,63943.44,64512.31,37328113057
"Oct 30, 2024",67205.87,67122.67,65933.24,66622.26,37434171457
"Oct 29, 2024",64626.52,68047.30,64458.68,67210.61,54106273662
"Oct 28, 2024",62913.92,64932.87,62625.33,64624.41,35867518690
"Oct 27, 2024",62055.30,63195.25,61892.11,62920.05,15488245193
"Oct 26, 2024",61689.82,62327.91,61441.55,62047.17,18136110792
"Oct 25, 2024",62975.39,63418.80,60664.93,61702.48,38395980249
"Oct 24, 2024",61829.78,63552.08,61630.59,62971.48,29022628293
"Oct 23, 2024",62397.03,62434.42,60517.38,61624.30,29928939303
"Oct 22, 2024",62282.25,62782.16,61551.41,62396.13,29463838245
"Oct 21, 2024",63490.51,63934.13,61679.48,62288.86,34671516441
"Oct 20, 2024",62877.95,63815.77,62646.09,63490.24,17460163273
"Oct 19, 2024",62946.75,63157.40,62565.66,62876.63,13284407201
"Oct 18, 2024",62256.83,63482.58,62020.71,62946.57,33909284728
"Oct 17, 2024",62266.74,62519.50,61630.84,62239.03,30280099412
"Oct 16, 2024",61601.36,62771.87,61327.90,62262.73,35172918772
"Oct 15, 2024",60543.88,62219.60,59440.21,61600.12,44898127982
"Oct 14, 2024",57434.77,60958.46,57170.73,60540.00,40063196377
"Oct 13, 2024",57746.79,57819.63,56682.02,57437.48,16611753637
"Oct 12, 2024",57062.95,57980.58,57061.72,57746.86,15301053177
"Oct 11, 2024",55128.54,57958.81,54931.10,57063.38,27713457550
"Oct 10, 2024",55367.95,56008.52,53929.40,55127.66,27852447819
"Oct 9, 2024",56609.39,56966.24,55131.00,55368.10,25289479266
"Oct 8, 2024",56696.68,57546.80,56374.00,56609.62,25633854870
"Oct 7, 2024",57261.19,58705.38,56612.96,56710.36,31212017518
"Oct 6, 2024",56533.41,57374.74,56304.09,57261.05,13468906393
"Oct 5, 2024",56525.29,56793.87,56181.01,56537.93,12115654225
"Oct 4, 2024",55056.09,56909.77,54787.65,56525.16,26943637745
"Oct 3, 2024",54891.86,55699.74,54243.97,55060.41,32719806950
"Oct 2, 2024",54982.84,56422.36,54310.68,54892.13,36903348604
"Oct 1, 2024",56871.45,57646.93,54388.78,54983.46,45388816903
"Sep 30, 2024",58763.83,58764.18,56454.72,56865.96,33325134809
"Sep 29, 2024",58996.04,59177.39,58586.60,58764.41,13240139908
"Sep 28, 2024",58892.89,59307.64,58593.78,58994.92,13648950558
"Sep 27, 2024",58316.95,59435.67,58057.37,58891.52,28696965977
"Sep 26, 2024",56729.67,58895.39,56273.87,58317.27,32990278655
"Sep 25, 2024",57458.67,57915.52,56549.12,56733.80,22532796971
"Sep 24, 2024",56995.36,57821.80,56482.06,57458.12,26751908408
"Sep 23, 2024",57034.21,57982.63,56127.72,56998.03,28260853488
"Sep 22, 2024",56753.77,57330.30,55939.40,57039.24,18087449312
"Sep 21, 2024",56538.30,56884.97,56184.29,56752.01,12898809369
"Sep 20, 2024",56401.88,57419.04,55883.74,56546.02,31477054203
"Sep 19, 2024",55471.37,57247.21,55652.50,56401.01,38272700040
"Sep 18, 2024",54212.79,55482.98,53269.66,55470.04,36881876814
"Sep 17, 2024",52287.54,55144.87,51809.77,54212.37,34226777263
"Sep 16, 2024",53380.28,53393.90,51691.58,52287.54,28782355555
"Sep 15, 2024",54131.32,54483.99,52944.66,53378.13,16343638904
"Sep 14, 2024",54628.32,54707.33,53704.36,54135.28,14821341085
"Sep 13, 2024",52469.36,54699.48,52003.34,54630.29,29303759863
"Sep 12, 2024",52081.30,53060.17,52069.43,52466.37,30540651366
"Sep 11, 2024",52313.37,52624.40,50492.49,52081.30,33649403632
"Sep 10, 2024",51668.76,52625.76,51110.40,52311.94,26186164220
"Sep 9, 2024",49475.47,52586.83,49309.92,51668.25,31369187847
"Sep 8, 2024",48825.19,49876.23,48379.59,49466.16,16477684792
"Sep 7, 2024",48645.89,49447.55,48457.42,48817.76,17187742401
"Sep 6, 2024",50542.32,51322.48,47447.13,48645.59,44509439089
"Sep 5, 2024",52321.26,52616.27,50134.97,50542.59,27926228591
"Sep 4, 2024",51981.64,52798.27,50391.56,52321.11,32155085940
"Sep 3, 2024",53406.46,54037.34,51976.95,51982.25,24136933123
"Sep 2, 2024",51904.46,53677.03,51684.05,53412.14,24429275142
"Sep 1, 2024",53315.66,53399.08,51800.21,51903.13,22266274744
"Aug 31, 2024",53446.22,53731.11,53130.98,53315.75,11214201177
"Aug 30, 2024",53598.39,54040.53,52274.16,53448.02,29194847697
"Aug 29, 2024",53060.68,55226.28,53060.27,53598.01,29083150675
"Aug 28, 2024",53240.73,54091.19,52101.20,53060.82,36216894051
"Aug 27, 2024",56320.29,56604.24,51962.19,53237.34,34985578636
"Aug 26, 2024",57502.07,57628.97,56290.14,56321.14,24794333199
"Aug 25, 2024",57336.19,58089.57,57029.89,57494.31,16826131344
"Aug 24, 2024",57222.32,57583.59,56839.05,57338.54,19146427674
"Aug 23, 2024",54318.28,57975.00,54310.27,57213.83,37964859067
"Aug 22, 2024",54834.03,55146.20,53681.62,54319.14,24851917265
"Aug 21, 2024",53034.35,55455.33,52875.51,54840.20,29341679412
"Aug 20, 2024",53667.26,55436.89,52739.36,53032.38,28409666438
"Aug 19, 2024",53045.22,53776.29,52430.46,53667.26,23373723141
"Aug 18, 2024",53907.56,54627.85,53013.20,53048.17,16091723369
"Aug 17, 2024",53386.69,54112.92,53315.35,53917.39,12318980617
"Aug 16, 2024",52458.65,54308.30,52027.34,53387.21,26606479153
"Aug 15, 2024",53338.61,54466.45,51189.16,52458.49,32519571132
"Aug 14, 2024",55121.02,55959.74,53082.84,53342.25,27209714386
"Aug 13, 2024",54275.97,56103.04,53564.70,55119.67,27580675923
"Aug 12, 2024",53807.81,55526.20,52791.11,54274.42,33905114288
"Aug 11, 2024",55782.25,56545.39,53458.43,53807.89,20856015121
"Aug 10, 2024",55732.81,56266.77,55189.35,55783.09,14411993673
"Aug 9, 2024",56553.72,56575.39,54538.68,55731.79,30598921216
"Aug 8, 2024",50358.80,57400.89,50099.95,56537.16,41501237507
"Aug 7, 2024",51291.25,52864.20,50001.53,50356.45,38103157719
"Aug 6, 2024",49304.25,52206.23,49287.75,51285.46,45122317379
"Aug 5, 2024",53260.41,53407.98,45038.38,49304.35,99529351463
"Aug 4, 2024",55582.03,55936.45,52407.67,53266.54,29108317988
"Aug 3, 2024",56238.09,56930.71,54812.95,55585.70,29087204906
"Aug 2, 2024",60589.10,60758.83,56027.56,56238.33,39431231452
"Aug 1, 2024",59706.91,60792.93,57700.47,60592.81,37988354620
"Jul 31, 2024",61208.77,61618.93,59605.73,59700.82,28910966881
"Jul 30, 2024",61758.85,61893.39,60429.57,61208.53,29013963677
"Jul 29, 2024",62897.30,64706.28,61485.96,61759.64,37692361533
"Jul 28, 2024",62372.84,62826.50,61707.96,62894.37,16625876181
"Jul 27, 2024",62461.96,63835.25,61357.86,62377.15,31910863580
"Jul 26, 2024",60610.50,62734.01,60576.84,62462.19,28041948352
"Jul 25, 2024",60317.09,60950.96,58540.13,60615.49,35309008904
"Jul 24, 2024",60764.32,61788.49,60107.03,60313.64,25345240793
"Jul 23, 2024",62066.50,62232.25,60349.63,60764.15,32816997090
"Jul 22, 2024",62531.99,62859.70,61202.59,62066.91,39166809666
"Jul 21, 2024",61667.26,62803.11,60475.16,62533.41,24454023981
"Jul 20, 2024",61243.31,62076.59,60866.63,61666.10,17471952936
"Jul 19, 2024",58687.76,61991.38,58147.61,61243.52,33971537474
"Jul 18, 2024",58593.97,59616.01,58057.26,58689.36,24989148041
"Jul 17, 2024",59705.81,60625.68,58468.18,58606.82,29729053556
"Jul 16, 2024",59444.95,59950.38,57324.96,59710.68,38173719410
"Jul 15, 2024",55865.87,59523.62,55767.80,59523.62,34954813353
"Jul 14, 2024",54233.09,56315.96,54233.09,55840.46,20414718898
"Jul 13, 2024",53022.69,54747.57,52919.87,54239.23,15640366317
"Jul 12, 2024",52732.22,53675.35,52064.09,53014.20,23444399780
"Jul 11, 2024",53293.23,54470.62,52703.20,52735.64,26400327985
"Jul 10, 2024",53661.79,54865.39,52794.49,53304.87,24163639404
"Jul 9, 2024",52355.41,53868.98,51992.19,53638.98,25751413876
"Jul 8, 2024",51588.48,53641.80,50180.13,52355.88,36716135201
"Jul 7, 2024",53723.95,53845.43,51533.50,51588.05,18985220388
"Jul 6, 2024",52233.21,53939.00,51661.54,53783.09,19012340592
"Jul 5, 2024",52747.30,53154.91,49641.95,52236.25,51088657999
"Jul 4, 2024",55737.45,55970.57,52577.32,52705.57,38064252679
"Jul 3, 2024",57716.12,57848.87,55096.45,55762.27,27575089101
"Jul 2, 2024",58532.66,58897.38,57532.44,57711.18,18748862933
"Jul 1, 2024",58381.41,59454.21,58108.07,58539.71,23720993909
"Jun 30, 2024",56798.02,58574.42,56563.21,58385.77,16146160398
"Jun 29, 2024",56267.64,56993.14,56250.01,56797.03,11802893999
"Jun 28, 2024",57539.89,58133.25,56002.79,56267.89,23276558233
"Jun 27, 2024",56937.73,58109.39,56659.95,57532.42,19828220539
"Jun 26, 2024",57696.85,58260.41,56849.78,56937.78,21072438187
"Jun 25, 2024",56154.32,58101.53,56129.59,57710.82,27266985323
"Jun 24, 2024",59107.26,59203.07,54586.43,56164.69,40207863572
"Jun 23, 2024",60087.88,60314.90,59114.23,59114.23,10451495555
"Jun 22, 2024",59964.35,60569.00,59820.48,60091.26,9219732548
"Jun 21, 2024",60561.73,60688.70,58721.99,59947.83,24493247076
"Jun 20, 2024",60443.93,61926.03,60270.00,60553.01,23950001054
"Jun 19, 2024",60665.87,61182.74,60207.54,60443.93,19636207985
"Jun 18, 2024",61909.55,61970.74,59664.02,60660.36,36765763102
"Jun 17, 2024",62262.56,62610.04,60744.67,61908.91,27938826633
"Jun 16, 2024",61758.18,62487.21,61598.53,62264.93,12409379757
"Jun 15, 2024",61558.48,61956.76,61461.86,61759.71,13175889209
"Jun 14, 2024",62163.14,63043.31,60794.69,61562.54,25557109580
"Jun 13, 2024",63111.36,63225.63,61666.10,62171.37,26966473859
"Jun 12, 2024",62682.46,64536.20,62294.88,63109.58,31903764550
"Jun 11, 2024",64577.87,64622.05,61623.63,62692.38,34558574738
"Jun 10, 2024",64612.16,65268.88,64397.23,64581.77,19136704712
"Jun 9, 2024",64120.97,64652.77,63994.53,64615.58,12556127271
"Jun 8, 2024",64145.66,64339.18,64040.70,64128.63,13196800577
"Jun 7, 2024",64966.06,66006.16,63426.63,64162.70,33485109028
"Jun 6, 2024",65369.98,65801.92,64382.19,64964.21,23158107329
"Jun 5, 2024",64848.36,66078.86,64785.85,65369.97,30173802522
"Jun 4, 2024",63082.09,65270.68,63059.18,64847.83,30462714742
"Jun 3, 2024",62430.74,64715.66,61025.21,63082.29,29706470423
"Jun 2, 2024",62368.41,63012.16,62034.82,62428.63,15766277926
"Jun 1, 2024",62146.36,62487.69,62064.17,62365.33,10723063091
"May 31, 2024",63115.08,63479.88,61443.27,62159.42,25224290872
"May 30, 2024",62563.43,64113.77,62089.73,63117.36,27244576509
"May 29, 2024",62938.43,63456.36,62116.93,62565.29,24725995652
"May 28, 2024",63887.38,63950.62,61920.11,62938.32,30155171478
"May 27, 2024",63153.57,64998.27,62826.30,63889.55,23818670894
"May 26, 2024",63846.85,64069.87,62870.39,63159.02,14406071421
"May 25, 2024",63138.10,64137.25,63127.87,63848.38,14262860908
"May 24, 2024",62829.24,63803.39,61568.41,63137.34,26901290234
"May 23, 2024",63851.91,64533.09,61384.23,62830.57,38750865478
"May 22, 2024",64617.14,65168.72,63721.45,63852.87,30301891227
"May 21, 2024",65782.91,66252.12,63734.50,64618.26,43239442691
"May 20, 2024",60959.94,65831.50,60778.59,65787.64,40376543667
"May 19, 2024",61526.00,62143.09,60640.25,60959.60,17704373950
"May 18, 2024",61643.91,61939.07,61273.75,61528.64,15361089778
"May 17, 2024",60021.86,62074.78,59967.20,61630.73,25764950378
"May 16, 2024",60850.47,61380.84,59442.72,60022.12,29051620412
"May 15, 2024",56920.70,61030.44,56706.10,60860.93,36566767037
"May 14, 2024",58284.11,58490.94,56532.76,56919.59,26064634497
"May 13, 2024",57056.90,58734.65,56426.62,58284.73,25842226838
"May 12, 2024",56401.17,57303.45,56204.48,57054.28,12813602353
"May 11, 2024",56401.04,57011.31,56122.03,56401.36,12842168746
"May 10, 2024",58482.93,58856.88,55880.79,56400.50,25796046718
"May 9, 2024",56938.72,58792.46,56521.28,58478.08,23607665704
"May 8, 2024",57984.94,58638.60,56641.48,56935.68,24275174693
"May 7, 2024",58644.23,59816.35,57941.53,57986.96,24122062496
"May 6, 2024",59524.00,60813.46,58253.73,58643.47,26644936274
"May 5, 2024",59333.73,59975.96,58463.45,59517.32,17006394964
"May 4, 2024",58403.75,59893.24,58132.89,59332.82,19149206887
"May 3, 2024",55098.91,58802.59,54857.69,58402.65,30805199204
"May 2, 2024",54351.93,55570.62,53123.61,55099.96,30485709223
"May 1, 2024",56824.01,56993.88,53030.48,54352.21,45195332228
"Apr 30, 2024",59580.37,60387.81,55395.80,56849.66,35477414710
"Apr 29, 2024",58938.06,59881.77,57772.57,59581.96,24858897199
"Apr 28, 2024",59293.69,60133.19,58665.86,58944.48,16189827934
"Apr 27, 2024",59611.00,59748.80,58370.86,59289.61,18259036101
"Apr 26, 2024",60115.07,60560.90,59246.27,59615.05,22571762071
"Apr 25, 2024",60070.41,60831.47,58749.97,60111.65,29976524832
"Apr 24, 2024",62049.52,62655.84,59439.68,60072.16,28296077449
"Apr 23, 2024",62731.38,63032.96,61737.58,62048.16,22715154524
"Apr 22, 2024",60927.68,63113.46,60496.62,62729.30,26544206489
"Apr 21, 2024",60954.55,61639.59,60245.77,60919.24,19240933719
"Apr 20, 2024",59883.78,61376.26,59247.25,60956.07,21662346331
"Apr 19, 2024",59675.08,61440.46,56170.07,59876.71,46818669689
"Apr 18, 2024",57432.19,60151.75,56914.77,59676.96,33831742410
"Apr 17, 2024",60099.34,60729.52,56185.28,57433.48,39286364669
"Apr 16, 2024",59689.93,60616.80,58076.43,60080.53,40342061721
"Apr 15, 2024",61748.66,62753.17,58671.12,59696.43,41032259716
"Apr 14, 2024",59894.34,61824.80,58364.64,61747.79,46104460061
"Apr 13, 2024",63039.50,63736.66,57157.35,59880.50,49605031852
"Apr 12, 2024",65318.22,66471.41,61312.27,63046.52,41404315168
"Apr 11, 2024",65706.01,66326.52,64987.87,65317.50,28111998916
"Apr 10, 2024",63671.52,66185.78,62786.42,65717.31,35674618252
"Apr 9, 2024",65949.61,66052.11,62849.07,63670.39,33545678294
"Apr 8, 2024",64045.22,67173.07,63800.72,65948.55,34305334170
"Apr 7, 2024",63536.91,64784.74,63494.97,64045.22,19579360407
"Apr 6, 2024",62562.58,64212.42,62240.86,63535.99,18414292073
"Apr 5, 2024",63226.89,63377.66,61056.59,62559.88,31122617757
"Apr 4, 2024",60874.72,63814.68,60044.43,63220.51,31781071439
"Apr 3, 2024",60777.84,61905.25,59960.01,60879.44,31821542739
"Apr 2, 2024",64923.26,64926.39,60031.17,60778.12,47088030248
"Apr 1, 2024",66090.05,66098.02,63459.89,64920.58,32481203376
"Mar 31, 2024",64488.06,66131.09,64466.85,66090.20,18577076876
"Mar 30, 2024",64715.53,65143.35,64444.81,64485.77,15861182173
"Mar 29, 2024",65552.34,65781.19,64015.41,64714.96,23361674571
"Mar 28, 2024",64226.45,66244.17,63657.72,65552.48,31851886037
"Mar 27, 2024",64611.41,66307.73,63196.18,64228.83,37754873033
"Mar 26, 2024",64529.83,65943.65,63961.27,64607.66,33242207017
"Mar 25, 2024",62211.84,65645.14,61400.98,64555.20,39401980746
"Mar 24, 2024",59005.96,62557.82,58780.42,62211.91,25174349775
"Mar 23, 2024",58759.12,60760.97,58055.30,58998.09,22783349644
"Mar 22, 2024",60290.03,61475.00,57444.88,58737.05,38128358668
"Mar 21, 2024",62090.27,62374.55,59476.64,60291.38,40948610730
"Mar 20, 2024",57015.38,62323.01,55955.75,62092.18,61067236556
"Mar 19, 2024",62129.68,62630.52,56642.95,56999.38,68326075351
"Mar 18, 2024",62820.52,63275.13,61246.18,62122.75,45304643119
"Mar 17, 2024",59976.73,63235.27,59223.55,62838.26,41086480972
"Mar 16, 2024",63719.65,64319.99,59503.88,59975.61,43012848654
"Mar 15, 2024",65595.53,66513.57,60287.11,63730.01,71917756863
"Mar 14, 2024",66720.08,67416.49,63001.46,65603.54,54759158986
"Mar 13, 2024",65418.57,67372.18,65274.69,66723.85,44017130178
"Mar 12, 2024",65984.32,66760.81,62943.26,65417.82,57248192058
"Mar 11, 2024",63073.67,66681.35,61394.55,65983.20,60121474891
"Mar 10, 2024",62594.44,63969.63,62389.56,63072.97,32609410343
"Mar 9, 2024",62410.77,62752.34,62185.86,62593.18,19746552762
"Mar 8, 2024",61124.92,63992.13,60486.02,62411.54,54098645569
"Mar 7, 2024",60650.28,62190.43,60234.29,61113.41,42908783273
"Mar 6, 2024",58749.22,62247.25,57910.90,60656.76,63082253938
"Mar 5, 2024",62964.80,63662.92,54662.06,58772.39,94700013077
"Mar 4, 2024",58233.41,63129.39,57511.95,62955.00,65110966484
"Mar 3, 2024",57196.22,58333.54,56605.00,58261.41,24214782930
"Mar 2, 2024",57565.11,57590.04,56851.10,57194.62,22026367161
"Mar 1, 2024",56605.78,58275.36,56197.53,57573.39,37053841004
"Feb 29, 2024",57664.06,58686.82,55980.44,56633.84,60611481553
"Feb 28, 2024",52642.78,58946.12,52349.31,57669.23,76799525876
"Feb 27, 2024",50246.90,53062.32,50227.89,52655.95,45896050163
"Feb 26, 2024",47815.26,50642.29,46983.77,50249.70,31404136534
"Feb 25, 2024",47602.43,47991.02,47349.80,47817.75,14246672819
"Feb 24, 2024",46837.28,47712.27,46697.95,47607.86,14007949994
"Feb 23, 2024",47372.79,47563.90,46676.10,46833.20,19780407304
"Feb 22, 2024",47923.29,48060.16,47013.47,47392.25,23475734895
"Feb 21, 2024",48356.89,48447.18,46835.65,47908.99,26454709694
"Feb 20, 2024",48050.09,48954.85,46978.16,48367.38,30854694565
"Feb 19, 2024",48345.03,48653.57,47961.47,48051.41,19824256609
"Feb 18, 2024",47937.66,48567.26,47540.27,48333.65,16316334143
"Feb 17, 2024",48401.34,48429.40,47016.89,47938.61,18566635635
"Feb 16, 2024",48211.87,48887.42,47948.54,48399.97,26149030201
"Feb 15, 2024",48300.74,49030.91,47686.43,48212.64,35797869001
"Feb 14, 2024",46442.98,48542.08,46022.78,48291.34,36438018997
"Feb 13, 2024",46362.66,46758.02,45174.01,46451.38,33238143997
"Feb 12, 2024",44726.46,46671.14,44319.14,46378.32,32038925926
"Feb 11, 2024",44293.78,45004.95,44153.24,44724.18,17888096185
"Feb 10, 2024",43723.11,44643.54,43492.96,44295.92,15205677486
"Feb 9, 2024",42028.77,44635.87,42007.20,43717.24,36456475765
"Feb 8, 2024",41141.05,42291.10,41141.05,42032.65,24267239777
"Feb 7, 2024",40057.26,41161.21,39758.71,41128.16,19605874860
"Feb 6, 2024",39713.82,40324.84,39579.38,40052.29,15616166337
"Feb 5, 2024",39497.73,40479.92,39235.15,39715.00,17424025115
"Feb 4, 2024",39815.46,39880.19,39289.18,39503.26,13731491707
"Feb 3, 2024",39991.44,40153.47,39719.03,39812.97,10343279551
"Feb 2, 2024",39613.89,40213.44,39394.47,39992.27,17228088847
"Feb 1, 2024",39401.63,39771.87,38747.30,39612.18,19701317928
"Jan 31, 2024",39606.19,40293.89,39121.91,39413.52,22837367991
"Jan 30, 2024",39967.28,40434.33,39385.57,39612.05,21988487304
"Jan 29, 2024",38765.41,39965.38,38701.78,39956.22,19077561931
"Jan 28, 2024",38777.39,39395.10,38431.58,38769.72,15549147600
"Jan 27, 2024",38491.57,38841.38,38137.78,38771.81,10514898011
"Jan 26, 2024",36822.54,38862.69,36734.70,38492.72,23563248548
"Jan 25, 2024",36829.87,36968.47,36444.65,36819.77,17049792852
"Jan 24, 2024",36728.74,37141.24,36305.70,36831.27,20548650512
"Jan 23, 2024",36327.58,36831.73,35454.13,36699.23,26935315403
"Jan 22, 2024",38151.49,38205.15,36241.13,36317.15,28808107460
"Jan 21, 2024",38214.84,38383.46,38102.64,38144.27,8579009413
"Jan 20, 2024",38171.83,38404.12,38008.81,38209.43,10625574894
"Jan 19, 2024",37933.79,38683.20,37031.35,38166.16,23616244981
"Jan 18, 2024",39262.66,39384.75,37389.37,37918.72,23174989410
"Jan 17, 2024",39648.71,39708.31,38844.63,39262.97,19153733750
"Jan 16, 2024",38828.93,40061.85,38703.34,39669.71,22119531074
"Jan 15, 2024",38112.51,39562.13,38103.70,38840.46,20392557029
"Jan 14, 2024",39075.40,39279.10,38120.48,38186.70,16008261347
"Jan 13, 2024",39036.35,39433.30,38730.53,39075.51,18790462489
"Jan 12, 2024",42208.08,42365.24,38219.42,39085.34,39522714682
"Jan 11, 2024",42514.04,44721.18,41601.87,42220.64,41733631991
"Jan 10, 2024",42189.86,43423.05,40645.23,42488.26,45665538159
"Jan 9, 2024",42911.46,43821.16,41395.75,42206.50,36426685220
"Jan 8, 2024",40166.35,43114.43,39537.63,42895.81,39037959858
"Jan 7, 2024",40164.00,40606.17,39920.16,40161.22,17666926685
"Jan 6, 2024",40328.76,40373.19,39686.30,40155.54,14690041790
"Jan 5, 2024",40372.01,40487.90,39058.86,40313.91,29517944389
"Jan 4, 2024",39222.97,40898.18,39071.60,40360.08,27815518796
"Jan 3, 2024",41092.61,41576.95,37371.32,39215.98,42413930730
"Jan 2, 2024",40036.55,41609.73,40027.32,41089.29,35950434827
"Jan 1, 2024",38305.47,40025.59,38219.16,40018.61,16696095504
"Dec 31, 2023",38127.71,38768.88,37988.55,38291.84,14855969946
"Dec 30, 2023",38073.13,38518.49,37588.73,38132.05,14485028393
"Dec 29, 2023",38503.35,38997.98,37469.18,38080.05,23517721045
"Dec 28, 2023",39131.11,39415.76,38211.79,38515.29,20773907848
"Dec 27, 2023",38502.81,39345.34,38217.79,39108.30,22740505379
"Dec 26, 2023",39568.43,39571.45,37778.32,38504.56,27190965041
"Dec 25, 2023",39040.18,39672.84,38850.48,39580.50,19163344467
"Dec 24, 2023",39657.52,39868.91,38848.81,39045.21,17092267976
"Dec 23, 2023",39916.29,39919.46,39316.95,39667.65,12250301745
"Dec 22, 2023",39857.91,40339.13,39388.53,39903.32,19071527621
"Dec 21, 2023",39881.29,40253.83,39572.25,39858.06,20399842399
"Dec 20, 2023",38491.55,40396.60,38496.05,39885.06,25463821399
"Dec 19, 2023",39036.51,39706.42,38110.69,38499.95,21104124796
"Dec 18, 2023",37951.53,39111.37,37145.33,39020.06,23092100323
"Dec 17, 2023",38718.52,38831.63,37892.55,37966.64,15308580792
"Dec 16, 2023",38445.00,39111.64,38248.25,38722.19,13188545203
"Dec 15, 2023",39139.05,39227.50,38217.65,38437.68,18003791136
"Dec 14, 2023",39405.71,39434.05,38240.78,39135.16,23266563571
"Dec 13, 2023",38402.04,39931.86,37712.34,39411.66,24624174259
"Dec 12, 2023",38306.58,38979.16,37697.57,38385.14,22947173736
"Dec 11, 2023",40678.36,40690.40,37380.94,38311.31,37743607791
"Dec 10, 2023",40588.68,40909.80,40495.07,40666.92,12076134189
"Dec 9, 2023",41007.89,41176.12,40495.14,40586.46,16121172681
"Dec 8, 2023",40123.34,41539.38,39986.85,40995.44,22667680509
"Dec 7, 2023",40653.47,40928.07,39797.62,40122.91,25612353182
"Dec 6, 2023",40831.86,40977.66,40308.88,40632.40,27780665117
"Dec 5, 2023",38742.20,41131.79,38325.33,40832.43,33636384491
"Dec 4, 2023",36724.97,39106.96,36724.97,38736.51,36776645956
"Dec 3, 2023",36257.20,36873.02,36097.33,36724.75,14486279586
"Dec 2, 2023",35518.93,36447.09,35485.25,36260.98,14268788411
"Dec 1, 2023",34629.85,35832.48,34523.88,35518.44,21586052430
"Nov 30, 2023",34502.38,34753.73,34433.92,34625.02,16632736550
"Nov 29, 2023",34374.55,34911.05,34278.88,34499.99,18889675827
"Nov 28, 2023",33988.20,34916.31,33688.13,34379.07,19716407904
"Nov 27, 2023",34236.61,34353.51,33613.95,33993.83,17339865672
"Nov 26, 2023",34529.29,34540.18,33939.66,34259.40,12564021872
"Nov 25, 2023",34460.40,34616.63,34365.39,34529.26,8312913238
"Nov 24, 2023",34203.63,35123.72,34172.10,34459.36,20941268119
"Nov 23, 2023",34368.84,34462.93,33846.67,34197.49,13036216281
"Nov 22, 2023",32753.04,34766.90,32674.65,34379.77,22407676695
"Nov 21, 2023",34232.46,34361.03,32805.49,32805.49,23057727173
"Nov 20, 2023",34270.79,34522.95,33757.36,34239.58,19083822904
"Nov 19, 2023",33512.20,34384.38,33355.41,34282.23,11843533441
"Nov 18, 2023",33548.47,33744.41,33189.35,33512.14,10887477949
"Nov 17, 2023",33321.84,33620.94,33045.83,33522.20,20559421592
"Nov 16, 2023",34898.75,34958.92,32737.67,33312.57,23962892787
"Nov 15, 2023",32679.52,34982.64,32539.21,34899.30,25212076781
"Nov 14, 2023",34099.53,34338.99,32151.75,32669.89,21932206517
"Nov 13, 2023",34676.53,35005.16,34023.44,34109.41,17808365370
"Nov 12, 2023",34712.78,34743.27,34381.04,34661.76,10800162934
"Nov 11, 2023",34877.38,34968.07,34375.95,34716.57,13016381749
"Nov 10, 2023",34406.34,35049.13,34064.59,34881.02,21230445244
"Nov 9, 2023",33267.31,35384.44,33234.45,34397.79,35400428411
"Nov 8, 2023",33115.16,33611.48,32887.55,33287.52,16146859628
"Nov 7, 2023",32698.71,33560.52,32345.00,33137.68,17609387418
"Nov 6, 2023",32656.00,32826.06,32386.47,32688.99,11842658843
"Nov 5, 2023",32684.59,32944.94,32253.39,32660.25,11566641714
"Nov 4, 2023",32355.15,32839.23,32243.72,32677.31,8905867542
"Nov 3, 2023",32915.64,32915.64,32061.95,32351.42,15982244495
"Nov 2, 2023",33476.84,33898.27,32407.04,32911.65,19780160358
"Nov 1, 2023",32763.78,33607.29,32370.27,33472.75,21201940470
"Oct 31, 2023",32504.52,32827.05,32104.23,32773.71,14897317685
"Oct 30, 2023",32694.24,32875.95,32171.36,32506.68,16190853625
"Oct 29, 2023",32250.25,32855.38,32116.10,32700.62,10566460826
"Oct 28, 2023",32078.40,32543.54,32047.26,32250.44,9612180977
"Oct 27, 2023",32333.29,32434.95,31636.97,32080.37,15532279998
"Oct 26, 2023",32654.62,33033.16,32067.62,32333.44,18390210541
"Oct 25, 2023",32010.57,33210.75,31843.71,32653.23,23900509783
"Oct 24, 2023",31000.28,32901.40,30820.65,31996.87,42410461495
"Oct 23, 2023",28463.27,32214.93,28434.56,31008.65,35954608515
"Oct 22, 2023",28229.75,28494.68,28028.66,28324.65,9865139860
"Oct 21, 2023",28007.76,28577.75,27817.51,28229.52,10889649248
"Oct 20, 2023",27141.47,28431.20,27054.35,28007.35,20320410961
"Oct 19, 2023",26886.07,27258.69,26748.38,27129.19,13647866940
"Oct 18, 2023",26874.20,27316.70,26742.58,26882.21,12074574546
"Oct 17, 2023",27023.66,27051.13,26651.01,26876.30,14066793457
"Oct 16, 2023",25814.00,27948.29,25791.07,27021.17,26371596001
"Oct 15, 2023",25548.66,25936.96,25510.49,25811.18,6745776251
"Oct 14, 2023",25556.45,25654.23,25507.35,25552.17,5125440701
"Oct 13, 2023",25392.60,25771.90,25404.69,25552.81,14425988685
"Oct 12, 2023",25296.37,25341.23,25199.68,25396.32,8915317429
"Oct 11, 2023",25830.86,25902.54,25090.89,25296.39,12847224158
"Oct 10, 2023",26080.02,26159.82,25759.33,25829.87,9404919556
"Oct 9, 2023",26436.96,26502.42,25910.43,26074.80,11350825082
"Oct 8, 2023",26403.87,26527.04,26166.60,26437.54,7492467439
"Oct 7, 2023",26380.37,26457.12,26308.29,26401.19,6185746183
"Oct 6, 2023",25991.93,26668.98,25928.07,26380.19,12736143050
"Oct 5, 2023",26457.89,26689.29,25988.70,25995.52,11261905035
"Oct 4, 2023",26201.16,26480.74,26008.78,26458.60,10605900143
"Oct 3, 2023",26248.46,26427.73,25990.33,26202.02,10897120569
"Oct 2, 2023",26482.28,27102.02,26096.46,26269.96,18886579408
"Oct 1, 2023",25488.24,26554.12,25486.06,26488.86,8996218165
"Sep 30, 2023",25435.58,25605.81,25414.11,25488.73,5038757973
"Sep 29, 2023",25584.69,25664.97,25266.66,25435.61,9826190897
"Sep 28, 2023",25087.99,25788.47,25071.96,25581.57,13328732653
"Sep 27, 2023",24798.12,25445.20,24886.24,25085.05,11154679998
"Sep 26, 2023",24826.46,24927.88,24677.22,24805.45,9447779085
"Sep 25, 2023",24655.10,24945.95,24474.37,24829.97,11327874247
"Sep 24, 2023",24924.81,25032.38,24622.51,24657.97,7693979394
"Sep 23, 2023",24924.04,24976.21,24869.62,24924.82,6943757707
"Sep 22, 2023",24918.47,25111.50,24866.29,24924.99,9920219726
"Sep 21, 2023",25473.56,25533.73,24798.58,24921.82,12543109513
"Sep 20, 2023",25474.16,25619.44,25169.36,25475.60,12470304435
"Sep 19, 2023",25027.68,25734.21,24952.45,25474.99,12926732278
"Sep 18, 2023",24871.45,25725.36,24753.90,25021.54,14604012182
"Sep 17, 2023",24898.32,24938.40,24783.19,24872.56,6349996049
"Sep 16, 2023",24934.19,25073.42,24810.19,24898.65,6936865556
"Sep 15, 2023",24948.93,25153.76,24606.51,24936.52,10758314752
"Sep 14, 2023",24437.28,25165.31,24351.88,24954.43,12986392832
"Sep 13, 2023",24027.76,24548.67,23960.49,24437.32,12179450287
"Sep 12, 2023",23410.58,24645.75,23403.67,24023.85,17350430194
"Sep 11, 2023",24104.50,24124.25,23192.76,23412.44,13584488417
"Sep 10, 2023",24184.83,24251.88,23925.75,24104.98,7371357332
"Sep 9, 2023",24194.37,24209.83,24105.71,24185.27,5119273334
"Sep 8, 2023",24534.99,24654.30,23993.22,24194.59,10102870009
"Sep 7, 2023",24010.12,24686.89,23952.20,24530.30,10365759745
"Sep 6, 2023",24041.53,24192.18,23694.65,24014.71,11891808448
"Sep 5, 2023",23921.92,24137.24,23726.88,24037.85,10344990792
"Sep 4, 2023",24070.31,24181.36,23767.31,23919.56,9897413453
"Sep 3, 2023",23980.97,24161.79,23911.61,24071.61,8307507381
"Sep 2, 2023",23917.42,24074.43,23873.09,23980.35,9363049087
"Sep 1, 2023",23919.10,24086.72,23508.60,23917.25,15947036076
"Aug 31, 2023",24979.85,25271.10,23752.98,23916.75,18613058724
"Aug 30, 2023",25508.66,25539.49,24772.76,24975.58,14953594670
"Aug 29, 2023",24111.62,25887.89,23967.39,25509.87,27019625216
"Aug 28, 2023",24163.81,24243.51,23932.88,24115.01,10163610214
"Aug 27, 2023",24092.89,24238.45,24052.92,24163.88,6403428781
"Aug 26, 2023",24129.01,24184.73,24070.32,24093.10,5590389230
"Aug 25, 2023",24228.59,24234.35,23941.74,24129.41,11492414331
"Aug 24, 2023",24326.01,24454.26,23956.74,24227.38,11919540643
"Aug 23, 2023",24007.94,24651.10,23857.65,24326.12,15632236498
"Aug 22, 2023",23977.91,23987.12,23533.33,23999.81,13371753989
"Aug 21, 2023",24080.42,24065.95,23741.98,23971.85,12269915353
"Aug 20, 2023",23965.17,24155.76,23880.18,24081.24,8309108586
"Aug 19, 2023",23920.14,24105.29,23694.76,23964.56,9763024956
"Aug 18, 2023",24494.40,24655.85,23596.93,23921.72,22063677425
"Aug 17, 2023",26391.33,26446.82,23373.71,24520.59,28618579170
"Aug 16, 2023",26750.99,26794.56,26393.15,26393.15,13746827219
"Aug 15, 2023",26960.51,26901.50,26674.80,26752.15,11592336189
"Aug 14, 2023",26759.02,27126.17,26637.87,26960.87,12847377485
"Aug 13, 2023",26848.53,26871.20,26743.68,26758.70,6698052713
"Aug 12, 2023",26833.19,26892.81,26794.67,26847.95,5653590554
"Aug 11, 2023",26794.46,26878.56,26705.86,26831.29,9305130013
"Aug 10, 2023",26931.86,26893.12,26711.61,26798.73,10804642291
"Aug 9, 2023",27160.98,27402.84,26771.64,26929.61,16743174060
"Aug 8, 2023",26520.49,27545.89,26514.79,27159.88,16032469557
"Aug 7, 2023",26392.73,26572.44,26126.47,26521.00,12376977033
"Aug 6, 2023",26341.27,26474.82,26268.84,26395.77,6607433069
"Aug 5, 2023",26370.01,26394.57,26263.36,26339.84,5984408159
"Aug 4, 2023",26640.73,26573.97,26236.90,26368.83,10916666747
"Aug 3, 2023",26647.92,26870.72,26519.10,26644.66,11670447577
"Aug 2, 2023",26984.58,27262.21,26438.58,26638.91,17556428623
"Aug 1, 2023",26581.24,26958.77,26140.94,26958.77,16599463506
"Jul 31, 2023",26558.88,26757.52,26497.68,26580.55,10600152979
"Jul 30, 2023",26612.21,26677.98,26367.26,26556.16,7872382313
"Jul 29, 2023",26578.08,26648.24,26527.97,26612.05,5875729907
"Jul 28, 2023",26609.01,26773.42,26589.25,26577.90,10169547544
"Jul 27, 2023",26497.23,26550.54,26500.78,26607.67,9810973539
"Jul 26, 2023",26448.44,26765.60,26362.94,26498.29,12184040124
"Jul 25, 2023",26375.19,26589.50,26252.15,26449.91,9291121374
"Jul 24, 2023",27038.48,27038.64,26125.64,26373.33,13916448698
"Jul 23, 2023",26769.21,27254.93,26725.56,27041.07,8287398296
"Jul 22, 2023",26865.49,26940.60,26656.00,26752.76,7074900677
"Jul 21, 2023",26768.03,27003.93,26706.62,26865.53,9856308454
"Jul 20, 2023",26698.02,26931.33,26642.81,26756.27,13161870825
"Jul 19, 2023",26595.05,26893.68,26624.37,26696.83,10824232222
"Jul 18, 2023",26829.60,26886.19,26358.51,26590.17,11701462491
"Jul 17, 2023",26940.32,27019.99,26400.28,26828.54,11783169579
"Jul 16, 2023",26963.45,27088.12,26778.51,26939.88,7584852317
"Jul 15, 2023",26977.09,27044.68,26916.32,26961.97,7130039801
"Jul 14, 2023",28042.91,28105.21,26681.35,26979.12,18604382626
"Jul 13, 2023",27276.11,28345.68,27159.49,28044.09,21103491550
"Jul 12, 2023",27803.84,28085.43,27143.89,27279.85,13289708218
"Jul 11, 2023",27638.44,28007.11,27642.72,27802.66,11033408180
"Jul 10, 2023",27505.75,28205.22,27358.94,27635.56,13473385341
"Jul 9, 2023",27613.13,27739.62,27434.66,27504.67,7204823687
"Jul 8, 2023",27666.07,27682.32,27420.38,27613.98,6845376907
"Jul 7, 2023",27463.95,27751.71,27342.93,27661.83,12202359559
"Jul 6, 2023",28102.82,28956.97,27576.77,27465.18,19402560820
"Jul 5, 2023",28282.79,28385.07,27740.13,28109.28,11497920664
"Jul 4, 2023",28549.47,28713.30,28162.61,28281.73,11771959918
"Jul 3, 2023",28076.16,28757.51,28074.08,28549.08,13993841916
"Jul 2, 2023",28019.47,28195.57,27707.95,28072.72,9656900726
"Jul 1, 2023",27913.74,28068.95,27782.76,28022.04,8323786098
"Jun 30, 2023",28011.22,28758.47,27125.81,27918.69,24172091842
"Jun 29, 2023",27560.45,28315.77,27563.48,28014.90,12128632702
"Jun 28, 2023",28013.71,28019.84,27406.71,27560.51,13348223289
"Jun 27, 2023",27749.53,28300.30,27721.14,28006.05,14992964810
"Jun 26, 2023",27947.84,28073.42,27464.80,27746.61,15117704681
"Jun 25, 2023",27980.88,28435.36,27801.53,27947.60,11647907874
"Jun 24, 2023",28130.74,28218.14,27747.29,27984.13,11128012797
"Jun 23, 2023",27288.73,28834.90,27282.32,28118.58,22091067976
"Jun 22, 2023",27289.40,27740.04,27076.03,27303.24,18851729873
"Jun 21, 2023",25926.11,28035.03,25897.00,27317.93,30337882736
"Jun 20, 2023",24571.96,25997.82,24462.43,25940.93,20340532225
"Jun 19, 2023",24064.91,24711.83,24062.45,24580.53,11742349094
"Jun 18, 2023",24196.09,24387.42,24060.57,24065.61,8740979157
"Jun 17, 2023",24030.19,24432.43,23889.46,24196.29,10122095681
"Jun 16, 2023",23365.48,24186.18,23090.87,24029.07,14899505285
"Jun 15, 2023",23167.48,23514.35,22886.79,23366.49,14468971047
"Jun 14, 2023",24023.34,24126.43,22988.30,23170.25,13156001847
"Jun 13, 2023",24068.11,24433.07,23841.76,24021.92,13108412593
"Jun 12, 2023",24124.82,24209.35,23915.75,24067.70,10850686659
"Jun 11, 2023",24042.44,24361.99,23870.36,24130.30,9983784698
"Jun 10, 2023",24636.49,24682.34,23714.92,24039.84,18480436760
"Jun 9, 2023",24583.03,24859.05,24438.09,24635.20,10247976986
"Jun 8, 2023",24607.60,24855.74,24505.20,24585.15,11041176912
"Jun 7, 2023",25457.05,25532.36,24439.04,24606.06,18240241845
"Jun 6, 2023",24023.45,25540.83,23819.09,25459.98,20497575478
"Jun 5, 2023",25356.18,25372.67,23747.29,24049.57,20084766988
"Jun 4, 2023",25271.92,25598.13,25172.14,25352.40,8751095685
"Jun 3, 2023",25437.32,25497.74,25162.60,25271.93,7827116679
"Jun 2, 2023",24929.24,25485.42,24698.26,25434.77,13849243161
"Jun 1, 2023",25453.30,25569.98,24946.99,24924.98,13641813081
"May 31, 2023",25812.10,25934.09,25236.04,25454.46,14641055840
"May 30, 2023",25913.95,26131.18,25720.68,25813.80,12347715848
"May 29, 2023",26186.78,26524.65,25725.84,25914.66,14179342591
"May 28, 2023",25039.89,26294.08,24976.14,26196.16,13566684713
"May 27, 2023",24899.20,25056.41,24806.91,25037.28,7354174309
"May 26, 2023",24687.89,25104.24,24543.26,24898.37,11845322375
"May 25, 2023",24479.90,24803.19,24097.72,24689.78,12916545895
"May 24, 2023",25279.41,25279.41,24262.38,24484.88,15154141239
"May 23, 2023",24841.84,25394.01,24806.82,25280.45,12718537978
"May 22, 2023",24715.78,25005.30,24529.72,24837.51,10227545876
"May 21, 2023",25069.03,25205.38,24711.94,24719.41,7989850043
"May 20, 2023",24854.70,25102.99,24812.58,25079.35,6512513319
"May 19, 2023",24897.00,25074.60,24681.51,24855.89,10407241214
"May 18, 2023",25283.09,25390.72,24533.50,24902.06,14127891735
"May 17, 2023",24881.37,25338.47,24603.94,25280.46,13969457290
"May 16, 2023",24988.75,25092.81,24707.42,24882.45,11717772224
"May 15, 2023",24814.44,25414.27,24664.02,25008.22,13255373642
"May 14, 2023",24492.78,24823.76,24376.10,24813.76,9227640971
"May 13, 2023",24504.98,24708.56,24416.41,24488.31,9142102610
"May 12, 2023",24731.66,24780.51,23848.01,24502.44,17654561666
"May 11, 2023",25149.83,25148.23,24538.31,24743.68,15326289136
"May 10, 2023",25221.58,25746.31,24505.41,25150.44,18807930467
"May 9, 2023",25184.65,25384.13,24998.44,25225.36,12885559621
"May 8, 2023",25820.95,26001.97,24821.96,25183.93,17389508142
"May 7, 2023",25780.54,26008.80,25808.92,25825.05,10256839007
"May 6, 2023",26348.96,26599.85,25394.60,25783.21,14195328248
"May 5, 2023",26173.74,26895.93,26173.12,26344.97,15999596700
"May 4, 2023",26228.13,26550.07,26053.90,26170.33,14105590112
"May 3, 2023",26047.40,26427.33,25484.51,26205.54,17276515661
"May 2, 2023",25606.46,26249.29,25418.60,26047.43,14924250592
"May 1, 2023",26543.71,26639.71,25218.23,25610.46,17007900075
"Apr 30, 2023",26282.18,26917.11,26164.01,26581.58,13306951553
"Apr 29, 2023",26364.77,26468.92,26140.67,26284.86,9582232246
"Apr 28, 2023",26724.27,26800.43,26305.00,26368.09,15767210594
"Apr 27, 2023",25738.08,27095.58,25714.92,26717.72,24614353536
"Apr 26, 2023",25778.81,27136.88,24760.71,25732.86,28839652117
"Apr 25, 2023",24883.54,25848.44,24663.64,25785.67,16153506926
"Apr 24, 2023",25101.96,25459.15,24538.48,24893.01,16010269757
"Apr 23, 2023",25067.49,25071.19,24692.75,25101.65,11631739252
"Apr 22, 2023",24571.62,25117.96,24484.81,25068.71,11828715138
"Apr 21, 2023",25756.01,25848.96,24491.83,24581.54,18708153910
"Apr 20, 2023",26318.59,26506.74,25589.49,25753.05,19456902835
"Apr 19, 2023",27693.72,27706.90,26179.29,26317.67,22436026098
"Apr 18, 2023",26956.55,27766.55,26681.85,27696.79,17749723411
"Apr 17, 2023",27599.82,27601.69,26813.02,26952.85,16359502747
"Apr 16, 2023",27305.54,27807.10,27163.10,27598.19,11702639221
"Apr 15, 2023",27460.49,27560.45,27242.41,27307.81,10754951438
"Apr 14, 2023",27515.12,28022.13,27368.64,27455.94,20407976788
"Apr 13, 2023",27181.65,27634.35,27183.60,27505.62,15823204741
"Apr 12, 2023",27693.85,27729.33,27085.97,27405.62,16960311794
"Apr 11, 2023",27280.91,27958.43,27230.93,27697.04,18432220928
"Apr 10, 2023",25965.21,27400.61,26009.79,27280.27,17739499568
"Apr 9, 2023",25423.96,26157.87,25311.28,25962.48,11156638030
"Apr 8, 2023",25390.91,25608.58,25357.15,25419.80,8525407098
"Apr 7, 2023",25677.11,25754.29,25462.47,25395.78,9877612244
"Apr 6, 2023",25841.28,25844.17,25433.70,25681.84,12672181507
"Apr 5, 2023",25708.00,26218.40,25511.52,25843.80,15639753287
"Apr 4, 2023",25484.40,26048.49,25385.25,25706.51,13948838292
"Apr 3, 2023",26088.35,26207.37,25016.27,25479.77,17930593363
"Apr 2, 2023",26190.80,26242.43,25746.61,26103.37,11371573698
"Apr 1, 2023",26200.45,26503.30,26038.35,26143.12,10008255691
"Mar 31, 2023",25707.18,26311.76,25343.12,26205.19,17484546622
"Mar 30, 2023",26146.63,26917.97,25434.83,25708.38,20574494720
"Mar 29, 2023",25155.83,26415.52,25131.77,26145.06,19077208485
"Mar 28, 2023",25108.34,25314.55,24660.63,25156.84,16406669558
"Mar 27, 2023",25973.90,26039.52,24684.33,25114.82,16831712575
"Mar 26, 2023",25514.47,26134.21,25467.63,25974.15,12876844991
"Mar 25, 2023",25506.88,25789.42,25236.75,25513.71,12418760406
"Mar 24, 2023",26141.91,26205.14,25123.59,25512.39,24108429555
"Mar 23, 2023",25119.17,26349.55,24972.43,26151.01,22354394596
"Mar 22, 2023",26137.77,26538.82,24628.96,25124.21,30713129240
"Mar 21, 2023",25906.38,26409.89,25616.04,26153.64,33511138451
"Mar 20, 2023",26254.40,26762.23,25536.77,25905.30,41771705239
"Mar 19, 2023",25028.54,26626.99,24971.20,26251.66,35362250805
"Mar 18, 2023",25528.12,25752.56,24719.28,25025.17,33152085580
"Mar 17, 2023",23606.41,25844.05,23514.16,25505.63,47181679555
"Mar 16, 2023",23033.60,23726.84,22874.44,23604.21,31907892190
"Mar 15, 2023",23092.77,23923.96,22718.16,23035.97,41255860230
"Mar 14, 2023",22569.89,24711.40,22474.37,23069.60,50921737937
"Mar 13, 2023",20742.74,22875.22,20541.52,22565.94,46130944785
"Mar 12, 2023",19375.41,20769.54,19207.07,20749.80,27410915939
"Mar 11, 2023",18944.18,19511.58,18850.01,19379.53,28347620356
"Mar 10, 2023",19239.46,19235.54,18531.49,18943.59,37139999552
"Mar 9, 2023",20589.51,20665.95,19103.75,19235.70,28683645998
"Mar 8, 2023",21061.54,21122.98,20579.21,20587.61,21363501847
"Mar 7, 2023",20987.44,21080.26,20865.44,21064.70,21582012937
"Mar 6, 2023",21115.40,21145.72,20982.53,20988.78,16238354371
"Mar 5, 2023",21006.57,21250.46,20962.40,21114.17,12532696916
"Mar 4, 2023",21014.82,21054.53,20860.76,21005.82,10492892157
"Mar 3, 2023",22151.14,22156.50,20890.91,21014.59,24491284673
"Mar 2, 2023",22164.94,22245.00,21932.42,22150.04,19235382456
"Mar 1, 2023",21888.72,22427.16,21846.83,22164.50,23117097627
"Feb 28, 2023",22170.51,22221.94,21816.55,21885.34,19415754884
"Feb 27, 2023",22325.75,22517.22,21880.15,22171.48,21358902631
"Feb 26, 2023",21919.27,22421.41,21834.21,22325.52,15771595568
"Feb 25, 2023",21918.53,21926.55,21623.61,21920.43,15228867492
"Feb 24, 2023",22595.76,22725.43,21807.94,21916.64,25330637326
"Feb 23, 2023",22809.50,23132.16,22337.94,22597.17,28757798964
"Feb 22, 2023",22942.83,22972.33,22263.16,22807.73,28475667565
"Feb 21, 2023",23246.71,23534.99,22724.41,22941.83,29340720356
"Feb 20, 2023",22778.47,23408.19,22409.28,23243.06,27135662957
"Feb 19, 2023",22992.62,23415.36,22770.06,22770.06,23918940029
"Feb 18, 2023",22922.93,23140.81,22832.44,22993.79,18313290723
"Feb 17, 2023",22147.22,23301.11,22003.04,22923.22,38593349279
"Feb 16, 2023",22735.10,23541.44,22128.71,22149.28,36863147459
"Feb 15, 2023",20698.19,22735.56,20591.50,22735.56,30382227264
"Feb 14, 2023",20316.86,20710.35,20187.18,20698.39,24956955411
"Feb 13, 2023",20404.74,20494.05,20022.11,20322.71,22289589211
"Feb 12, 2023",20462.09,20617.13,20302.17,20405.87,16690407937
"Feb 11, 2023",20257.14,20481.28,20225.90,20462.06,15302639919
"Feb 10, 2023",20316.75,20457.70,20174.66,20256.52,25334151033
"Feb 9, 2023",21414.56,21459.91,20272.86,20316.78,30329918018
"Feb 8, 2023",21679.39,21783.05,21200.02,21407.87,23677473761
"Feb 7, 2023",21210.59,21693.80,21207.40,21680.20,25336708782
"Feb 6, 2023",21274.84,21532.83,21155.50,21213.24,22205763797
"Feb 5, 2023",21581.16,21635.34,21170.57,21276.37,18133058539
"Feb 4, 2023",21698.40,21789.00,21555.39,21580.79,14465569183
"Feb 3, 2023",21522.32,21859.98,21548.53,21701.17,25064023436
"Feb 2, 2023",21539.31,21932.18,21521.57,21524.57,29406567597
"Feb 1, 2023",21304.23,21628.20,20978.03,21541.99,24229303228
"Jan 31, 2023",21050.65,21380.96,20969.89,21305.56,21027999257
"Jan 30, 2023",21867.95,21884.20,20880.78,21050.04,25073357016
"Jan 29, 2023",21183.22,22008.57,21140.56,21867.87,25224334965
"Jan 28, 2023",21229.78,21304.91,21070.46,21182.89,13532245302
"Jan 27, 2023",21141.97,21539.57,20805.50,21228.64,23348505923
"Jan 26, 2023",21160.20,21293.23,21082.18,21143.86,24196232919
"Jan 25, 2023",20789.23,21735.68,20572.83,21168.35,28097700420
"Jan 24, 2023",21091.59,21263.07,20715.77,20786.66,24247300228
"Jan 23, 2023",20913.47,21279.79,20856.55,21096.01,24392961479
"Jan 22, 2023",20940.69,21196.95,20597.90,20912.85,22777637981
"Jan 21, 2023",20849.63,21404.37,20697.38,20940.36,29825451809
"Jan 20, 2023",19463.13,20863.35,19292.69,20848.82,26477942481
"Jan 19, 2023",19158.12,19531.64,19156.86,19464.44,19525411574
"Jan 18, 2023",19612.70,19814.52,18990.41,19160.00,27788389733
"Jan 17, 2023",19550.23,19730.43,19381.40,19613.13,23170734580
"Jan 16, 2023",19294.76,19744.13,19136.07,19544.50,24735714659
"Jan 15, 2023",19345.67,19360.67,19003.99,19293.44,17831342602
"Jan 14, 2023",18356.64,19435.73,18354.14,19344.57,35936519640
"Jan 13, 2023",17374.85,18406.23,17274.23,18355.75,26944191476
"Jan 12, 2023",16829.07,17534.82,16727.80,17375.47,32202273140
"Jan 11, 2023",16246.52,16659.37,16120.83,16659.37,17065646959
"Jan 10, 2023",16019.31,16285.39,16004.18,16246.46,14721152054
"Jan 9, 2023",16031.22,16171.90,16031.22,16022.67,17353356453
"Jan 8, 2023",15899.22,16028.55,15871.00,16028.55,9161480345
"Jan 7, 2023",15896.85,15945.72,15861.76,15900.10,7234738931
"Jan 6, 2023",16002.29,15960.68,15921.39,15896.71,13516412396
"Jan 5, 2023",15900.06,15902.22,15902.75,16002.54,13014337151
"Jan 4, 2023",15817.67,16002.79,15783.76,15899.84,17369309126
"Jan 3, 2023",15631.09,15727.69,15769.71,15817.34,13184150981
"Jan 2, 2023",15528.83,15699.35,15475.98,15630.74,11331006135
"Jan 1, 2023",15427.14,15541.69,15402.27,15528.42,8634566625
"Dec 31, 2022",15479.67,15502.72,15398.80,15426.75,10477967597
"Dec 30, 2022",15610.20,15611.37,15346.85,15478.66,14850822297
"Dec 29, 2022",15572.96,15637.80,15534.27,15611.15,13575508700
"Dec 28, 2022",15715.49,15743.27,15546.36,15573.19,15999519839
"Dec 27, 2022",15902.34,15935.18,15632.48,15716.22,14805618249
"Dec 26, 2022",15857.50,15903.12,15816.24,15902.82,11172480318
"Dec 25, 2022",15793.81,15806.04,15777.10,15857.25,10974843059
"Dec 24, 2022",15746.64,15809.93,15743.41,15794.05,9135177431
"Dec 23, 2022",15875.13,15921.42,15859.44,15746.62,14370710930
"Dec 22, 2022",15854.06,15839.22,15677.45,15875.79,15509072793
"Dec 21, 2022",15909.44,15921.79,15786.72,15853.27,14029601625
"Dec 20, 2022",15493.15,15982.22,15492.88,15911.12,21384560398
"Dec 19, 2022",15833.54,15861.48,15459.56,15491.16,16227470460
"Dec 18, 2022",15853.14,15875.10,15760.84,15832.54,10321068134
"Dec 17, 2022",15707.93,15857.84,15674.42,15852.65,13651972395
"Dec 16, 2022",16321.98,16452.95,15649.16,15708.40,22675985898
"Dec 15, 2022",16685.45,16720.28,16294.89,16322.28,19705742862
"Dec 14, 2022",16736.96,17154.39,16621.23,16687.33,23917306155
"Dec 13, 2022",16322.68,16820.68,16218.60,16736.26,25069337961
"Dec 12, 2022",16255.50,16329.63,16076.06,16322.68,18609983128
"Dec 11, 2022",16249.79,16376.32,16243.13,16257.11,13423070672
"Dec 10, 2022",16245.93,16332.43,16241.23,16248.86,12054059993
"Dec 9, 2022",16324.96,16368.00,16236.15,16244.92,19274539758
"Dec 8, 2022",16026.73,16356.07,15977.72,16326.22,19417560064
"Dec 7, 2022",16326.10,16359.90,16019.41,16027.47,18717035116
"Dec 6, 2022",16172.19,16330.75,16182.05,16326.10,19001419647
"Dec 5, 2022",16245.63,16424.75,16136.50,16171.80,21158441563
"Dec 4, 2022",16045.72,16281.86,16041.23,16247.14,15956947589
"Dec 3, 2022",16219.63,16244.25,16026.71,16045.78,15390540350
"Dec 2, 2022",16118.43,16218.27,16131.02,16218.27,18544469786
"Dec 1, 2022",16471.00,16385.83,16049.25,16116.96,21748173431
"Nov 30, 2022",15929.39,16487.52,15929.39,16471.54,28324948897
"Nov 29, 2022",15678.99,15928.07,15593.77,15928.91,22841645014
"Nov 28, 2022",15857.83,15875.42,15460.83,15678.68,26821568319
"Nov 27, 2022",15808.62,15989.21,15855.14,15862.08,19719673404
"Nov 26, 2022",15865.54,16003.52,15762.86,15809.00,17283608415
"Nov 25, 2022",15951.83,15952.63,15741.80,15865.79,17936579787
"Nov 24, 2022",15945.06,16096.63,15832.67,15953.94,25105353987
"Nov 23, 2022",15707.13,16013.54,15683.87,15944.17,31636334826
"Nov 22, 2022",15404.05,15811.79,15273.32,15701.49,29800107605
"Nov 21, 2022",15769.45,15769.45,15234.93,15408.91,36532413039
"Nov 20, 2022",16154.78,16187.50,15738.00,15770.04,20630753760
"Nov 19, 2022",16140.19,16236.90,16017.03,16153.45,15568340052
"Nov 18, 2022",16106.50,16340.96,16029.24,16141.69,25967626142
"Nov 17, 2022",16039.58,16101.67,15869.75,16106.13,26897961057
"Nov 16, 2022",16301.53,16369.06,15789.34,16038.63,32641703726
"Nov 15, 2022",16102.34,16423.70,16029.81,16301.79,35336096844
"Nov 14, 2022",15834.52,16582.34,15410.02,16103.04,48091705519
"Nov 13, 2022",16213.60,16330.42,15796.94,15835.81,26348067437
"Nov 12, 2022",16426.63,16455.36,16053.46,16213.08,28680878604
"Nov 11, 2022",17252.32,17331.99,16080.84,16424.14,53870351057
"Nov 10, 2022",15852.23,17705.77,15809.52,17255.77,81636333539
"Nov 9, 2022",18395.32,18456.92,15661.40,15849.86,102704795276
"Nov 8, 2022",20564.56,20635.37,17499.07,18392.85,118039930919
"Nov 7, 2022",21075.45,21195.95,20450.92,20566.70,53417047712
"Nov 6, 2022",21320.18,21380.60,21070.98,21077.32,35335569263
"Nov 5, 2022",21181.90,21482.27,21134.62,21317.81,37908493588
"Nov 4, 2022",20727.99,21374.08,20690.94,21184.30,64185047442
"Nov 3, 2022",20544.77,20741.55,20610.13,20729.24,44339426458
"Nov 2, 2022",20736.74,20820.45,20464.15,20541.53,56604883095
"Nov 1, 2022",20731.51,20795.62,20557.28,20739.09,40312664325
"Oct 31, 2022",20727.89,20932.07,20524.05,20732.40,46195709265
"Oct 30, 2022",20891.03,20990.40,20642.82,20729.80,31630080723
"Oct 29, 2022",20667.37,21062.04,20638.65,20891.53,40511498416
"Oct 28, 2022",20355.15,20853.31,20212.37,20667.62,44149093368
"Oct 27, 2022",20580.28,20681.23,20317.23,20353.02,49789468768
"Oct 26, 2022",20166.46,20804.61,20164.11,20577.94,58350102868
"Oct 25, 2022",19571.71,20418.17,19516.31,20170.09,47937955983
"Oct 24, 2022",19840.58,19888.45,19460.15,19572.32,30556236210
"Oct 23, 2022",19484.71,19933.87,19399.97,19839.81,22437313986
"Oct 22, 2022",19443.42,19525.63,19402.71,19485.17,16336666996
"Oct 21, 2022",19483.52,19505.04,19323.47,19443.51,32918164818
"Oct 20, 2022",19597.05,19631.41,19433.96,19484.07,25047170832
"Oct 19, 2022",19604.29,19620.42,19586.10,19598.54,22963192819
"Oct 18, 2022",19860.60,19928.23,19441.21,19603.67,31005869596
"Oct 17, 2022",19783.11,20058.76,19695.79,19860.89,27908350107
"Oct 16, 2022",19615.20,19917.21,19615.20,19782.63,18469292681
"Oct 15, 2022",19735.06,19762.94,19564.11,19613.88,16656110695
"Oct 14, 2022",19844.25,20295.06,19663.03,19735.29,39553939842
"Oct 13, 2022",19739.19,19898.96,18991.76,19844.63,45273200813
"Oct 12, 2022",19640.27,19777.72,19629.39,19739.68,25708459530
"Oct 11, 2022",19707.79,19779.98,19518.18,19639.00,29597054008
"Oct 10, 2022",19975.67,20015.49,19685.09,19710.35,28240067025
"Oct 9, 2022",19925.58,20053.91,19855.57,19975.68,17295505469
"Oct 8, 2022",20070.01,20126.86,19804.42,19924.64,16867541219
"Oct 7, 2022",20387.07,20428.86,19867.56,20070.55,30010373624
"Oct 6, 2022",20339.81,20584.39,20323.84,20384.90,35458437285
"Oct 5, 2022",20368.80,20377.84,20091.80,20339.48,33518385923
"Oct 4, 2022",19955.75,20408.29,19902.17,20369.75,35945344302
"Oct 3, 2022",19441.14,19983.04,19439.35,19955.75,31000744505
"Oct 2, 2022",19699.15,19758.78,19366.67,19441.18,21198925496
"Oct 1, 2022",19823.61,19864.47,19616.76,19699.40,19094957998
"Sep 30, 2022",19912.74,20503.76,19770.92,19824.31,44863548096
"Sep 29, 2022",20015.18,20224.66,19460.67,19912.35,41749234793
"Sep 28, 2022",19909.33,20217.23,19419.70,20014.09,54675909451
"Sep 27, 2022",19981.58,21130.90,19736.34,19915.50,61038527227
"Sep 26, 2022",19414.29,19895.72,19417.29,19982.45,45893779574
"Sep 25, 2022",19542.12,19746.89,19321.36,19412.43,24118253972
"Sep 24, 2022",19910.23,19923.86,19465.41,19542.84,26986222552
"Sep 23, 2022",19730.26,19809.20,19130.36,19910.90,40132156516
"Sep 22, 2022",18852.13,19772.29,18761.46,19731.43,41809324990
"Sep 21, 2022",18945.79,19916.29,18590.48,18865.10,47157959402
"Sep 20, 2022",19486.94,19509.82,18884.79,18945.29,36897489543
"Sep 19, 2022",19375.48,19583.66,18436.15,19485.48,40056431439
"Sep 18, 2022",20094.79,20094.79,19366.73,19376.41,31185424789
"Sep 17, 2022",19745.17,20130.03,19745.17,20095.13,24917216694
"Sep 16, 2022",19728.36,19931.38,19388.63,19740.73,30074833536
"Sep 15, 2022",20278.61,20385.48,19641.56,19725.56,36433988322
"Sep 14, 2022",20228.50,20493.40,19821.56,20277.40,37940323940
"Sep 13, 2022",22085.80,22291.38,20126.27,20340.89,51202341982
"Sep 12, 2022",21617.67,22140.18,21431.63,22084.78,49570880589
"Sep 11, 2022",21355.01,21618.07,21087.47,21616.79,34252356324
"Sep 10, 2022",21061.82,21435.53,20852.80,21356.98,36362838255
"Sep 9, 2022",19309.06,21123.39,19285.07,21065.99,47755087325
"Sep 8, 2022",19297.35,19418.83,19196.42,19310.76,32162701900
"Sep 7, 2022",19033.16,19408.60,18860.37,19297.73,35253289201
"Sep 6, 2022",19915.41,20225.15,18984.92,19033.15,43854382000
"Sep 5, 2022",20174.45,20188.32,19844.91,19910.03,28955481570
"Sep 4, 2022",19926.12,20170.13,19729.54,20172.35,25480345215
"Sep 3, 2022",20064.02,20131.63,19791.37,19925.73,23724552286
"Sep 2, 2022",20223.64,20370.68,19897.35,20064.07,29261522450
"Sep 1, 2022",19974.53,20143.31,19757.47,20224.72,30328353496
"Aug 31, 2022",19752.95,20346.31,19752.95,19973.79,33099342465
"Aug 30, 2022",20276.81,20545.11,19573.50,19750.19,34402151969
"Aug 29, 2022",19741.20,20360.42,19721.19,20276.20,32602801022
"Aug 28, 2022",20111.42,20209.78,19742.87,19742.87,24523391716
"Aug 27, 2022",20335.69,20414.27,19960.38,20112.13,30222499731
"Aug 26, 2022",21659.32,21725.21,20272.46,20333.22,42479716254
"Aug 25, 2022",21463.71,21791.40,21405.04,21664.15,31119531567
"Aug 24, 2022",21598.46,21851.17,21305.33,21463.27,32064212956
"Aug 23, 2022",21533.95,21639.41,21131.22,21600.10,31984913508
"Aug 22, 2022",21447.79,21447.79,20929.89,21531.79,31863147715
"Aug 21, 2022",21082.40,21584.64,21025.41,21450.44,23012532155
"Aug 20, 2022",20797.97,21274.22,20779.85,21088.04,27493953357
"Aug 19, 2022",23008.32,23008.32,20793.99,20802.67,40364302288
"Aug 18, 2022",22933.50,23180.54,22957.16,23007.75,23537897975
"Aug 17, 2022",23482.33,24013.03,22837.88,22928.55,30391556937
"Aug 16, 2022",23742.58,23855.39,23320.54,23484.27,27290004820
"Aug 15, 2022",23716.83,24529.92,23463.20,23753.24,34565108255
"Aug 14, 2022",23804.09,24335.98,23586.99,23717.82,22425396656
"Aug 13, 2022",23777.91,24224.06,23723.27,23799.23,22399261009
"Aug 12, 2022",23211.85,23788.02,22995.41,23778.52,26568263606
"Aug 11, 2022",23253.29,23987.42,23155.05,23212.16,35971940218
"Aug 10, 2022",22690.38,23377.70,22313.29,23252.61,31884390941
"Aug 9, 2022",23349.18,23441.27,22445.60,22691.77,23075182547
"Aug 8, 2022",22787.24,23732.88,22792.97,23347.23,28020750644
"Aug 7, 2022",22541.21,22955.02,22473.53,22783.66,15617948551
"Aug 6, 2022",22863.12,22897.61,22539.02,22539.02,15684419685
"Aug 5, 2022",22080.49,22891.90,22081.13,22861.05,28350151755
"Aug 4, 2022",22496.26,22800.65,21947.75,22084.51,24513676701
"Aug 3, 2022",22629.53,23139.24,22382.73,22494.58,25883226996
"Aug 2, 2022",22714.44,22972.82,22182.37,22626.39,27954696457
"Aug 1, 2022",22855.56,22842.22,22334.98,22720.06,25190419169
"Jul 31, 2022",23128.70,23587.88,22783.91,22855.74,23067963939
"Jul 30, 2022",23270.24,24028.84,23058.72,23132.74,27525354526
"Jul 29, 2022",23395.75,23731.83,23115.08,23277.88,35093136683
"Jul 28, 2022",22472.19,23648.15,22385.82,23394.45,39454422891
"Jul 27, 2022",20974.58,22515.35,20771.90,22469.16,31119933295
"Jul 26, 2022",20893.51,20893.51,20541.04,20970.22,28261426744
"Jul 25, 2022",22164.96,22215.07,20894.02,20894.07,34795798682
"Jul 24, 2022",21996.97,22490.05,21841.61,22166.93,23104554215
"Jul 23, 2022",22235.59,22500.20,21544.02,21996.94,23520800525
"Jul 22, 2022",22664.97,23141.56,22134.26,22243.42,30769244151
"Jul 21, 2022",22820.14,22961.91,22032.91,22665.82,32906835618
"Jul 20, 2022",22866.10,23725.61,22458.47,22818.70,42169251336
"Jul 19, 2022",22142.99,23139.17,21324.61,22862.42,47666425150
"Jul 18, 2022",20580.22,22271.20,20580.22,22160.57,39396484620
"Jul 17, 2022",21025.48,21427.84,20576.53,20577.68,22705287763
"Jul 16, 2022",20667.43,21342.29,20354.75,21020.79,24108530424
"Jul 15, 2022",20518.45,20966.39,20357.71,20669.64,25698330756
"Jul 14, 2022",20141.74,20739.71,19781.68,20515.22,31075892235
"Jul 13, 2022",19267.59,20127.44,18968.60,20142.34,32928433961
"Jul 12, 2022",19879.35,20018.13,19244.06,19265.54,25732247343
"Jul 11, 2022",20513.02,20513.02,19834.20,19879.43,24040051438
"Jul 10, 2022",21195.27,21195.27,20347.15,20517.04,28216532104
"Jul 9, 2022",21318.71,21476.09,21052.81,21196.38,29097746702
"Jul 8, 2022",21278.52,21904.48,20942.01,21332.74,48985070722
"Jul 7, 2022",20175.28,21416.76,19885.15,21278.95,25387089351
"Jul 6, 2022",19689.73,20225.49,19312.76,20175.71,24152964859
"Jul 5, 2022",19386.30,20098.14,18851.30,19685.34,26047631600
"Jul 4, 2022",18496.69,19415.78,18274.81,19391.97,20698784642
"Jul 3, 2022",18450.40,18762.56,18186.57,18496.46,15710783136
"Jul 2, 2022",18481.79,18574.72,18244.23,18450.55,17355695111
"Jul 1, 2022",18915.45,19707.17,18245.09,18476.55,29501651034
"Jun 30, 2022",19249.97,19290.12,17866.33,18881.34,25067851481
"Jun 29, 2022",19273.34,19340.90,18932.67,19245.86,22547368054
"Jun 28, 2022",19594.63,19982.81,19223.58,19272.83,20319022534
"Jun 27, 2022",19902.18,20292.88,19475.28,19598.34,19815936954
"Jun 26, 2022",20364.25,20636.35,19896.69,19901.28,17061815516
"Jun 25, 2022",20115.21,20387.39,19860.36,20369.79,17404838729
"Jun 24, 2022",20043.62,20341.92,19733.67,20113.36,23643233429
"Jun 23, 2022",18918.34,20078.34,18883.22,20044.78,24895086063
"Jun 22, 2022",19674.12,19716.91,18783.96,18918.74,27047499341
"Jun 21, 2022",19576.46,20469.61,19389.31,19665.75,27508665511
"Jun 20, 2022",19593.53,19867.45,18762.99,19581.45,29295317918
"Jun 19, 2022",18112.52,19728.08,17213.37,19593.43,33680034304
"Jun 18, 2022",19500.36,19750.50,16871.79,18118.95,40024238817
"Jun 17, 2022",19328.66,20222.21,19288.18,19498.51,25842871784
"Jun 16, 2022",21590.15,21868.66,19215.79,19324.80,29566992964
"Jun 15, 2022",21265.11,21666.79,19254.55,21586.84,52513395637
"Jun 14, 2022",21593.53,22084.06,20144.82,21274.75,48776681576
"Jun 13, 2022",25490.08,25545.84,21262.47,21592.95,65491720208
"Jun 12, 2022",26971.01,27093.80,25513.98,25513.98,32569266905
"Jun 11, 2022",27648.99,27950.58,26840.50,26958.94,25899776264
"Jun 10, 2022",28354.48,28450.84,27545.00,27648.17,28393158151
"Jun 9, 2022",28193.76,28560.14,28284.82,28356.05,20427057156
"Jun 8, 2022",29120.06,29219.08,28037.96,28192.89,28218744385
"Jun 7, 2022",29347.38,29415.99,27457.54,29123.80,38112258051
"Jun 6, 2022",27885.12,29626.51,27865.51,29346.38,29885839078
"Jun 5, 2022",27833.87,28097.54,27590.68,27881.74,16095168744
"Jun 4, 2022",27710.57,27922.91,27518.29,27831.81,15475672800
"Jun 3, 2022",28338.11,28471.87,27401.08,27708.94,24417152700
"Jun 2, 2022",27975.76,28473.61,27821.35,28337.81,27050621073
"Jun 1, 2022",29616.86,29788.95,27699.99,27979.70,38624270013
"May 31, 2022",29446.19,30046.55,29248.61,29616.63,31243056728
"May 30, 2022",27440.89,29631.02,27310.22,29448.53,36457951191
"May 29, 2022",27040.13,27486.48,26873.57,27443.31,16863303101
"May 28, 2022",26669.99,26849.15,26606.57,26849.15,33096432048
"May 27, 2022",27253.76,27332.51,26394.17,26674.60,34086381316
"May 26, 2022",27664.32,27900.91,26415.78,27268.74,34263227320
"May 25, 2022",27628.18,28148.82,27579.45,27662.06,25755724941
"May 24, 2022",27238.68,27733.65,26835.78,27630.46,24798918266
"May 23, 2022",28677.21,28839.83,27123.06,27236.61,29468544949
"May 22, 2022",27856.63,28770.27,27707.76,28690.76,20466652625
"May 21, 2022",27636.47,28004.65,27473.24,27856.39,16349928209
"May 20, 2022",28649.98,28987.60,27297.95,27637.30,29103029911
"May 19, 2022",27422.77,28738.65,27379.53,28653.02,31922561452
"May 18, 2022",28841.25,28996.38,27422.69,27422.69,29871799896
"May 17, 2022",28606.19,29153.96,28087.50,28842.56,27587090999
"May 16, 2022",30105.29,30106.22,28059.67,28606.68,31241928469
"May 15, 2022",28907.89,30108.96,28359.62,30106.00,24845773973
"May 14, 2022",28127.10,28998.38,27567.42,28910.46,27449249017
"May 13, 2022",27972.24,29749.23,27733.04,28124.66,41146329651
"May 12, 2022",27527.40,28532.65,25197.89,27988.47,64546279091
"May 11, 2022",29457.43,30325.94,26794.29,27527.04,66960636984
"May 10, 2022",28659.04,30856.84,28347.61,29463.82,56805175250
"May 9, 2022",32338.83,32533.08,28681.10,28681.10,59976492993
"May 8, 2022",33657.50,33657.50,32143.24,32338.11,34905258350
"May 7, 2022",34169.02,34251.89,33124.60,33656.56,23108837311
"May 6, 2022",34700.41,34757.80,33570.82,34167.52,35830963371
"May 5, 2022",37374.66,37479.44,34032.96,34702.28,40898957356
"May 4, 2022",35863.59,37683.83,35831.23,37377.13,34605300951
"May 3, 2022",36659.04,36719.82,35711.64,35865.91,25962754911
"May 2, 2022",36518.61,37167.53,36357.86,36660.19,31325499196
"May 1, 2022",35768.54,36635.97,35647.64,36515.67,25631586954
"Apr 30, 2022",36615.11,36771.93,35754.01,35770.07,22663507357
"Apr 29, 2022",37861.71,37881.10,36255.78,36618.87,29290482147
"Apr 28, 2022",37181.06,38350.79,37042.05,37866.67,32278022256
"Apr 27, 2022",35817.27,37346.59,35713.90,37180.77,29354356982
"Apr 26, 2022",37756.30,38091.43,35609.54,35814.60,32480596939
"Apr 25, 2022",36516.43,37814.76,35703.96,37765.52,33086569081
"Apr 24, 2022",36599.14,36830.59,36264.54,36513.36,16619008460
"Apr 23, 2022",36840.50,37023.26,36482.17,36606.88,14961043084
"Apr 22, 2022",37403.67,37592.53,36452.23,36841.98,25968766219
"Apr 21, 2022",38131.13,39409.85,36981.60,37405.05,32647596186
"Apr 20, 2022",38443.56,38901.41,37783.54,38133.77,25640595290
"Apr 19, 2022",37871.77,38643.46,37656.93,38444.50,23438663863
"Apr 18, 2022",36732.98,38018.95,35852.29,37869.95,31264556133
"Apr 17, 2022",37382.68,37524.15,36640.21,36729.05,17651670409
"Apr 16, 2022",37507.12,37582.38,37068.82,37388.89,15569098908
"Apr 15, 2022",36905.61,37585.00,36859.91,37508.18,20123068184
"Apr 14, 2022",37778.17,37997.49,36639.17,36902.02,22492983503
"Apr 13, 2022",37061.74,38045.63,36706.25,37784.14,25415782493
"Apr 12, 2022",36346.19,37277.36,36224.38,37065.08,28626539424
"Apr 11, 2022",38772.50,38944.71,36174.00,36335.33,31212598648
"Apr 10, 2022",39333.49,39705.66,38596.35,38778.59,16220173023
"Apr 9, 2022",38874.70,39338.76,38783.83,39334.45,14757288893
"Apr 8, 2022",40042.17,40374.31,38783.86,38879.83,25022739973
"Apr 7, 2022",39647.80,40176.88,39314.25,40040.98,24024282149
"Apr 6, 2022",41761.44,41761.44,39635.38,39647.11,36147931482
"Apr 5, 2022",42482.06,42981.43,41761.86,41772.11,27178655482
"Apr 4, 2022",42047.28,42636.04,41247.24,42480.39,29612277017
"Apr 3, 2022",41520.26,42842.35,41316.52,42054.79,23007857472
"Apr 2, 2022",41893.00,42565.30,41450.89,41529.15,26560971008
"Apr 1, 2022",41138.78,42231.38,40130.23,41889.52,34541009344
"Mar 31, 2022",42165.61,42784.68,40993.92,41124.80,30097132907
"Mar 30, 2022",42788.09,42735.04,42095.57,42166.08,26281869339
"Mar 29, 2022",42852.07,43253.53,42852.07,42796.05,28308216398
"Mar 28, 2022",42636.82,43792.06,42521.00,42877.15,33082380179
"Mar 27, 2022",40516.52,42638.91,40454.56,42635.59,25643813077
"Mar 26, 2022",40378.33,40726.49,40211.18,40512.40,15431254426
"Mar 25, 2022",39936.56,40864.76,39679.02,40377.30,27836474347
"Mar 24, 2022",38967.59,40167.31,38893.71,39933.28,28198864381
"Mar 23, 2022",38409.92,38973.81,37972.77,38973.31,22936192446
"Mar 22, 2022",37282.96,39245.64,37218.05,38404.87,29017210104
"Mar 21, 2022",37351.51,37560.31,36810.31,37286.50,22343528627
"Mar 20, 2022",38129.81,38174.78,37057.39,37353.04,18227385445
"Mar 19, 2022",37771.25,38242.91,37597.75,38129.13,17771796430
"Mar 18, 2022",36890.07,38172.76,36513.09,37777.13,31107938571
"Mar 17, 2022",37326.84,37422.86,36835.60,36895.96,19829990296
"Mar 16, 2022",35867.12,37790.82,35582.10,37329.64,35944190360
"Mar 15, 2022",36246.58,36323.90,34901.87,35870.05,21823596407
"Mar 14, 2022",34620.68,36325.72,34490.38,36248.87,22226440234
"Mar 13, 2022",35628.29,35925.72,34529.18,34623.73,15826202787
"Mar 12, 2022",35545.58,36016.66,35525.49,35645.96,13392381380
"Mar 11, 2022",35811.30,36374.96,34878.10,35546.05,24156936348
"Mar 10, 2022",37904.93,38005.41,35103.23,35809.02,28218727367
"Mar 9, 2022",35550.99,38442.48,35516.56,37912.93,29154369205
"Mar 8, 2022",35025.62,35897.73,34939.02,35545.90,23652979647
"Mar 7, 2022",35341.55,36295.25,34336.88,35027.58,26270330758
"Mar 6, 2022",36060.48,36276.43,34952.54,35332.98,18158720424
"Mar 5, 2022",35816.60,36198.93,35476.80,36057.17,15535392023
"Mar 4, 2022",38368.45,38394.52,35488.88,35806.68,26089308598
"Mar 3, 2022",39527.84,39650.50,37882.17,38362.71,22562810870
"Mar 2, 2022",39845.52,40631.08,39156.93,39526.88,26261591224
"Mar 1, 2022",38517.14,40115.80,38354.30,39842.84,29175246439
"Feb 28, 2022",33725.15,39005.66,33551.86,38516.01,31825285237
"Feb 27, 2022",34686.57,35290.05,33453.75,33728.54,20974356939
"Feb 26, 2022",34781.89,35484.63,34329.03,34692.29,15496410516
"Feb 25, 2022",34254.42,35321.28,34100.89,34782.89,23545866817
"Feb 24, 2022",32972.93,34756.04,30687.86,34253.41,41447823409
"Feb 23, 2022",33794.95,34485.18,32917.58,32988.86,19325527663
"Feb 22, 2022",32777.69,33859.29,32298.25,33795.61,22503160806
"Feb 21, 2022",33951.55,34667.11,32661.08,32783.45,25890903370
"Feb 20, 2022",35433.59,35435.17,33679.30,33958.77,16206118505
"Feb 19, 2022",35352.27,35699.25,35075.84,35437.17,12132567474
"Feb 18, 2022",35686.36,35996.58,35031.05,35356.64,20588144724
"Feb 17, 2022",38632.99,38791.56,35424.96,35673.94,23097378235
"Feb 16, 2022",39258.62,39258.62,38221.99,38654.79,17403191304
"Feb 15, 2022",37666.75,39328.82,37562.96,39255.91,20010215311
"Feb 14, 2022",37095.81,37829.57,36708.26,37667.15,18421695035
"Feb 13, 2022",37211.85,37614.03,36960.21,37131.11,12971654871
"Feb 12, 2022",37364.39,37877.90,36873.54,37218.81,15992873039
"Feb 11, 2022",38181.86,38463.32,37102.07,37360.55,23746750515
"Feb 10, 2022",38829.73,39776.27,38122.81,38176.59,28166430696
"Feb 9, 2022",38611.56,39157.18,37834.04,38821.86,20353471281
"Feb 8, 2022",38328.97,39677.52,37478.90,38630.60,28964685523
"Feb 7, 2022",37021.67,38824.99,36446.97,38316.41,25032982080
"Feb 6, 2022",36195.79,37100.55,36024.41,37026.61,14092260820
"Feb 5, 2022",36248.52,36550.44,35843.78,36195.83,17165326511
"Feb 4, 2022",32485.80,36271.49,32399.47,36247.98,25689419035
"Feb 3, 2022",32695.53,32490.47,32245.68,32490.47,16257683635
"Feb 2, 2022",34368.15,34456.87,32579.47,32702.76,16952016995
"Feb 1, 2022",34269.20,34795.57,33847.98,34367.76,17997198255
"Jan 31, 2022",34002.21,34406.04,32919.34,34270.42,18464920256
"Jan 30, 2022",34218.80,34334.97,33595.70,33999.80,13130518444
"Jan 29, 2022",33885.86,34599.40,33550.20,34206.48,15421617548
"Jan 28, 2022",33315.50,34046.20,32534.78,33889.11,19946207246
"Jan 27, 2022",32774.57,33333.34,31971.12,33324.29,22469772280
"Jan 26, 2022",32690.27,34411.11,32362.68,32783.68,27866393735
"Jan 25, 2022",32369.75,33179.37,31627.01,32693.35,23381125046
"Jan 24, 2022",31985.87,32899.06,29323.49,32369.33,36963489637
"Jan 23, 2022",30893.02,32121.72,30654.95,31986.82,22941168169
"Jan 22, 2022",32148.43,32339.90,30277.66,30877.94,35006840731
"Jan 21, 2022",35974.67,36321.81,31548.89,32135.85,37913565556
"Jan 20, 2022",36800.62,38251.65,35950.99,35957.71,18015822473
"Jan 19, 2022",37402.38,37446.66,36389.53,36800.88,20356996522
"Jan 18, 2022",37028.34,37549.37,36422.05,37403.79,19787042903
"Jan 17, 2022",37804.24,37857.53,36531.26,37028.76,19010103713
"Jan 16, 2022",37819.44,38051.38,37398.06,37800.53,15695843306
"Jan 15, 2022",37758.00,38303.56,37378.80,37824.13,16093613422
"Jan 14, 2022",37181.66,37969.27,36655.23,37756.07,20654206193
"Jan 13, 2022",38413.76,38574.17,37053.21,37175.29,41626348816
"Jan 12, 2022",37605.17,38559.48,37401.82,38415.82,29282229408
"Jan 11, 2022",36910.65,37828.12,36550.13,37599.60,23163434090
"Jan 10, 2022",36913.57,37231.55,35228.76,36912.20,28335773331
"Jan 9, 2022",36735.07,37580.80,36386.01,36914.77,18755603984
"Jan 8, 2022",36579.04,37170.08,35799.90,36734.38,24704118680
"Jan 7, 2022",38197.00,38197.00,36222.50,36575.90,74103034014
"Jan 6, 2022",38517.18,38691.02,37721.00,38203.51,26738382071
"Jan 5, 2022",40679.45,41486.54,37839.75,38520.27,32580817996
"Jan 4, 2022",41106.38,41956.50,40554.57,40677.88,37661970660
"Jan 3, 2022",41628.32,41849.96,40575.28,41105.72,29261479130
"Jan 2, 2022",41921.17,42097.43,41196.71,41629.80,24577311974
"Jan 1, 2022",40717.38,42049.87,40696.93,41926.34,21613129995
"Dec 31, 2021",41659.19,42793.97,40254.16,40712.72,32507766322
"Dec 30, 2021",40925.54,42321.10,40583.38,41666.92,23569055197
"Dec 29, 2021",42095.84,42554.26,40696.17,40885.14,26452243764
"Dec 28, 2021",44732.22,44732.22,41924.26,42064.88,29549879026
"Dec 27, 2021",44864.95,45876.66,44609.06,44697.41,21469713513
"Dec 26, 2021",44538.47,45242.85,43757.65,44871.05,18514119911
"Dec 25, 2021",44914.91,45199.02,44368.91,44539.50,16807813795
"Dec 24, 2021",44868.70,45774.12,44604.05,44886.01,21521666976
"Dec 23, 2021",42931.71,45285.34,42421.75,44849.70,24925551041
"Dec 22, 2021",43355.23,43932.41,42874.91,42933.63,21584876672
"Dec 21, 2021",41575.06,43688.65,41408.41,43354.80,23969764820
"Dec 20, 2021",41543.04,42023.43,40365.48,41569.91,27454692665
"Dec 19, 2021",41684.95,42784.41,41372.75,41542.99,22372971358
"Dec 18, 2021",41119.79,42094.17,40567.48,41680.42,23219129040
"Dec 17, 2021",42045.17,42383.76,40375.59,41104.57,29272501838
"Dec 16, 2021",43310.95,43746.67,41949.87,42055.49,24058853189
"Dec 15, 2021",42975.20,43813.05,41480.97,43307.63,32364951353
"Dec 14, 2021",41396.77,43013.82,41143.71,41405.49,30769104303
"Dec 13, 2021",44307.20,44382.27,40644.06,41421.28,28507891159
"Dec 12, 2021",43611.23,44821.81,43055.43,44292.69,19396796672
"Dec 11, 2021",41758.73,43702.56,41473.99,43618.00,22776228252
"Dec 10, 2021",42184.83,44288.55,41545.86,41739.89,27358744220
"Dec 9, 2021",44471.75,44787.50,41934.92,42211.38,26212546684
"Dec 8, 2021",44946.21,45188.11,43256.89,44519.98,25104855062
"Dec 7, 2021",44826.88,46178.33,44523.50,44974.98,29873995242
"Dec 6, 2021",43712.35,45136.08,41835.87,44827.59,33417159033
"Dec 5, 2021",43487.30,43988.13,42299.38,43672.87,32906421504
"Dec 4, 2021",47485.88,47642.14,37893.53,43486.58,54256406273
"Dec 3, 2021",49981.62,50839.18,46423.78,47371.31,35166512180
"Dec 2, 2021",50549.60,50583.86,49311.75,49953.89,28639661363
"Dec 1, 2021",50227.37,52107.59,49983.93,50560.61,32562962375
"Nov 30, 2021",51210.30,51991.24,49508.78,50313.39,32399262570
"Nov 29, 2021",50734.56,52219.01,50321.47,51189.45,28665350260
"Nov 28, 2021",48421.39,50827.24,47329.26,50696.09,24898768129
"Nov 27, 2021",47470.33,48877.43,47410.20,48423.20,26997217218
"Nov 26, 2021",52600.24,52793.20,47323.10,47323.10,36935280493
"Nov 25, 2021",51025.74,52950.41,51002.73,51096.46,30585799415
"Nov 24, 2021",51185.60,51405.66,49940.40,50235.80,32700833644
"Nov 23, 2021",50085.21,51445.26,49416.91,51188.46,33331102310
"Nov 22, 2021",52066.11,52559.13,49562.80,50071.63,31166066807
"Nov 21, 2021",52919.26,53161.94,51934.44,52087.06,23168441582
"Nov 20, 2021",51488.04,53033.88,50916.28,52889.75,27132088068
"Nov 19, 2021",50046.06,51562.84,49053.82,51492.03,34289056107
"Nov 18, 2021",53332.04,53811.98,49726.47,50086.53,36405348273
"Nov 17, 2021",53127.34,53709.93,51727.15,53339.00,34616617571
"Nov 16, 2021",56058.09,56058.09,51952.14,53146.45,41382286062
"Nov 15, 2021",57267.25,57891.78,55891.99,55914.40,26883766644
"Nov 14, 2021",56323.17,57244.43,55581.09,57219.66,21957336627
"Nov 13, 2021",56063.42,56725.39,55316.83,56335.54,26629356281
"Nov 12, 2021",56661.15,57222.57,54445.74,56061.52,31532134995
"Nov 11, 2021",56574.20,57220.97,55921.49,56736.26,31343096595
"Nov 10, 2021",57747.79,59496.15,55065.33,56588.42,42427739382
"Nov 9, 2021",58290.29,59153.06,57269.13,57763.74,36534106723
"Nov 8, 2021",54756.70,58408.39,54756.70,58305.04,35488274443
"Nov 7, 2021",53287.36,54741.94,53181.37,54741.94,21374622401
"Nov 6, 2021",52866.59,53318.32,52083.06,53263.60,25187135416
"Nov 5, 2021",53187.43,54139.52,52592.56,52915.76,26494469926
"Nov 4, 2021",54190.31,54351.23,52647.95,53180.64,28225688676
"Nov 3, 2021",54627.90,54845.92,52820.17,54214.63,31101912716
"Nov 2, 2021",52556.48,55465.69,52312.25,54603.77,32598888626
"Nov 1, 2021",53061.87,53961.04,51686.60,52591.96,31165444999
"Oct 31, 2021",53498.82,53979.46,51994.21,53060.58,27898987362
"Oct 30, 2021",53835.18,53913.71,52692.57,53531.98,27815652165
"Oct 29, 2021",51894.65,54532.00,51632.07,53825.32,31880097022
"Oct 28, 2021",50411.88,53186.02,49810.28,51892.30,38739882231
"Oct 27, 2021",52043.28,52939.00,50162.48,50421.94,37639952956
"Oct 26, 2021",54297.37,54507.09,51741.36,52053.45,30077143516
"Oct 25, 2021",52316.29,54906.25,52119.69,54303.45,26759780838
"Oct 24, 2021",52712.89,52830.96,51231.19,52348.00,23468371588
"Oct 23, 2021",52125.03,53026.14,51379.50,52734.60,23091004859
"Oct 22, 2021",53539.59,54746.94,51720.34,52123.00,33007497760
"Oct 21, 2021",56642.13,57214.13,53432.03,53515.74,39492048235
"Oct 20, 2021",55258.20,57457.26,54619.56,56634.06,35004469846
"Oct 19, 2021",53423.38,55387.93,52881.78,55238.77,34788514253
"Oct 18, 2021",53075.20,54052.42,51725.23,53408.67,32768426725
"Oct 17, 2021",52490.70,53143.31,51034.91,53079.35,25035394378
"Oct 16, 2021",53113.02,53686.27,51903.15,52494.60,29527448010
"Oct 15, 2021",49476.84,54100.47,49035.86,53099.59,44639142500
"Oct 14, 2021",49473.00,50443.35,49136.93,49455.81,31591335859
"Oct 13, 2021",48599.46,49756.47,47064.28,49497.37,35944622965
"Oct 12, 2021",49792.35,49838.78,47242.48,48601.89,35630095368
"Oct 11, 2021",47324.82,50008.03,47119.63,49755.96,36904742451
"Oct 10, 2021",47494.95,48723.90,46899.84,47357.21,34176954639
"Oct 9, 2021",46615.77,47879.67,46447.53,47508.27,28081699148
"Oct 8, 2021",46543.64,48419.52,46490.47,46648.67,30081144601
"Oct 7, 2021",47891.10,47891.10,46308.52,46546.96,31842075157
"Oct 6, 2021",44400.92,48092.62,43739.54,47910.85,42435587147
"Oct 5, 2021",42332.71,44701.36,42237.53,44425.19,30936829914
"Oct 4, 2021",41535.25,42535.84,40473.24,42279.28,28738204927
"Oct 3, 2021",41124.93,42376.16,40674.05,41527.54,22950548222
"Oct 2, 2021",41519.48,41644.20,40939.89,41152.06,26405455522
"Oct 1, 2021",37858.23,41776.98,37424.38,41501.78,36959492526
"Sep 30, 2021",35817.48,38067.21,35731.65,37835.90,26906818025
"Sep 29, 2021",35139.88,36501.92,34946.44,35828.77,26379448455
"Sep 28, 2021",36082.23,36578.74,35026.08,35113.84,25855347638
"Sep 27, 2021",36880.71,37793.00,36074.26,36112.02,26488265626
"Sep 26, 2021",36451.59,37477.66,34853.34,36858.83,26155402187
"Sep 25, 2021",36551.93,36685.91,35631.03,36447.29,26966250911
"Sep 24, 2021",38240.20,38415.48,34920.03,36550.96,36550615442
"Sep 23, 2021",37271.32,38274.55,36877.67,38240.88,29168511933
"Sep 22, 2021",34699.55,37449.11,34668.09,37283.48,32633326863
"Sep 21, 2021",36678.13,37162.19,33926.78,34712.97,41543539579
"Sep 20, 2021",40293.14,40359.64,36324.09,36534.50,37443550043
"Sep 19, 2021",41164.31,41215.06,40012.70,40292.13,22991574653
"Sep 18, 2021",40317.70,41610.27,40158.86,41172.42,24369669132
"Sep 17, 2021",40604.78,40904.46,39936.25,40312.58,24500717915
"Sep 16, 2021",40747.39,41129.88,40008.63,40615.28,26999268519
"Sep 15, 2021",39904.96,40996.85,39622.34,40762.15,25793023914
"Sep 14, 2021",38070.78,39998.47,37895.51,39900.29,32749002832
"Sep 13, 2021",38991.90,39505.15,36921.59,38073.34,34692077878
"Sep 12, 2021",38263.03,39252.55,37910.78,38997.03,23604800758
"Sep 11, 2021",37990.84,38908.55,37934.32,38258.65,29200764051
"Sep 10, 2021",39237.66,39785.89,37539.69,38002.76,33151864661
"Sep 9, 2021",38729.96,39943.25,38623.81,39233.23,32705466036
"Sep 8, 2021",39535.46,39952.78,37696.31,38997.88,41465418833
"Sep 7, 2021",44351.76,44487.54,36544.40,39521.42,55055157929
"Sep 6, 2021",43556.63,44384.73,43032.13,44329.07,32749010156
"Sep 5, 2021",42022.86,43661.29,41686.88,43543.51,25512438561
"Sep 4, 2021",42098.75,42534.26,41695.45,42028.55,31532234752
"Sep 3, 2021",41509.88,42880.88,40727.29,42112.26,36371739714
"Sep 2, 2021",41217.64,42469.41,41072.39,41543.12,33273143710
"Sep 1, 2021",39881.12,41465.33,39451.47,41250.73,33052752888
"Aug 31, 2021",39862.63,40754.29,39624.82,39937.78,29407483737
"Aug 30, 2021",41390.71,41472.91,39799.18,39888.61,26996771542
"Aug 29, 2021",41466.37,42087.68,40630.96,41386.46,21943161406
"Aug 28, 2021",41603.15,41781.96,41117.07,41458.87,24219695246
"Aug 27, 2021",39898.36,41637.23,39487.52,41591.35,29258076943
"Aug 26, 2021",41624.66,41936.71,39431.36,39938.91,27793027038
"Aug 25, 2021",40609.26,41798.48,40132.56,41589.11,27731017546
"Aug 24, 2021",42201.10,42483.45,40572.20,40591.28,30087439475
"Aug 23, 2021",42140.44,43068.28,41784.33,42187.30,29209895615
"Aug 22, 2021",41779.18,42299.71,41207.09,42166.07,21690154270
"Aug 21, 2021",42158.07,42504.07,41303.06,41810.28,34697103726
"Aug 20, 2021",40016.39,42170.96,39941.08,42168.42,29662710164
"Aug 19, 2021",38231.40,40219.84,37677.21,40011.64,31863930903
"Aug 18, 2021",38163.16,39276.84,37875.08,38282.08,27509491838
"Aug 17, 2021",39000.28,40059.11,38036.66,38170.50,28567965431
"Aug 16, 2021",39867.24,40689.14,38807.21,39058.04,27827732126
"Aug 15, 2021",39924.60,40145.38,38638.55,39890.17,26274887098
"Aug 14, 2021",40529.55,40774.02,39145.52,39924.84,26458364542
"Aug 13, 2021",37866.80,40547.60,37739.47,40514.83,26909894509
"Aug 12, 2021",38815.64,39373.21,37358.15,37857.08,28735694964
"Aug 11, 2021",38908.50,39816.84,38689.54,38829.91,29228448871
"Aug 10, 2021",39429.89,39747.23,38138.31,38895.97,28623543705
"Aug 9, 2021",37276.48,39556.04,36458.36,39501.93,33000273327
"Aug 8, 2021",37894.43,38496.25,36834.03,37281.75,30901481683
"Aug 7, 2021",36413.79,37992.55,36231.66,37878.58,34031757079
"Aug 6, 2021",34533.29,36792.51,33779.55,36399.93,32497785843
"Aug 5, 2021",33573.66,34938.07,31643.25,34536.41,29732758610
"Aug 4, 2021",32195.88,33745.91,31719.17,33576.19,21433142518
"Aug 3, 2021",32995.19,33479.62,31847.32,32145.03,22065717849
"Aug 2, 2021",33633.84,34015.57,32636.47,33015.02,21555769455
"Aug 1, 2021",34937.93,35848.73,33328.82,33690.84,22493015644
"Jul 31, 2021",35557.01,35586.63,34642.99,35077.27,21743361094
"Jul 30, 2021",33659.11,35590.08,32259.81,35590.08,27869012071
"Jul 29, 2021",33763.84,34189.92,33224.75,33643.08,22844853094
"Jul 28, 2021",33417.48,34560.60,32899.85,33764.22,32672260425
"Jul 27, 2021",31576.75,33336.07,30871.86,33336.07,29690410041
"Jul 26, 2021",30055.27,34319.39,29977.70,31628.85,43221149247
"Jul 25, 2021",29130.43,30039.04,28783.43,30026.52,17715710196
"Jul 24, 2021",28538.18,29300.42,28395.22,29132.26,18404688435
"Jul 23, 2021",27441.88,28527.83,27234.62,28527.83,19158166209
"Jul 22, 2021",27251.35,27691.80,26923.95,27447.95,16610936345
"Jul 21, 2021",25290.46,27762.08,25073.49,27227.46,23914049599
"Jul 20, 2021",26151.88,26284.10,24936.05,25299.85,19647763124
"Jul 19, 2021",26920.52,27015.61,25876.18,26134.54,17329375882
"Jul 18, 2021",26711.41,27444.22,26441.71,26917.81,15905101628
"Jul 17, 2021",26595.72,27051.98,26448.91,26710.71,16005403695
"Jul 16, 2021",26957.95,27281.77,26353.81,26616.24,20075115913
"Jul 15, 2021",27742.15,28025.53,26415.40,26906.46,18033620233
"Jul 14, 2021",27790.73,27938.83,26849.88,27737.48,18064857618
"Jul 13, 2021",27922.95,28141.90,27391.37,27772.20,16238387526
"Jul 12, 2021",28852.54,29151.09,27565.92,27948.56,20501686427
"Jul 11, 2021",28213.44,29119.49,28076.75,28840.89,16937803944
"Jul 10, 2021",28466.02,28802.80,27882.49,28223.07,19341490472
"Jul 9, 2021",27739.46,28662.38,27293.29,28454.88,23098660464
"Jul 8, 2021",28736.96,28757.30,27150.16,27752.71,25248203553
"Jul 7, 2021",28949.65,29601.76,28694.30,28707.89,21025989867
"Jul 6, 2021",28425.07,29579.67,28427.51,28957.70,22415984656
"Jul 5, 2021",29761.18,29761.18,27983.94,28444.03,22523224003
"Jul 4, 2021",29217.04,30280.46,28990.25,29764.08,21022831221
"Jul 3, 2021",28533.39,29422.43,28152.66,29219.55,20551434327
"Jul 2, 2021",28322.40,28654.99,27679.82,28569.31,32641787035
"Jul 1, 2021",29550.96,29550.96,27761.31,28341.41,31943458371
"Jun 30, 2021",30174.11,30306.33,28768.81,29555.05,28726957762
"Jun 29, 2021",28900.86,30720.15,28753.52,30139.98,31848900087
"Jun 28, 2021",29038.42,29497.72,28473.47,28866.30,28412102661
"Jun 27, 2021",27050.33,29021.04,26869.56,29013.74,29735530456
"Jun 26, 2021",26466.72,27343.61,25288.42,26965.50,32326643063
"Jun 25, 2021",29056.91,29710.10,26262.51,26502.84,33701267547
"Jun 24, 2021",28232.86,29537.81,27162.22,29059.70,27769406264
"Jun 23, 2021",27240.82,29078.56,26618.44,28266.58,38822908066
"Jun 22, 2021",26545.47,27878.63,24278.27,27232.40,49398801919
"Jun 21, 2021",30023.64,30090.09,26268.65,26591.06,44330653066
"Jun 20, 2021",29974.78,30407.74,28178.59,30071.78,30885305655
"Jun 19, 2021",30222.57,30728.86,29443.71,30019.23,26303398991
"Jun 18, 2021",31981.65,32063.86,29697.77,30165.86,30514524304
"Jun 17, 2021",31964.63,33063.34,31455.69,31943.06,31139872254
"Jun 16, 2021",33129.65,33403.49,31836.45,31969.33,32690112796
"Jun 15, 2021",33350.68,34060.75,32670.29,33325.59,38285621503
"Jun 14, 2021",32219.71,33787.61,32036.11,33178.52,35595999202
"Jun 13, 2021",29363.22,32476.57,28792.00,32286.51,33584024683
"Jun 12, 2021",30836.80,30893.60,28679.75,29360.51,31319155285
"Jun 11, 2021",30145.91,30952.90,29583.45,30832.05,31959597293
"Jun 10, 2021",30700.98,31523.43,29443.96,30150.49,35796883045
"Jun 9, 2021",27452.21,30822.65,26666.55,30664.53,44317811472
"Jun 8, 2021",27550.13,27898.21,25546.29,27497.93,40994783948
"Jun 7, 2021",29452.11,30251.60,27464.54,27526.49,27627564851
"Jun 6, 2021",29210.11,29948.04,29023.33,29474.39,23763233981
"Jun 5, 2021",30310.99,31165.55,28685.56,29221.08,29556026133
"Jun 4, 2021",32349.35,32349.35,29476.16,30322.70,34380052740
"Jun 3, 2021",30794.86,32362.99,30512.01,32321.55,29231892311
"Jun 2, 2021",30039.07,31297.40,29425.51,30775.01,27085867000
"Jun 1, 2021",30487.38,30987.25,29266.43,30026.79,28352541166
"May 31, 2021",29253.49,30627.60,28073.39,30519.31,31890238366
"May 30, 2021",28384.06,29854.85,27492.80,29269.52,25961716928
"May 29, 2021",29267.29,30538.73,27634.85,28391.16,37097255900
"May 28, 2021",31581.54,31880.82,28524.93,29278.32,45273872634
"May 27, 2021",32248.14,33136.61,30561.31,31524.04,35439432785
"May 26, 2021",31349.11,33317.41,30937.23,32229.53,42115156993
"May 25, 2021",31762.73,32553.68,29847.70,31356.95,45899277730
"May 24, 2021",28487.89,32608.73,28367.06,31689.20,55148369255
"May 23, 2021",30813.99,31436.14,25635.58,28545.54,64420763233
"May 22, 2021",30682.29,31880.99,29050.64,30818.25,47107774121
"May 21, 2021",33207.17,34471.41,27599.71,30627.82,67365854372
"May 20, 2021",30198.80,34775.45,28776.10,33359.14,72212157773
"May 19, 2021",35135.90,35623.29,25122.69,30403.20,103822637268
"May 18, 2021",35773.41,37621.70,34661.67,35106.80,45970310804
"May 17, 2021",38202.84,38381.21,34720.69,35814.09,61615957700
"May 16, 2021",38462.88,40935.66,36193.97,38235.89,52714920923
"May 15, 2021",41052.16,41692.80,38419.66,38498.74,48708651090
"May 14, 2021",41139.20,42387.12,40433.86,41072.78,45895537365
"May 13, 2021",41179.79,42440.09,38911.72,41166.70,80088403142
"May 12, 2021",46700.73,47802.06,40695.51,40695.51,62276624480
"May 11, 2021",46000.14,46813.10,44963.07,46692.53,50483479328
"May 10, 2021",47861.77,48969.01,44531.68,46010.48,59120762102
"May 9, 2021",48405.98,48680.17,46436.62,47846.52,54152166217
"May 8, 2021",47152.52,48888.77,46842.11,48345.46,53754552145
"May 7, 2021",46757.01,48207.12,45848.59,47155.51,56262963885
"May 6, 2021",47837.46,48438.11,45928.21,46742.56,57622289161
"May 5, 2021",44319.54,48266.92,44082.38,47823.06,57664584035
"May 4, 2021",47444.29,47444.29,44272.71,44387.26,57063525891
"May 3, 2021",47079.59,48963.95,47073.02,47432.77,42882603410
"May 2, 2021",48108.23,48172.06,46707.26,47088.57,31744398004
"May 1, 2021",48017.50,48626.09,47464.64,48110.05,35637765742
"Apr 30, 2021",44182.15,48172.30,43821.45,48047.05,43592419889
"Apr 29, 2021",45206.20,45418.05,43228.15,44170.97,38013043148
"Apr 28, 2021",45525.43,46368.16,44676.16,45178.68,39555208147
"Apr 27, 2021",44728.93,45835.48,44169.45,45522.52,40902778693
"Apr 26, 2021",40595.09,44895.04,40397.45,44721.86,48250384085
"Apr 25, 2021",41375.72,41750.35,38988.30,40534.26,38146139981
"Apr 24, 2021",42272.38,42292.50,40344.45,41374.10,40517390980
"Apr 23, 2021",43064.64,43369.87,39590.52,42231.41,71635900305
"Apr 22, 2021",44743.52,45998.47,42088.26,43083.34,62257219154
"Apr 21, 2021",46932.14,47150.95,44614.33,44784.21,45632040957
"Apr 20, 2021",46241.56,47416.25,44285.18,46933.72,56388351851
"Apr 19, 2021",46948.24,47856.80,45194.27,46276.83,54266362065
"Apr 18, 2021",50661.13,50957.88,44089.47,46968.79,81435535596
"Apr 17, 2021",51350.47,52222.05,50376.92,50646.05,55198680900
"Apr 16, 2021",52850.02,53170.59,50238.84,51386.25,70347656605
"Apr 15, 2021",52635.30,53314.90,51988.96,52896.39,50925008589
"Apr 14, 2021",53140.61,54238.39,51406.69,52664.09,64632348372
"Apr 13, 2021",50270.72,53385.50,50268.01,53123.63,58544448796
"Apr 12, 2021",50584.80,51569.79,50031.36,50273.61,43504171884
"Apr 11, 2021",50286.75,51080.24,49820.03,50609.20,38903874523
"Apr 10, 2021",48949.48,51489.55,48768.77,50242.22,48935806674
"Apr 9, 2021",48950.57,49553.62,48623.29,48942.11,39203438637
"Apr 8, 2021",47252.96,48956.29,47064.21,48948.38,44525448347
"Apr 7, 2021",49003.69,49448.04,46868.35,47210.02,63716039208
"Apr 6, 2021",50073.36,50336.08,48681.75,49008.61,55632948185
"Apr 5, 2021",49935.17,50707.93,49086.76,49976.84,51371772183
"Apr 4, 2021",48986.64,50099.72,48610.75,49933.20,43127215841
"Apr 3, 2021",50508.41,51117.23,48985.83,48985.83,50718462577
"Apr 2, 2021",50175.24,51184.92,50011.34,50497.27,49939060095
"Apr 1, 2021",50247.15,50761.32,49843.75,50172.64,52357428406
"Mar 31, 2021",50267.82,51103.47,49192.61,50240.56,55870132689
"Mar 30, 2021",49071.73,50642.14,48656.43,50257.09,46415513387
"Mar 29, 2021",47469.39,49509.45,46820.03,49071.79,48965901937
"Mar 28, 2021",47459.64,47875.45,46699.70,47471.80,40460013386
"Mar 27, 2021",46749.66,47962.66,45991.10,47458.43,40076024963
"Mar 26, 2021",43889.37,46749.44,43801.77,46749.44,48033869056
"Mar 25, 2021",44635.41,45187.79,43093.26,43907.33,57745645064
"Mar 24, 2021",46206.23,48454.45,44467.14,44675.63,59738118759
"Mar 23, 2021",45684.75,47231.16,44838.55,46230.27,47662707362
"Mar 22, 2021",48400.56,49095.93,45497.93,45699.41,47369105335
"Mar 21, 2021",48809.19,49192.55,46872.50,48405.21,43709708070
"Mar 20, 2021",48827.89,50250.09,48728.31,48812.31,42156042545
"Mar 19, 2021",48538.95,49977.86,47535.96,48839.94,41069651510
"Mar 18, 2021",49148.39,50395.45,45520.60,48546.07,46773269733
"Mar 17, 2021",47744.66,49206.13,45834.09,49129.88,50287731657
"Mar 16, 2021",46820.77,47739.87,44903.38,47727.08,50201362534
"Mar 15, 2021",49595.10,50651.14,46427.17,46876.45,55690582652
"Mar 14, 2021",51217.17,51532.39,49624.30,49624.30,36736633354
"Mar 13, 2021",47972.38,51604.29,47031.56,51235.54,50755954934
"Mar 12, 2021",48260.83,48397.08,46400.93,47962.94,46589149629
"Mar 11, 2021",46931.28,48472.58,45614.77,48247.39,47385377215
"Mar 10, 2021",46082.16,48033.21,44874.66,46969.33,48048644343
"Mar 9, 2021",44108.82,46082.25,43888.00,46082.25,42794119992
"Mar 8, 2021",42908.68,44139.58,41620.09,44086.50,41007335943
"Mar 7, 2021",41052.61,43084.97,41052.61,42935.99,36170069489
"Mar 6, 2021",41052.96,41244.39,39658.56,41047.32,28837937827
"Mar 5, 2021",40550.01,41470.57,38919.18,41076.53,40823509587
"Mar 4, 2021",41939.57,42899.51,39813.22,40578.54,43739383062
"Mar 3, 2021",40063.17,43555.67,39945.79,41952.80,44179660436
"Mar 2, 2021",41176.31,41606.48,39066.09,40032.70,39330914776
"Mar 1, 2021",37350.48,41319.69,37313.16,41192.19,44727892898
"Feb 28, 2021",38265.09,38697.84,35819.45,37332.50,44202316989
"Feb 27, 2021",38390.06,39970.89,37498.87,38260.48,38030607901
"Feb 26, 2021",38806.40,40021.41,36636.48,38385.91,290727102068
"Feb 25, 2021",40847.49,42492.49,38735.16,38735.16,44832195559
"Feb 24, 2021",40190.11,42211.42,38837.59,40844.41,52340584486
"Feb 23, 2021",44561.28,44561.28,37269.81,40181.33,87319805134
"Feb 22, 2021",47450.18,47461.77,40337.86,44563.24,75675282178
"Feb 21, 2021",46267.89,48134.50,45941.15,47456.13,42802585284
"Feb 20, 2021",46118.34,47453.43,45077.95,46293.44,56233769904
"Feb 19, 2021",42736.29,46308.13,42149.53,46119.00,52396611048
"Feb 18, 2021",43286.50,43561.96,42287.22,42739.45,43049516673
"Feb 17, 2021",40706.87,43628.31,40604.15,43293.17,67095762025
"Feb 16, 2021",39518.32,41385.67,38881.41,40700.74,63739498591
"Feb 15, 2021",40176.93,40319.02,38210.53,39518.81,63525021825
"Feb 14, 2021",38871.78,40829.73,38871.78,40194.05,58783505751
"Feb 13, 2021",39183.66,39641.74,38275.91,38864.36,57960068600
"Feb 12, 2021",39467.82,40177.79,38387.75,39194.92,63163420949
"Feb 11, 2021",37048.98,39940.25,36473.29,39494.44,67093600562
"Feb 10, 2021",38352.93,38880.10,36177.20,37065.05,72038065748
"Feb 9, 2021",38320.15,39742.19,37317.62,38362.30,75773512740
"Feb 8, 2021",32274.86,38335.86,31629.58,38329.67,84188369335
"Feb 7, 2021",32575.34,32883.79,31078.10,32288.65,54363501629
"Feb 6, 2021",31653.34,33900.22,31653.34,32588.47,59196399696
"Feb 5, 2021",30864.14,31829.68,30629.39,31658.25,48634051191
"Feb 4, 2021",31121.95,32148.94,30341.82,30859.55,57528804826
"Feb 3, 2021",29501.96,31129.62,29442.22,31119.45,50797207476
"Feb 2, 2021",27787.29,29868.90,27758.38,29501.52,52413239715
"Feb 1, 2021",27316.28,28640.81,26701.19,27790.58,50879442007
"Jan 31, 2021",28235.54,28249.92,26587.17,27316.10,43517327759
"Jan 30, 2021",28255.70,28700.07,27139.19,28234.42,53669896754
"Jan 29, 2021",28312.97,31619.61,26499.84,28272.55,97130862506
"Jan 28, 2021",25151.76,27928.43,24827.54,27609.60,63126808142
"Jan 27, 2021",26770.89,26770.89,24326.74,25144.74,51703736731
"Jan 26, 2021",26648.19,26962.83,25522.39,26775.67,49535981991
"Jan 25, 2021",26535.15,28648.33,26428.95,26654.60,49326841880
"Jan 24, 2021",26337.33,27059.85,25550.69,26538.09,39979537424
"Jan 23, 2021",27099.71,27402.34,25868.13,26340.01,39718049871
"Jan 22, 2021",25331.87,27783.74,23802.71,27116.15,63430252390
"Jan 21, 2021",29344.04,29349.66,24863.67,25338.51,62178072138
"Jan 20, 2021",29697.43,29955.81,27749.53,29342.68,55168197409
"Jan 19, 2021",30339.00,31129.62,29713.66,29713.66,47156737845
"Jan 18, 2021",29662.53,30927.67,28899.03,30328.93,40994649866
"Jan 17, 2021",29938.04,30384.22,28204.25,29661.73,43392810402
"Jan 16, 2021",30482.77,31345.98,29509.46,29950.04,47772009926
"Jan 15, 2021",32225.66,32558.05,28660.19,30485.84,56095675651
"Jan 14, 2021",30690.12,32956.90,30354.29,32250.86,52355450869
"Jan 13, 2021",27779.81,30918.48,26690.49,30682.93,57033976442
"Jan 12, 2021",29205.85,30067.74,26899.25,27786.23,61246642389
"Jan 11, 2021",31464.55,31464.55,25108.53,29247.21,101409092304
"Jan 10, 2021",32927.79,33881.55,29440.86,31472.69,65626762864
"Jan 9, 2021",33364.95,33894.77,31886.20,32928.06,50702797264
"Jan 8, 2021",32098.19,34261.72,30048.32,33372.28,72071598504
"Jan 7, 2021",29852.57,32748.25,29653.54,32089.45,69085552572
"Jan 6, 2021",27656.71,29889.71,27254.72,29844.86,61019450973
"Jan 5, 2021",26098.19,28009.37,24633.17,27639.48,54923202611
"Jan 4, 2021",26784.33,27294.24,23363.98,26094.01,66241895056
"Jan 3, 2021",26476.66,28519.63,26413.13,26760.72,64216240796
"Jan 2, 2021",24167.45,27321.91,23972.97,26474.89,55925382232
"Jan 1, 2021",23735.42,24316.92,23649.96,24165.56,33508045052
"Dec 31, 2020",23451.11,23781.85,22979.41,23741.74,38275110384
"Dec 30, 2020",22328.38,23524.71,22328.38,23450.61,41701870950
"Dec 29, 2020",22159.15,22340.06,21230.69,22330.29,36941222301
"Dec 28, 2020",21534.58,22421.38,21485.55,22161.60,40139698737
"Dec 27, 2020",21685.57,23029.95,21265.80,21527.60,54473825899
"Dec 26, 2020",20240.09,21914.16,20113.51,21683.66,39642437312
"Dec 25, 2020",19479.61,20267.22,19244.27,20230.06,34504498273
"Dec 24, 2020",19058.57,19509.43,18649.07,19481.57,33717526503
"Dec 23, 2020",19513.87,19748.23,18707.34,19059.51,41943381847
"Dec 22, 2020",18630.18,19520.38,18375.62,19514.74,36244238107
"Dec 21, 2020",19222.62,19740.69,18191.22,18637.57,37476661160
"Dec 20, 2020",19467.07,19807.86,18884.53,19224.95,30989654705
"Dec 19, 2020",18873.50,19649.89,18622.45,19473.65,31399179663
"Dec 18, 2020",18600.06,18956.98,18302.80,18877.66,32951434485
"Dec 17, 2020",17471.65,19279.24,17411.84,18598.73,58212751049
"Dec 16, 2020",15976.66,17598.41,15883.25,17473.50,36412902508
"Dec 15, 2020",15842.78,16064.14,15704.24,15975.22,22001725458
"Dec 14, 2020",15778.57,15894.60,15687.14,15842.55,18499089133
"Dec 13, 2020",15527.90,16002.46,15468.10,15776.83,20975843592
"Dec 12, 2020",14904.16,15621.02,14899.80,15525.33,17960127102
"Dec 11, 2020",15040.07,15040.60,14539.37,14910.42,23051991178
"Dec 10, 2020",15360.67,15360.67,14796.41,15040.95,21037680214
"Dec 9, 2020",15129.19,15423.58,14784.54,15361.18,28497349693
"Dec 8, 2020",15847.02,15910.95,15088.91,15129.40,26171143440
"Dec 7, 2020",15959.53,16014.43,15618.17,15847.11,22209129479
"Dec 6, 2020",15799.80,15990.45,15588.40,15961.18,20869261997
"Dec 5, 2020",15427.08,15804.98,15334.59,15799.85,22471620121
"Dec 4, 2020",16012.07,16057.57,15422.85,15428.22,27946379895
"Dec 3, 2020",15854.03,16097.24,15613.41,16010.78,26290497372
"Dec 2, 2020",15575.59,16020.18,15189.18,15850.04,30862646683
"Dec 1, 2020",16447.03,16590.44,15309.74,15576.63,41117118481
"Nov 30, 2020",15185.30,16459.79,15185.30,16440.38,39981718474
"Nov 29, 2020",14811.10,15285.90,14676.93,15184.60,26007813836
"Nov 28, 2020",14304.89,14923.36,14134.90,14809.24,27249840706
"Nov 27, 2020",14401.86,14641.57,13834.20,14301.10,32505648625
"Nov 26, 2020",15717.50,15819.38,13723.83,14399.10,51546757189
"Nov 25, 2020",16057.16,16295.06,15591.44,15719.42,36680376885
"Nov 24, 2020",15507.71,16289.39,15296.53,16059.73,43259912042
"Nov 23, 2020",15481.66,15743.48,15161.26,15506.96,36091279091
"Nov 22, 2020",15723.03,15762.44,14904.21,15481.65,34789828992
"Nov 21, 2020",15705.18,15971.32,15556.14,15723.03,33441344562
"Nov 20, 2020",15015.77,15827.93,14960.79,15705.18,31199715895
"Nov 19, 2020",15030.18,15315.51,14693.53,15015.78,31170043042
"Nov 18, 2020",14873.52,15496.17,14623.43,15030.30,41420945978
"Nov 17, 2020",14069.47,14987.18,13968.50,14873.70,32879731316
"Nov 16, 2020",13469.73,14190.86,13412.81,14095.13,26583558821
"Nov 15, 2020",13575.88,13622.79,13339.96,13469.74,19968642321
"Nov 14, 2020",13786.82,13786.82,13306.40,13575.87,23219132003
"Nov 13, 2020",13789.16,13947.00,13527.68,13786.82,26698221339
"Nov 12, 2020",13329.23,13812.29,13192.21,13789.07,28953189833
"Nov 11, 2020",12938.20,13515.28,12935.48,13329.26,25274513391
"Nov 10, 2020",12967.15,13050.80,12797.62,12938.20,21639901436
"Nov 9, 2020",13016.13,13296.10,12587.06,12967.12,28881204700
"Nov 8, 2020",12492.26,13168.99,12416.77,13016.10,22393766713
"Nov 7, 2020",13109.10,13253.01,12146.51,12492.26,29496299788
"Nov 6, 2020",13184.05,13478.12,12818.15,13109.10,33550195535
"Nov 5, 2020",12045.63,13285.18,12017.63,13184.15,34573885747
"Nov 4, 2020",11860.89,12135.49,11646.15,12045.61,29928308319
"Nov 3, 2020",11640.79,11894.55,11439.03,11860.73,25395821174
"Nov 2, 2020",11799.93,11864.22,11373.82,11640.82,26434834249
"Nov 1, 2020",11801.33,11870.72,11670.63,11800.00,21005546036
"Oct 31, 2020",11602.61,12013.03,11524.33,11801.33,25952880449
"Oct 30, 2020",11506.92,11721.34,11254.02,11602.60,26193042074
"Oct 29, 2020",11295.68,11680.39,11082.62,11506.93,48380804004
"Oct 28, 2020",11589.12,11747.32,11027.51,11295.67,30527966335
"Oct 27, 2020",11072.26,11680.98,11059.92,11589.13,28645479084
"Oct 26, 2020",10998.79,11197.13,10850.93,11072.26,24948286976
"Oct 25, 2020",11050.01,11236.41,10883.09,10998.77,20600295208
"Oct 24, 2020",10901.23,11081.20,10862.59,11050.00,20689002227
"Oct 23, 2020",10977.95,10989.45,10769.78,10901.20,24425701103
"Oct 22, 2020",10801.44,11132.67,10736.34,10973.16,29392142845
"Oct 21, 2020",10071.10,11117.05,10060.01,10820.05,36631380852
"Oct 20, 2020",9980.91,10141.07,9923.71,10073.86,26135679089
"Oct 19, 2020",9810.68,10009.77,9745.42,9977.56,20275212031
"Oct 18, 2020",9693.55,9800.71,9686.37,9800.71,15604278573
"Oct 17, 2020",9663.43,9719.39,9633.25,9695.36,16329869109
"Oct 16, 2020",9825.85,9856.47,9583.98,9663.43,21879882839
"Oct 15, 2020",9729.16,9885.98,9654.08,9819.47,20917288325
"Oct 14, 2020",9733.35,9808.74,9625.68,9731.63,20522814473
"Oct 13, 2020",9776.33,9784.25,9639.18,9730.67,20644793452
"Oct 12, 2020",9641.92,9902.96,9523.67,9781.95,22148561596
"Oct 11, 2020",9547.99,9660.18,9541.69,9634.76,16900028171
"Oct 10, 2020",9348.95,9671.51,9345.86,9548.23,19337565645
"Oct 9, 2020",9286.97,9395.48,9212.50,9353.44,19273439266
"Oct 8, 2020",9068.17,9312.35,8979.19,9276.58,53807381556
"Oct 7, 2020",9033.97,9076.77,9007.76,9067.82,32126704711
"Oct 6, 2020",9157.75,9157.86,8972.22,9034.87,36315047412
"Oct 5, 2020",9109.81,9155.38,9068.79,9155.23,40322799794
"Oct 4, 2020",9004.35,9122.30,8990.65,9103.89,60796006231
"Oct 3, 2020",9025.39,9045.74,8970.80,9003.40,38115621388
"Oct 2, 2020",9042.83,9097.87,8894.07,9026.14,41530458476
"Oct 1, 2020",9208.83,9313.15,8916.87,9042.52,34079898801
"Sep 30, 2020",9235.27,9233.04,9117.70,9199.65,37679869394
"Sep 29, 2020",9171.62,9246.21,9074.42,9235.92,39672270725
"Sep 28, 2020",9262.67,9380.10,9166.19,9171.62,40903141699
"Sep 27, 2020",9239.47,9286.02,9132.89,9261.52,46195523573
"Sep 26, 2020",9195.79,9261.91,9171.02,9242.76,40280709152
"Sep 25, 2020",9218.29,9237.67,9106.21,9193.33,33830934790
"Sep 24, 2020",8791.99,9228.47,8771.15,9217.40,40385291012
"Sep 23, 2020",8998.79,9002.98,8744.90,8789.76,20407270103
"Sep 22, 2020",8890.23,9027.47,8853.25,9001.32,20176313835
"Sep 21, 2020",9230.24,9257.60,8845.00,8892.47,24551007302
"Sep 20, 2020",9371.75,9371.75,9134.08,9233.06,20849016226
"Sep 19, 2020",9234.32,9404.03,9214.44,9370.46,19227010932
"Sep 18, 2020",9242.08,9305.06,9133.58,9243.47,22247581787
"Sep 17, 2020",9297.00,9372.16,9132.95,9239.69,32195740623
"Sep 16, 2020",9115.49,9379.52,9045.49,9298.40,26069624864
"Sep 15, 2020",8997.29,9204.64,8967.03,9114.81,27444544334
"Sep 14, 2020",8724.13,9090.84,8672.97,8999.89,29873897214
"Sep 13, 2020",8822.45,8927.80,8631.18,8719.93,30835403688
"Sep 12, 2020",8787.26,8929.17,8687.39,8813.82,31019270266
"Sep 11, 2020",8768.05,8815.47,8569.25,8779.70,38155532521
"Sep 10, 2020",8677.36,8825.03,8673.81,8763.07,46006088379
"Sep 9, 2020",8612.43,8766.63,8503.70,8677.38,20441634392
"Sep 8, 2020",8773.47,8856.17,8436.02,8610.19,28411006256
"Sep 7, 2020",8686.94,8797.56,8388.91,8773.69,28516191564
"Sep 6, 2020",8588.62,8743.84,8495.42,8686.39,31323567346
"Sep 5, 2020",8880.32,8938.64,8402.32,8590.61,37942684615
"Sep 4, 2020",8640.77,9002.08,8653.53,8879.72,25312654337
"Sep 3, 2020",9628.35,9667.35,8598.75,8653.38,26966403654
"Sep 2, 2020",10033.82,10033.82,9539.77,9634.13,23665252317
"Sep 1, 2020",9783.76,10126.69,9714.03,10038.56,22903743426
"Aug 31, 2020",9826.43,9854.66,9737.91,9785.02,18668922095
"Aug 30, 2020",9665.90,9837.16,9652.19,9824.92,16577008454
"Aug 29, 2020",9694.25,9730.51,9630.28,9664.35,14685751389
"Aug 28, 2020",9582.68,9698.09,9576.79,9695.47,16637591031
"Aug 27, 2020",9700.80,9760.99,9459.44,9581.08,19664435649
"Aug 26, 2020",9604.07,9742.26,9549.89,9703.13,18975454178
"Aug 25, 2020",9982.27,9975.78,9462.13,9603.43,22222566566
"Aug 24, 2020",9886.06,9968.53,9851.92,9983.13,17534881786
"Aug 23, 2020",9902.25,9935.14,9800.70,9887.04,15665266934
"Aug 22, 2020",9821.95,9910.48,9706.49,9904.05,17146413200
"Aug 21, 2020",10006.35,10022.75,9804.57,9827.89,20145333276
"Aug 20, 2020",9930.52,10032.44,9889.34,10006.64,16996129038
"Aug 19, 2020",10034.19,10067.10,9865.10,9927.80,20688345267
"Aug 18, 2020",10317.58,10376.33,10017.70,10034.48,21793441694
"Aug 17, 2020",10036.45,10413.77,9950.07,10319.69,23771128027
"Aug 16, 2020",10020.50,10078.10,9911.15,10034.04,17366337985
"Aug 15, 2020",9937.72,10102.00,9937.72,10019.67,19721435327
"Aug 14, 2020",9963.01,10264.14,9878.44,9937.87,20467016992
"Aug 13, 2020",9826.31,9983.10,9482.16,9972.73,23291597079
"Aug 12, 2020",9717.72,9951.80,9591.95,9823.36,21253308437
"Aug 11, 2020",10121.98,10164.69,9536.24,9722.77,23040274310
"Aug 10, 2020",9898.92,10211.64,9898.92,10118.96,22246612498
"Aug 9, 2020",9956.29,10014.59,9796.36,9910.37,14845179978
"Aug 8, 2020",9843.67,10009.51,9804.54,9970.48,14905656209
"Aug 7, 2020",9919.01,10042.12,9681.80,9841.05,19622192580
"Aug 6, 2020",9896.83,10020.49,9767.31,9919.75,19705763440
"Aug 5, 2020",9483.23,9932.81,9450.50,9894.44,20561428762
"Aug 4, 2020",9563.77,9685.98,9456.19,9484.98,17986761782
"Aug 3, 2020",9374.37,9747.13,9346.39,9563.89,17239065112
"Aug 2, 2020",9982.99,10216.78,9354.21,9382.73,23266706737
"Aug 1, 2020",9612.67,10013.56,9542.30,9983.69,22137800801
"Jul 31, 2020",9355.86,9680.95,9239.57,9613.43,19662845104
"Jul 30, 2020",9419.77,9427.95,9250.88,9356.71,19247997028
"Jul 29, 2020",9311.52,9586.69,9262.45,9420.31,20891207415
"Jul 28, 2020",9362.78,9525.13,9062.56,9311.41,24545174828
"Jul 27, 2020",8499.63,9667.13,8474.47,9340.19,30049174878
"Jul 26, 2020",8304.91,8599.67,8281.41,8499.58,17597831907
"Jul 25, 2020",8183.84,8325.77,8176.20,8302.23,14250178495
"Jul 24, 2020",8266.64,8256.09,8162.23,8181.61,14200470971
"Jul 23, 2020",8237.44,8268.30,8189.39,8262.81,15649635963
"Jul 22, 2020",8126.31,8240.64,8088.96,8235.91,14294267008
"Jul 21, 2020",7996.82,8224.92,7984.59,8126.14,15662695569
"Jul 20, 2020",8027.63,8071.01,8001.91,7998.32,12005561164
"Jul 19, 2020",8012.60,8041.34,7959.78,8026.40,11305867731
"Jul 18, 2020",8007.73,8076.46,7962.58,8013.51,10720156356
"Jul 17, 2020",8017.05,8037.27,7983.00,8007.91,12202168745
"Jul 16, 2020",8050.78,8074.87,7983.50,8017.41,13795684937
"Jul 15, 2020",8100.13,8127.09,8041.76,8051.53,13877576461
"Jul 14, 2020",8142.50,8148.43,8065.89,8101.29,15850776553
"Jul 13, 2020",8202.03,8185.57,8131.18,8146.83,15441041914
"Jul 12, 2020",8177.93,8247.28,8138.44,8201.41,12777419876
"Jul 11, 2020",8209.75,8223.93,8140.71,8177.30,11725587747
"Jul 10, 2020",8214.91,8218.57,8091.98,8210.90,14919597247
"Jul 9, 2020",8316.07,8318.79,8183.17,8218.99,15946120339
"Jul 8, 2020",8206.64,8338.98,8201.99,8316.37,17378683261
"Jul 7, 2020",8264.42,8266.57,8151.43,8205.98,12274595481
"Jul 6, 2020",8066.44,8287.68,8044.43,8287.68,15813643594
"Jul 5, 2020",8115.69,8147.78,7983.57,8067.41,11472082913
"Jul 4, 2020",8076.79,8166.56,8051.25,8121.38,10929770360
"Jul 3, 2020",8119.29,8186.87,8054.17,8079.52,11628513115
"Jul 2, 2020",8204.15,8234.09,8047.01,8118.01,14538368165
"Jul 1, 2020",8140.98,8272.47,8105.67,8201.65,14194667464
"Jun 30, 2020",8167.27,8195.13,8099.94,8133.87,14006669609
"Jun 29, 2020",8143.29,8216.88,8025.10,8171.96,14635730829
"Jun 28, 2020",8065.99,8198.89,8000.97,8146.46,12972978682
"Jun 27, 2020",8172.21,8208.04,8021.20,8063.25,15397597964
"Jun 26, 2020",8254.40,8299.86,8128.23,8167.83,16349600988
"Jun 25, 2020",8278.96,8327.91,8088.62,8257.80,16592633069
"Jun 24, 2020",8514.86,8550.43,8230.86,8278.50,16854310951
"Jun 23, 2020",8550.85,8541.97,8488.79,8512.66,15033755038
"Jun 22, 2020",8321.85,8573.33,8319.25,8554.97,18711722307
"Jun 21, 2020",8348.06,8410.85,8321.42,8324.28,13711188606
"Jun 20, 2020",8310.71,8405.36,8273.32,8349.33,15326113093
"Jun 19, 2020",8396.20,8391.54,8295.80,8308.08,17560905776
"Jun 18, 2020",8433.34,8434.42,8325.03,8397.58,15855107778
"Jun 17, 2020",8462.42,8468.88,8298.71,8432.17,17946983341
"Jun 16, 2020",8338.97,8451.57,8295.81,8466.18,19142088399
"Jun 15, 2020",8342.28,8392.44,7994.82,8335.82,23549993996
"Jun 14, 2020",8420.45,8424.64,8315.40,8342.95,16879795089
"Jun 13, 2020",8421.96,8434.36,8348.00,8418.42,15605232933
"Jun 12, 2020",8256.74,8443.11,8227.25,8422.06,20085507113
"Jun 11, 2020",8683.80,8726.69,8203.43,8257.71,26794462264
"Jun 10, 2020",8641.95,8702.98,8560.64,8683.82,22616920947
"Jun 9, 2020",8646.62,8697.05,8576.72,8643.34,20927699476
"Jun 8, 2020",8622.34,8662.68,8568.84,8644.08,19007316133
"Jun 7, 2020",8548.91,8637.68,8376.35,8621.27,22099248070
"Jun 6, 2020",8559.87,8655.57,8494.02,8549.51,18100713709
"Jun 5, 2020",8641.78,8708.00,8543.14,8560.42,20821655255
"Jun 4, 2020",8594.71,8703.95,8504.43,8642.15,22857718103
"Jun 3, 2020",8523.13,8618.75,8451.13,8595.48,22259239519
"Jun 2, 2020",9134.93,9100.95,8455.83,8519.60,34988507699
"Jun 1, 2020",8512.43,9164.19,8491.76,9138.79,31638321032
"May 31, 2020",8734.90,8735.11,8485.77,8510.14,24981824664
"May 30, 2020",8499.70,8738.43,8434.69,8735.17,29466875500
"May 29, 2020",8601.54,8648.13,8423.85,8499.88,29623261678
"May 28, 2020",8337.63,8619.31,8314.09,8599.19,31024222280
"May 27, 2020",8049.35,8374.55,8047.25,8334.07,29720222373
"May 26, 2020",8173.18,8218.97,7980.67,8047.23,26946164997
"May 25, 2020",8054.73,8213.68,7998.60,8170.75,28702097202
"May 24, 2020",8451.25,8517.57,8057.48,8058.64,29811873075
"May 23, 2020",8426.28,8534.01,8364.85,8448.50,25437240006
"May 22, 2020",8292.99,8476.70,8241.58,8424.00,27348075873
"May 21, 2020",8673.01,8706.74,8095.67,8294.29,35916228479
"May 20, 2020",8900.68,8961.73,8604.09,8673.23,33285145641
"May 19, 2020",8912.33,8974.27,8741.92,8904.07,35925760777
"May 18, 2020",8943.32,9152.53,8853.36,8911.89,38323740485
"May 17, 2020",8663.17,9077.22,8639.71,8938.74,37050193562
"May 16, 2020",8624.64,8838.07,8557.60,8665.09,33419065012
"May 15, 2020",9007.36,9028.79,8560.07,8619.98,44502489737
"May 14, 2020",8567.65,9062.76,8559.25,9006.84,52213115456
"May 13, 2020",8118.35,8614.50,8118.35,8566.41,42100372008
"May 12, 2020",7966.52,8247.33,7927.35,8117.51,38854531998
"May 11, 2020",8077.80,8345.57,7748.86,7958.57,52848550000
"May 10, 2020",8742.70,8746.72,7652.44,8078.63,58423522765
"May 9, 2020",8971.97,9036.84,8733.10,8745.18,42446696439
"May 8, 2020",9169.43,9215.41,9013.82,8973.58,47208611551
"May 7, 2020",8576.38,9224.35,8460.98,9183.60,56396877911
"May 6, 2020",8311.36,8716.58,8270.38,8582.73,45717626720
"May 5, 2020",8173.83,8307.13,8174.76,8307.33,39814035765
"May 4, 2020",8117.67,8215.24,7906.00,8173.67,41928068001
"May 3, 2020",8097.36,8263.36,7959.78,8119.24,42981980432
"May 2, 2020",7994.83,8118.61,7942.11,8101.85,36175050971
"May 1, 2020",7924.76,8241.46,7920.18,7990.96,39724524727
"Apr 30, 2020",8088.65,8689.92,7796.78,7911.76,61188997208
"Apr 29, 2020",7206.62,8159.06,7176.48,8091.74,55349329003
"Apr 28, 2020",7203.20,7215.64,7139.68,7206.94,30636834630
"Apr 27, 2020",7097.03,7201.93,7097.03,7201.93,33408252755
"Apr 26, 2020",6995.10,7116.67,6987.04,7097.45,30562213185
"Apr 25, 2020",6976.94,7061.93,6950.32,6994.92,30439269017
"Apr 24, 2020",6899.47,6998.85,6899.47,6977.33,32005501113
"Apr 23, 2020",6589.53,6947.14,6568.14,6895.33,40371945047
"Apr 22, 2020",6336.70,6609.26,6326.29,6585.74,30766306550
"Apr 21, 2020",6332.22,6397.98,6308.22,6337.51,30018639034
"Apr 20, 2020",6614.32,6662.61,6296.37,6334.22,34742821138
"Apr 19, 2020",6676.71,6694.73,6590.39,6616.67,28816740031
"Apr 18, 2020",6522.55,6685.02,6519.75,6673.71,29836487608
"Apr 17, 2020",6553.90,6591.42,6476.90,6526.13,29901522712
"Apr 16, 2020",6089.56,6570.78,6018.86,6554.14,43084465668
"Apr 15, 2020",6231.90,6313.77,6083.40,6091.08,29609672748
"Apr 14, 2020",6265.80,6342.72,6223.81,6229.05,31052638302
"Apr 13, 2020",6372.29,6372.29,6111.88,6267.41,35360341049
"Apr 12, 2020",6271.38,6502.38,6228.41,6377.30,32713603421
"Apr 11, 2020",6279.37,6333.56,6209.06,6272.31,28551130160
"Apr 10, 2020",6685.14,6685.14,6213.72,6277.59,39887373495
"Apr 9, 2020",6756.13,6754.48,6607.08,6683.56,31866087998
"Apr 8, 2020",6589.22,6776.64,6579.02,6752.57,34584821929
"Apr 7, 2020",6734.17,6825.35,6550.85,6586.58,40607110827
"Apr 6, 2020",6281.51,6732.45,6276.03,6732.45,43418654993
"Apr 5, 2020",6351.27,6370.59,6215.58,6284.36,27308284052
"Apr 4, 2020",6236.74,6366.46,6197.58,6355.88,30713566062
"Apr 3, 2020",6268.11,6489.86,6186.55,6232.12,36074898995
"Apr 2, 2020",6032.15,6542.12,6024.10,6264.63,43949502253
"Apr 1, 2020",5838.08,6037.45,5677.55,6032.15,36837295841
"Mar 31, 2020",5830.85,5905.56,5820.58,5839.28,29734409217
"Mar 30, 2020",5318.44,5899.18,5305.33,5830.16,33641328894
"Mar 29, 2020",5592.18,5596.51,5322.31,5315.30,25466664426
"Mar 28, 2020",5791.43,5791.65,5478.52,5589.10,31235359141
"Mar 27, 2020",6082.40,6139.85,5790.93,5793.70,30971403337
"Mar 26, 2020",6130.56,6168.28,6032.17,6079.74,31971551465
"Mar 25, 2020",6240.22,6359.29,6042.19,6135.97,40952090166
"Mar 24, 2020",5979.69,6254.94,5937.92,6236.60,44654694830
"Mar 23, 2020",5453.14,5995.93,5412.40,5960.81,43191361899
"Mar 22, 2020",5746.79,5908.58,5449.43,5452.09,37498720286
"Mar 21, 2020",5766.80,5925.71,5511.98,5746.33,39480093757
"Mar 20, 2020",5808.66,6377.58,5498.05,5759.61,50585800132
"Mar 19, 2020",4786.79,5934.08,4804.69,5808.23,47846030531
"Mar 18, 2020",4746.28,4885.96,4641.40,4780.42,34566905928
"Mar 17, 2020",4482.43,4825.01,4462.77,4744.93,35069823257
"Mar 16, 2020",4828.48,4828.48,4098.81,4493.09,40650795146
"Mar 15, 2020",4666.94,5213.88,4638.42,4834.84,30483051816
"Mar 14, 2020",5002.09,5047.54,4598.75,4666.31,32441582859
"Mar 13, 2020",4486.30,5254.10,3672.95,4993.68,66559039992
"Mar 12, 2020",7026.77,7037.56,4344.84,4444.24,48262271981
"Mar 11, 2020",6989.53,7026.17,6775.38,7024.83,34347740131
"Mar 10, 2020",6950.89,7151.21,6885.31,6989.21,37301166969
"Mar 9, 2020",7123.70,7184.40,6734.00,6952.21,41182520122
"Mar 8, 2020",7892.80,7898.23,7117.16,7121.03,35106776668
"Mar 7, 2020",8081.90,8118.74,7877.32,7894.34,32088707345
"Mar 6, 2020",8089.38,8091.16,8044.33,8082.74,36173355571
"Mar 5, 2020",7865.58,8161.13,7862.86,8089.79,35373626416
"Mar 4, 2020",7863.16,7926.58,7824.54,7861.06,31197955753
"Mar 3, 2020",7955.52,8006.14,7782.37,7862.49,37923648965
"Mar 2, 2020",7748.90,8011.31,7721.18,7959.36,38459105569
"Mar 1, 2020",7798.25,7913.45,7681.69,7748.16,31987458775
"Feb 29, 2020",7863.34,7957.73,7798.03,7798.03,32456505767
"Feb 28, 2020",7990.84,8091.20,7724.58,7864.47,40449694441
"Feb 27, 2020",8108.05,8137.11,7871.55,7986.99,41342183979
"Feb 26, 2020",8583.38,8606.45,8000.54,8103.85,46323421638
"Feb 25, 2020",8896.37,8896.53,8549.88,8586.52,39078325581
"Feb 24, 2020",9154.72,9180.38,8774.88,8895.32,41554210040
"Feb 23, 2020",8908.71,9166.61,8903.61,9157.43,38001900384
"Feb 22, 2020",8931.64,8940.90,8851.01,8908.58,33039433770
"Feb 21, 2020",8909.95,8956.17,8889.69,8930.47,37736163863
"Feb 20, 2020",8907.75,8920.09,8808.51,8906.88,41644907585
"Feb 19, 2020",9396.98,9429.61,8891.34,8911.51,43470672713
"Feb 18, 2020",8942.85,9416.83,8926.11,9395.31,43790789357
"Feb 17, 2020",9165.14,9170.96,8772.71,8941.85,42446217813
"Feb 16, 2020",9130.57,9282.72,8976.57,9163.17,40007379236
"Feb 15, 2020",9522.97,9548.25,9116.95,9130.80,40500122610
"Feb 14, 2020",9418.54,9523.97,9341.44,9521.36,40014999389
"Feb 13, 2020",9493.39,9616.43,9319.05,9421.15,45523177582
"Feb 12, 2020",9343.95,9524.74,9343.95,9495.31,39949166143
"Feb 11, 2020",9033.40,9354.09,8913.68,9349.30,34480314024
"Feb 10, 2020",9237.53,9280.79,8931.03,9034.06,36099661865
"Feb 9, 2020",9011.17,9253.76,8998.84,9238.55,32699760275
"Feb 8, 2020",8947.13,9022.91,8842.18,9012.29,32131455751
"Feb 7, 2020",8857.01,8976.77,8857.01,8949.75,31540576719
"Feb 6, 2020",8743.87,8929.34,8674.96,8860.47,34266801203
"Feb 5, 2020",8314.17,8821.39,8298.65,8739.87,32021502647
"Feb 4, 2020",8400.32,8436.40,8247.30,8311.95,27063674305
"Feb 3, 2020",8426.83,8608.75,8359.59,8400.93,27963062144
"Feb 2, 2020",8463.65,8534.83,8308.61,8426.54,27806989192
"Feb 1, 2020",8423.86,8508.27,8394.62,8466.40,23365749350
"Jan 31, 2020",8620.67,8633.06,8352.56,8427.62,26527473551
"Jan 30, 2020",8458.38,8657.20,8379.81,8621.29,29356103023
"Jan 29, 2020",8489.73,8547.80,8425.35,8458.93,27857927450
"Jan 28, 2020",8087.96,8491.03,8084.23,8490.75,31208880037
"Jan 27, 2020",7797.46,8148.43,7797.46,8085.50,25996943940
"Jan 26, 2020",7586.49,7797.86,7551.20,7797.02,20114378449
"Jan 25, 2020",7655.44,7672.07,7524.65,7589.61,17820070773
"Jan 24, 2020",7603.44,7719.29,7489.10,7660.26,22129639052
"Jan 23, 2020",7822.87,7829.36,7541.41,7604.30,23311436253
"Jan 22, 2020",7887.89,7936.47,7788.62,7823.08,20366964887
"Jan 21, 2020",7803.45,7896.49,7702.06,7889.41,21737558317
"Jan 20, 2020",7846.14,7880.93,7722.77,7802.23,23811739272
"Jan 19, 2020",8062.04,8263.18,7772.28,7847.59,30842637240
"Jan 18, 2020",8049.35,8125.83,7959.15,8063.27,29157288013
"Jan 17, 2020",7834.33,8051.61,7790.63,8051.00,32795485000
"Jan 16, 2020",7901.09,7929.07,7720.05,7833.05,28116699120
"Jan 15, 2020",7931.34,7973.26,7776.34,7896.19,35955399490
"Jan 14, 2020",7310.82,7980.10,7310.82,7933.51,40299311377
"Jan 13, 2020",7367.19,7373.56,7263.32,7313.75,20190373251
"Jan 12, 2020",7222.86,7374.16,7201.10,7369.64,20603017030
"Jan 11, 2020",7339.44,7389.95,7219.60,7226.70,22946564430
"Jan 10, 2020",7092.06,7343.37,6963.04,7343.37,25820153792
"Jan 9, 2020",7272.98,7272.98,7061.71,7092.75,21646224663
"Jan 8, 2020",7319.20,7551.09,7160.52,7270.79,28501027543
"Jan 7, 2020",6939.24,7335.25,6938.83,7320.77,25797010963
"Jan 6, 2020",6639.89,6950.92,6637.79,6939.71,20791101700
"Jan 5, 2020",6640.49,6760.61,6628.50,6640.67,17674001715
"Jan 4, 2020",6582.18,6655.67,6550.04,6640.67,16527874601
"Jan 3, 2020",6252.01,6634.90,6187.71,6581.74,25190641930
"Jan 2, 2020",6419.90,6425.73,6206.93,6252.94,18620672983
"Jan 1, 2020",6412.61,6469.86,6420.14,6417.78,16548264141
"Dec 31, 2019",6512.02,6537.01,6392.17,6411.46,18866418835
"Dec 30, 2019",6635.92,6653.48,6490.39,6510.73,20420606561
"Dec 29, 2019",6548.41,6723.89,6514.60,6638.05,20072704182
"Dec 28, 2019",6522.80,6621.25,6520.90,6548.72,19119692112
"Dec 27, 2019",6521.20,6583.69,6465.44,6523.75,20382982030
"Dec 26, 2019",6557.00,6652.77,6490.02,6521.95,20529956690
"Dec 25, 2019",6606.03,6633.02,6506.28,6557.32,19432228776
"Dec 24, 2019",6630.18,6799.91,6558.64,6603.12,20732787200
"Dec 23, 2019",6777.29,6906.51,6606.18,6631.29,25091080546
"Dec 22, 2019",6491.88,6785.53,6470.21,6779.71,20880470519
"Dec 21, 2019",6518.43,6520.80,6421.06,6491.85,17434503033
"Dec 20, 2019",6480.55,6552.13,6399.55,6516.82,20432789823
"Dec 19, 2019",6547.25,6609.17,6325.95,6475.34,23288187561
"Dec 18, 2019",5961.26,6590.21,5884.81,6546.54,28641568535
"Dec 17, 2019",6223.79,6239.15,5906.78,5954.82,20054517794
"Dec 16, 2019",6430.52,6432.98,6194.70,6224.84,18149976615
"Dec 15, 2019",6406.40,6457.51,6226.68,6429.30,15174667036
"Dec 14, 2019",6536.49,6572.40,6382.09,6406.79,15410302614
"Dec 13, 2019",6475.97,6553.01,6475.65,6537.19,15400147686
"Dec 12, 2019",6482.39,6529.78,6436.55,6474.60,16918822377
"Dec 11, 2019",6560.35,6613.24,6461.86,6483.00,14686713808
"Dec 10, 2019",6685.60,6708.10,6532.63,6561.18,16451392128
"Dec 9, 2019",6837.39,6879.58,6657.58,6689.01,16152911546
"Dec 8, 2019",6828.38,6903.68,6760.34,6839.70,13933669711
"Dec 7, 2019",6824.70,6863.30,6805.21,6832.81,13974015959
"Dec 6, 2019",6709.23,6824.45,6664.05,6824.45,16371162807
"Dec 5, 2019",6544.59,6978.24,6526.30,6707.20,16943884751
"Dec 4, 2019",6604.82,6797.56,6473.70,6543.50,19547622916
"Dec 3, 2019",6612.77,6690.27,6528.00,6604.84,13351519852
"Dec 2, 2019",6737.62,6784.33,6564.73,6610.98,15423272061
"Dec 1, 2019",6871.95,6871.95,6617.57,6737.86,16989829215
"Nov 30, 2019",7046.45,7111.99,6821.18,6870.14,15572657481
"Nov 29, 2019",6780.85,7058.74,6775.44,7043.90,17887987434
"Nov 28, 2019",6849.48,7021.91,6769.46,6777.56,17300211127
"Nov 27, 2019",6550.44,6927.12,6336.63,6844.79,21803443903
"Nov 26, 2019",6489.12,6645.96,6443.58,6548.17,19167694341
"Nov 25, 2019",6387.09,6647.70,6002.07,6490.00,38766044068
"Nov 24, 2019",6713.03,6722.05,6377.39,6394.29,27611112896
"Nov 23, 2019",6620.06,6752.61,6488.72,6712.27,19062111428
"Nov 22, 2019",6907.57,6958.34,6273.81,6620.43,31069217350
"Nov 21, 2019",7242.28,7320.98,6868.50,6906.83,20346346877
"Nov 20, 2019",7405.44,7439.36,7231.39,7245.55,18742210567
"Nov 19, 2019",7500.87,7595.32,7312.74,7407.73,19032283610
"Nov 18, 2019",7756.08,7822.42,7467.76,7504.62,19489736313
"Nov 17, 2019",7736.17,7898.70,7692.28,7759.70,16887781426
"Nov 16, 2019",7683.41,7774.65,7667.85,7737.34,14926199871
"Nov 15, 2019",7900.17,7924.18,7676.11,7684.16,19723343312
"Nov 14, 2019",8003.79,8016.62,7886.23,7902.33,17318828985
"Nov 13, 2019",8002.21,8023.83,7955.04,8000.46,15936634176
"Nov 12, 2019",7937.79,8040.51,7886.74,8005.50,18443301326
"Nov 11, 2019",8216.75,8241.08,7888.77,7936.01,18363916828
"Nov 10, 2019",7997.58,8260.88,7991.84,8215.49,18678081493
"Nov 9, 2019",7994.62,8069.35,7979.82,7998.57,15953099477
"Nov 8, 2019",8383.05,8392.01,7958.79,7990.46,22082304835
"Nov 7, 2019",8448.73,8464.60,8326.86,8385.04,20538694387
"Nov 6, 2019",8435.07,8507.76,8406.03,8456.39,20898606220
"Nov 5, 2019",8458.88,8501.21,8314.56,8436.57,23658103730
"Nov 4, 2019",8270.67,8541.18,8229.09,8458.52,23517560013
"Nov 3, 2019",8349.94,8399.20,8185.59,8270.45,18924326413
"Nov 2, 2019",8291.17,8397.13,8282.04,8349.87,19021882025
"Nov 1, 2019",8240.55,8305.39,8179.65,8292.36,21780231051
"Oct 31, 2019",8250.74,8403.75,8083.83,8245.56,23826849281
"Oct 30, 2019",8478.40,8482.37,8170.74,8253.67,24841122082
"Oct 29, 2019",8333.10,8577.39,8309.72,8483.10,25578615575
"Oct 28, 2019",8629.64,8850.37,8340.05,8340.05,27885244605
"Oct 27, 2019",8340.51,8798.81,8223.94,8617.57,29405554029
"Oct 26, 2019",7822.55,9044.62,7818.02,8343.46,40157247739
"Oct 25, 2019",6746.11,7845.34,6736.08,7816.34,25906522539
"Oct 24, 2019",6745.81,6767.17,6689.85,6748.62,14651566652
"Oct 23, 2019",7257.25,7274.66,6708.87,6750.25,19710761538
"Oct 22, 2019",7391.99,7445.14,7255.71,7259.02,15099414522
"Oct 21, 2019",7373.17,7445.89,7348.23,7392.28,14229761008
"Oct 20, 2019",7160.14,7421.06,7116.84,7370.44,13898334789
"Oct 19, 2019",7138.65,7236.08,7112.67,7151.86,12352682776
"Oct 18, 2019",7281.60,7316.35,7101.64,7138.12,14012291755
"Oct 17, 2019",7266.99,7309.07,7223.97,7284.27,12865415827
"Oct 16, 2019",7435.34,7435.20,7210.54,7266.73,14512327589
"Oct 15, 2019",7594.27,7628.69,7416.81,7435.97,13793224980
"Oct 14, 2019",7544.85,7607.93,7512.48,7595.38,13741475462
"Oct 13, 2019",7554.82,7676.48,7500.90,7545.01,12520552918
"Oct 12, 2019",7532.99,7625.81,7530.89,7554.50,13169334496
"Oct 11, 2019",7797.13,7918.09,7533.46,7538.51,17759216752
"Oct 10, 2019",7814.55,7829.59,7686.71,7798.23,16001250003
"Oct 9, 2019",7509.32,7859.18,7452.04,7824.07,17644697905
"Oct 8, 2019",7516.13,7590.03,7471.83,7508.35,14227161316
"Oct 7, 2019",7273.09,7567.12,7201.99,7515.01,16413971354
"Oct 6, 2019",7423.15,7433.66,7246.53,7272.21,11981277728
"Oct 5, 2019",7477.56,7482.45,7351.42,7424.63,11112578862
"Oct 4, 2019",7524.71,7525.22,7427.63,7473.72,11967022550
"Oct 3, 2019",7655.47,7674.70,7413.20,7525.16,12452803872
"Oct 2, 2019",7631.78,7657.53,7527.44,7657.53,11975466884
"Oct 1, 2019",7614.51,7768.81,7555.97,7630.93,13998573192
"Sep 30, 2019",7405.64,7626.70,7154.35,7609.14,15702454866
"Sep 29, 2019",7537.51,7551.84,7301.92,7405.60,11911044079
"Sep 28, 2019",7541.29,7572.68,7426.28,7537.40,12926102470
"Sep 27, 2019",7428.36,7559.80,7271.26,7541.82,14997033814
"Sep 26, 2019",7749.28,7789.80,7223.50,7433.73,17632812763
"Sep 25, 2019",7811.40,7944.52,7568.98,7748.67,19853045710
"Sep 24, 2019",8850.28,8925.56,7596.95,7826.96,22701120940
"Sep 23, 2019",9136.75,9138.34,8824.14,8850.28,13776581397
"Sep 22, 2019",9096.53,9142.21,9004.35,9138.95,11978776314
"Sep 21, 2019",9241.30,9245.34,9075.29,9092.54,12182959742
"Sep 20, 2019",9292.89,9311.80,9195.81,9239.48,13370761401
"Sep 19, 2019",9248.52,9332.09,8922.42,9292.97,18047239238
"Sep 18, 2019",9253.40,9284.77,9219.46,9246.49,14660255693
"Sep 17, 2019",9344.70,9299.41,9261.88,9247.51,13819521176
"Sep 16, 2019",9336.32,9375.89,9257.71,9338.72,13776332504
"Sep 15, 2019",9305.28,9310.31,9244.04,9336.20,10866163849
"Sep 14, 2019",9295.35,9364.29,9247.09,9306.71,12101638742
"Sep 13, 2019",9420.78,9437.03,9231.03,9308.95,12677713410
"Sep 12, 2019",9240.69,9437.92,9173.33,9416.12,13860393424
"Sep 11, 2019",9160.70,9249.42,9035.24,9241.63,14008172465
"Sep 10, 2019",9355.48,9410.89,9076.95,9155.44,13491378250
"Sep 9, 2019",9476.28,9482.87,9195.50,9355.65,15928586966
"Sep 8, 2019",9453.21,9522.88,9440.46,9475.27,12405793930
"Sep 7, 2019",9303.11,9489.66,9298.61,9452.44,13757572158
"Sep 6, 2019",9586.88,9879.59,9332.86,9302.55,17553807808
"Sep 5, 2019",9594.65,9642.00,9525.97,9585.36,13188821504
"Sep 4, 2019",9678.93,9755.40,9474.76,9600.94,15172537667
"Sep 3, 2019",9435.87,9785.12,9419.95,9681.07,17665184989
"Sep 2, 2019",8877.13,9477.75,8869.84,9436.46,15730631502
"Sep 1, 2019",8746.50,8913.10,8703.47,8877.67,10412835971
"Aug 31, 2019",8717.45,8785.22,8656.78,8746.57,10403255190
"Aug 30, 2019",8602.54,8786.07,8532.57,8718.02,12348578279
"Aug 29, 2019",8801.06,8801.06,8503.28,8598.34,15411485578
"Aug 28, 2019",9200.78,9274.48,8767.69,8799.74,15880872157
"Aug 27, 2019",9344.46,9351.58,9083.46,9184.28,13311459751
"Aug 26, 2019",9087.93,9435.25,9087.93,9342.16,16609760859
"Aug 25, 2019",9042.77,9167.40,8977.78,9097.29,12700255536
"Aug 24, 2019",9271.13,9271.75,8892.23,9042.08,13750984650
"Aug 23, 2019",9145.37,9302.13,9095.39,9271.42,13920552878
"Aug 22, 2019",9145.23,9231.17,8852.96,9139.01,15423303692
"Aug 21, 2019",9699.96,9731.69,8977.41,9140.37,17556757969
"Aug 20, 2019",9849.92,9876.57,9575.65,9699.05,13564753835
"Aug 19, 2019",9331.01,9849.56,9301.20,9849.56,14471326152
"Aug 18, 2019",9223.01,9452.52,9120.34,9327.30,11720021193
"Aug 17, 2019",9336.32,9420.95,9091.14,9221.87,12418143563
"Aug 16, 2019",9288.04,9479.05,8894.21,9350.39,18231683056
"Aug 15, 2019",9009.01,9361.32,8687.37,9280.88,20610279832
"Aug 14, 2019",9742.89,9743.24,8997.95,9021.05,17941077695
"Aug 13, 2019",10150.46,10191.12,9686.15,9749.75,14926859587
"Aug 12, 2019",10285.91,10285.91,10119.53,10148.33,12167350642
"Aug 11, 2019",10061.39,10281.45,9944.44,10281.45,14074052012
"Aug 10, 2019",10515.10,10563.06,10038.48,10065.18,16067873849
"Aug 9, 2019",10685.52,10699.82,10449.04,10516.33,16258144339
"Aug 8, 2019",10669.51,10691.39,10330.72,10697.32,17415491000
"Aug 7, 2019",10241.92,10733.75,10195.10,10658.73,19810003942
"Aug 6, 2019",10503.36,10960.33,10078.77,10243.88,21093529993
"Aug 5, 2019",9867.40,10613.42,9867.40,10500.03,21235471599
"Aug 4, 2019",9727.57,9913.30,9546.57,9875.91,14881938032
"Aug 3, 2019",9455.78,9840.06,9441.60,9727.65,13800528601
"Aug 2, 2019",9388.88,9594.12,9350.03,9454.79,15720946670
"Aug 1, 2019",9102.56,9458.07,8976.67,9386.74,15493433951
"Jul 31, 2019",8607.63,9109.95,8669.59,9109.95,15022603972
"Jul 30, 2019",8545.84,8702.76,8472.81,8610.65,12394968227
"Jul 29, 2019",8578.39,8700.26,8520.02,8542.99,12377173980
"Jul 28, 2019",8523.48,8603.15,8311.52,8582.60,12343276122
"Jul 27, 2019",8864.31,9130.25,8451.55,8510.95,15102392964
"Jul 26, 2019",8893.83,8897.02,8715.55,8863.53,13017151606
"Jul 25, 2019",8803.63,9110.59,8742.78,8892.68,14195091511
"Jul 24, 2019",8865.93,8892.00,8625.37,8806.17,15615311858
"Jul 23, 2019",9233.18,9276.84,8848.76,8877.62,16007099892
"Jul 22, 2019",9445.11,9493.15,9058.40,9229.93,14576423508
"Jul 21, 2019",9599.22,9656.54,9248.77,9448.14,15270353604
"Jul 20, 2019",9374.29,9840.71,9307.91,9589.97,17997425920
"Jul 19, 2019",9461.03,9516.81,9113.32,9378.67,18459845871
"Jul 18, 2019",8638.25,9552.59,8358.31,9472.16,22366833498
"Jul 17, 2019",8447.76,8879.26,8166.90,8633.60,21882733799
"Jul 16, 2019",9676.00,9808.36,8423.46,8452.75,21539536705
"Jul 15, 2019",9100.43,9811.17,8868.99,9674.61,22540500855
"Jul 14, 2019",10088.22,10150.43,9080.85,9098.85,19948859649
"Jul 13, 2019",10471.24,10496.79,9669.35,10098.29,18652322461
"Jul 12, 2019",10092.42,10559.66,9919.60,10473.77,20861316438
"Jul 11, 2019",10782.64,10787.06,9915.95,10096.29,25417328757
"Jul 10, 2019",11220.00,11672.98,10405.09,10797.56,29868414975
"Jul 9, 2019",10952.99,11399.50,10905.51,11221.01,25137363014
"Jul 8, 2019",10195.03,11008.82,10146.70,10953.47,20935727857
"Jul 7, 2019",9987.60,10281.10,9926.34,10198.81,17251232976
"Jul 6, 2019",9776.61,10346.73,9776.61,9979.53,18779283841
"Jul 5, 2019",9927.08,10166.07,9646.30,9772.97,21220895891
"Jul 4, 2019",10607.58,10636.91,9894.57,9937.92,22967791101
"Jul 3, 2019",9581.50,10603.72,9581.50,10597.43,27285047218
"Jul 2, 2019",9381.31,9656.80,8618.66,9566.48,27469165572
"Jul 1, 2019",9503.08,9870.46,8938.22,9376.39,26028695677
"Jun 30, 2019",10485.83,10718.99,9504.91,9520.88,23990193993
"Jun 29, 2019",10897.79,10897.92,10113.56,10509.90,26297177039
"Jun 28, 2019",9815.62,10936.82,9605.72,10903.56,30835121525
"Jun 27, 2019",11443.82,11707.30,9228.69,9833.77,35154792499
"Jun 26, 2019",10361.63,12135.60,10339.59,11443.04,39654073839
"Jun 25, 2019",9656.48,10372.48,9656.48,10372.48,21886683363
"Jun 24, 2019",9533.90,9713.70,9324.58,9659.92,16906808632
"Jun 23, 2019",9394.19,9889.31,9263.34,9536.27,18446693859
"Jun 22, 2019",8936.83,9798.75,8876.33,9398.58,26342778750
"Jun 21, 2019",8431.88,8909.28,8365.23,8909.28,18112684983
"Jun 20, 2019",8253.52,8496.76,8178.45,8435.33,15801542085
"Jun 19, 2019",8107.46,8277.00,8098.86,8253.93,13837484833
"Jun 18, 2019",8316.30,8327.39,8043.96,8109.81,14152087499
"Jun 17, 2019",8012.59,8390.82,8012.59,8302.84,13863928895
"Jun 16, 2019",7873.39,8313.68,7849.45,8017.55,20812547519
"Jun 15, 2019",7738.31,7889.14,7674.77,7870.66,16359588799
"Jun 14, 2019",7296.63,7756.91,7257.34,7741.94,17659848879
"Jun 13, 2019",7212.60,7368.25,7160.83,7296.71,16550429436
"Jun 12, 2019",6995.70,7256.76,6937.42,7211.59,16851335707
"Jun 11, 2019",7072.41,7093.69,6866.02,6997.71,15100424923
"Jun 10, 2019",6794.93,7107.66,6701.44,7068.96,16513525776
"Jun 9, 2019",7011.85,7035.05,6696.89,6791.21,14672969020
"Jun 8, 2019",7088.68,7124.06,6913.01,7015.78,14573537200
"Jun 7, 2019",6940.56,7168.86,6908.08,7095.01,16883309532
"Jun 6, 2019",6964.17,7064.06,6715.22,6936.57,17270085103
"Jun 5, 2019",6846.12,7017.32,6821.56,6968.26,19380278436
"Jun 4, 2019",7301.04,7301.04,6722.49,6849.16,21868330503
"Jun 3, 2019",7823.85,7825.91,7296.11,7299.27,19565949474
"Jun 2, 2019",7652.22,7866.53,7648.44,7824.94,18138243074
"Jun 1, 2019",7659.70,7705.94,7577.27,7650.92,20090600620
"May 31, 2019",7474.55,7671.15,7301.19,7660.29,22660754298
"May 30, 2019",7777.39,8089.80,7387.27,7473.81,26273677417
"May 29, 2019",7806.84,7857.73,7596.38,7775.35,21076837662
"May 28, 2019",7864.17,7868.14,7713.47,7808.07,21693389184
"May 27, 2019",7738.14,7958.87,7730.75,7866.87,24969715870
"May 26, 2019",7187.97,7749.45,7071.50,7737.38,23799417119
"May 25, 2019",7132.12,7243.94,7109.00,7185.60,19860622351
"May 24, 2019",7047.81,7266.78,6996.73,7128.09,23130747309
"May 23, 2019",6882.33,7104.40,6765.67,7047.17,21867124559
"May 22, 2019",7125.15,7164.85,6827.57,6884.60,22159129021
"May 21, 2019",7142.64,7222.90,7028.53,7131.45,22502352529
"May 20, 2019",7341.95,7345.34,6881.75,7142.94,21346880688
"May 19, 2019",6510.50,7400.85,6510.50,7342.64,23200695811
"May 18, 2019",6576.52,6671.12,6495.75,6513.40,19128742817
"May 17, 2019",7058.92,7095.83,6304.86,6578.52,26933099173
"May 16, 2019",7311.99,7425.00,6916.61,7057.22,29685603684
"May 15, 2019",7130.72,7334.36,7043.25,7321.37,25291111829
"May 14, 2019",6951.40,7357.65,6867.76,7134.91,28587654704
"May 13, 2019",6204.32,7169.19,6140.26,6958.03,25533251460
"May 12, 2019",6412.56,6679.95,6066.27,6205.38,24718155882
"May 11, 2019",5679.18,6527.84,5675.65,6413.69,25697903986
"May 10, 2019",5504.84,5727.32,5486.55,5678.45,17287573052
"May 9, 2019",5342.41,5510.97,5342.41,5503.88,14961581150
"May 8, 2019",5227.40,5349.60,5178.43,5342.55,13681852074
"May 7, 2019",5129.10,5354.23,5125.36,5209.50,16109192274
"May 6, 2019",5177.91,5178.90,5053.34,5130.17,14048573270
"May 5, 2019",5203.06,5205.56,5091.22,5181.75,13240072049
"May 4, 2019",5147.86,5252.88,5037.45,5203.15,15675730777
"May 3, 2019",4927.53,5258.24,4912.93,5147.04,16704551999
"May 2, 2019",4823.38,4938.75,4813.43,4927.25,13106836445
"May 1, 2019",4771.00,4817.55,4767.23,4823.62,12213315362
"Apr 30, 2019",4691.56,4782.43,4658.43,4771.26,12375914347
"Apr 29, 2019",4739.85,4758.27,4664.01,4690.79,12278635854
"Apr 28, 2019",4725.27,4771.13,4714.51,4740.14,11498007295
"Apr 27, 2019",4732.52,4760.23,4691.43,4722.17,11752133720
"Apr 26, 2019",4678.35,4833.08,4649.99,4732.41,15070373647
"Apr 25, 2019",4901.14,4978.44,4653.12,4678.54,13765122793
"Apr 24, 2019",4963.70,5035.36,4858.92,4899.66,15284823497
"Apr 23, 2019",4795.60,5023.04,4790.31,4964.71,14137009893
"Apr 22, 2019",4724.68,4816.11,4699.22,4795.60,12968847994
"Apr 21, 2019",4744.90,4766.29,4674.64,4726.60,12212731492
"Apr 20, 2019",4716.70,4765.01,4709.33,4746.69,11711043211
"Apr 19, 2019",4715.55,4745.77,4657.03,4716.39,12254008323
"Apr 18, 2019",4648.75,4736.94,4647.56,4715.56,11798276027
"Apr 17, 2019",4640.04,4674.56,4611.70,4649.07,11010667480
"Apr 16, 2019",4482.17,4641.78,4471.07,4639.53,10295957065
"Apr 15, 2019",4571.03,4595.40,4444.61,4482.45,10872080100
"Apr 14, 2019",4506.18,4586.13,4469.25,4571.38,9192752356
"Apr 13, 2019",4500.07,4533.91,4475.96,4506.91,9571034992
"Apr 12, 2019",4494.35,4516.77,4391.53,4500.68,12092984942
"Apr 11, 2019",4722.47,4748.88,4451.71,4497.27,14701387025
"Apr 10, 2019",4619.26,4810.05,4609.58,4722.06,13750184451
"Apr 9, 2019",4699.44,4699.44,4582.14,4619.99,13067531219
"Apr 8, 2019",4635.32,4739.82,4577.84,4699.31,15239302854
"Apr 7, 2019",4511.46,4666.12,4500.42,4634.54,14847420752
"Apr 6, 2019",4488.29,4638.91,4448.57,4508.80,15086140497
"Apr 5, 2019",4386.22,4505.32,4382.77,4488.19,15003740653
"Apr 4, 2019",4421.10,4502.37,4308.97,4386.39,16263001737
"Apr 3, 2019",4355.74,4722.59,4352.80,4422.51,20364873584
"Apr 2, 2019",3709.76,4378.12,3708.28,4354.90,19021953657
"Apr 1, 2019",3657.87,3711.02,3650.34,3710.86,9065049147
"Mar 31, 2019",3658.37,3664.65,3647.79,3657.87,8059095555
"Mar 30, 2019",3646.50,3828.88,3612.44,3659.44,8672798331
"Mar 29, 2019",3622.54,3662.81,3590.79,3652.06,9729622878
"Mar 28, 2019",3632.92,3649.55,3598.24,3623.73,8330101742
"Mar 27, 2019",3534.15,3632.14,3531.16,3631.98,9683758088
"Mar 26, 2019",3507.79,3534.56,3494.65,3534.56,9497165017
"Mar 25, 2019",3562.51,3573.09,3478.06,3502.47,9155769653
"Mar 24, 2019",3568.89,3573.78,3547.02,3560.79,8095854344
"Mar 23, 2019",3557.88,3581.91,3551.91,3569.47,8471985632
"Mar 22, 2019",3541.73,3586.82,3530.91,3558.99,8183731459
"Mar 21, 2019",3573.74,3596.86,3524.14,3542.43,9522390586
"Mar 20, 2019",3585.18,3579.56,3552.51,3576.84,8904659506
"Mar 19, 2019",3557.38,3595.56,3546.39,3585.60,8230304628
"Mar 18, 2019",3560.25,3594.80,3533.96,3557.13,8509713345
"Mar 17, 2019",3571.30,3576.95,3534.86,3555.38,7261956175
"Mar 16, 2019",3497.35,3597.17,3495.37,3572.19,8696096120
"Mar 15, 2019",3472.79,3505.31,3457.90,3494.71,8288512017
"Mar 14, 2019",3446.35,3493.29,3451.31,3470.22,9267900197
"Mar 13, 2019",3467.06,3464.03,3446.15,3447.83,8356934390
"Mar 12, 2019",3467.08,3482.30,3431.09,3463.68,8691981778
"Mar 11, 2019",3520.12,3531.01,3464.80,3468.38,8993208390
"Mar 10, 2019",3530.29,3530.29,3491.60,3518.22,8647984408
"Mar 9, 2019",3466.56,3549.04,3464.64,3527.75,9609611742
"Mar 8, 2019",3494.59,3514.06,3449.36,3472.42,9469505717
"Mar 7, 2019",3450.37,3484.55,3442.31,3493.00,8558774818
"Mar 6, 2019",3446.61,3468.38,3427.74,3450.86,8110434720
"Mar 5, 2019",3316.48,3454.65,3303.94,3445.99,8998078794
"Mar 4, 2019",3380.15,3401.71,3293.71,3317.82,7964031008
"Mar 3, 2019",3397.04,3409.65,3372.88,3381.98,6376472408
"Mar 2, 2019",3391.23,3408.20,3370.84,3398.93,6665890978
"Mar 1, 2019",3388.58,3437.39,3387.20,3394.99,6739025250
"Feb 28, 2019",3382.49,3434.39,3381.43,3389.31,7385479037
"Feb 27, 2019",3385.93,3414.52,3330.31,3384.33,7295249060
"Feb 26, 2019",3412.86,3424.98,3379.69,3382.94,6961175395
"Feb 25, 2019",3356.70,3446.44,3357.59,3416.38,8199608659
"Feb 24, 2019",3656.42,3713.91,3346.90,3359.56,9517000488
"Feb 23, 2019",3527.16,3674.79,3500.54,3653.83,7869699502
"Feb 22, 2019",3485.43,3533.87,3483.81,3532.99,6903230070
"Feb 21, 2019",3525.85,3538.56,3477.78,3486.70,6856030209
"Feb 20, 2019",3480.33,3527.26,3459.41,3525.30,7662026836
"Feb 19, 2019",3458.17,3550.25,3457.11,3480.86,8760246807
"Feb 18, 2019",3250.54,3480.39,3248.78,3461.66,8759299472
"Feb 17, 2019",3216.36,3258.12,3203.81,3252.19,6231587653
"Feb 16, 2019",3200.35,3233.60,3200.35,3213.20,5253613477
"Feb 15, 2019",3202.77,3236.49,3202.76,3205.25,5392778873
"Feb 14, 2019",3223.75,3237.30,3192.00,3202.04,5551786978
"Feb 13, 2019",3223.15,3237.43,3196.41,3224.07,5715596001
"Feb 12, 2019",3229.67,3237.48,3208.13,3223.96,5718440360
"Feb 11, 2019",3263.37,3263.95,3229.37,3234.71,5565257065
"Feb 10, 2019",3242.73,3263.16,3212.02,3258.58,5547484136
"Feb 9, 2019",3241.30,3248.68,3219.21,3240.96,5437061453
"Feb 8, 2019",2999.83,3262.94,2990.34,3237.06,6829062223
"Feb 7, 2019",3004.48,3023.77,2992.61,2998.16,4414116828
"Feb 6, 2019",3040.58,3041.70,2990.38,3003.62,4823543077
"Feb 5, 2019",3021.29,3045.83,3017.62,3038.16,4581790350
"Feb 4, 2019",3026.68,3036.47,3006.61,3024.73,4663004052
"Feb 3, 2019",3068.85,3073.44,3010.16,3023.36,4402303328
"Feb 2, 2019",3041.35,3075.09,3026.47,3073.15,4426467434
"Feb 1, 2019",3023.15,3056.47,2998.88,3044.25,4733081624
"Jan 31, 2019",3034.59,3061.37,3011.68,3020.30,5093417572
"Jan 30, 2019",3012.24,3059.73,2998.62,3035.27,5184854539
"Jan 29, 2019",3034.98,3042.31,2973.74,3015.45,5157195714
"Jan 28, 2019",3140.63,3142.06,3008.07,3036.36,6044747641
"Jan 27, 2019",3160.20,3167.20,3129.03,3140.37,4881255301
"Jan 26, 2019",3156.95,3205.38,3151.37,3158.25,4469541555
"Jan 25, 2019",3188.94,3194.64,3150.45,3157.00,4618153557
"Jan 24, 2019",3148.33,3199.29,3134.05,3183.18,4652392026
"Jan 23, 2019",3172.93,3190.16,3132.52,3148.85,4772516490
"Jan 22, 2019",3144.66,3185.60,3115.66,3172.10,4676089688
"Jan 21, 2019",3167.81,3172.10,3130.12,3145.28,4401553439
"Jan 20, 2019",3277.27,3293.06,3150.60,3168.37,4911786934
"Jan 19, 2019",3213.00,3306.38,3213.00,3280.02,5239221707
"Jan 18, 2019",3228.49,3232.41,3198.43,3217.80,4401105431
"Jan 17, 2019",3203.91,3230.76,3179.52,3228.89,4796438707
"Jan 16, 2019",3181.46,3237.27,3177.53,3206.83,4732988810
"Jan 15, 2019",3228.39,3241.08,3171.64,3180.92,4851261531
"Jan 14, 2019",3104.11,3249.57,3098.57,3230.38,4926029291
"Jan 13, 2019",3190.08,3203.93,3093.60,3100.22,4084792180
"Jan 12, 2019",3215.43,3225.90,3186.51,3192.20,4165967738
"Jan 11, 2019",3192.72,3239.57,3169.44,3215.77,4830339183
"Jan 10, 2019",3491.71,3515.61,3181.48,3197.26,5974139645
"Jan 9, 2019",3519.37,3549.94,3510.33,3492.61,4427887595
"Jan 8, 2019",3509.34,3591.64,3492.50,3518.61,4632231428
"Jan 7, 2019",3574.44,3586.81,3515.71,3506.49,4554786508
"Jan 6, 2019",3366.68,3590.93,3357.77,3572.60,4905016564
"Jan 5, 2019",3380.26,3426.70,3367.01,3374.29,4508432437
"Jan 4, 2019",3363.95,3392.45,3333.14,3385.30,4254278768
"Jan 3, 2019",3473.87,3471.46,3355.36,3368.36,3977171075
"Jan 2, 2019",3358.42,3481.46,3323.57,3483.45,4633091490
"Jan 1, 2019",3260.42,3358.30,3235.65,3353.51,3772904282
"Dec 31, 2018",3380.24,3366.61,3242.28,3256.93,4056771164
"Dec 30, 2018",3340.95,3411.22,3318.96,3379.54,4170344379
"Dec 29, 2018",3437.19,3464.52,3339.22,3339.22,4362951863
"Dec 28, 2018",3195.96,3459.71,3178.29,3429.70,4922254447
"Dec 27, 2018",3392.92,3407.93,3188.73,3197.25,4487918526
"Dec 26, 2018",3346.59,3411.19,3310.97,3395.23,4688475417
"Dec 25, 2018",3578.75,3586.55,3297.54,3342.62,5394996031
"Dec 24, 2018",3517.24,3750.70,3517.24,3576.95,6350365580
"Dec 23, 2018",3536.06,3589.17,3499.03,3516.36,5408908807
"Dec 22, 2018",3428.24,3530.07,3391.00,3530.07,4929760951
"Dec 21, 2018",3608.07,3666.06,3390.39,3426.89,6337467427
"Dec 20, 2018",3286.49,3665.84,3276.36,3608.39,7791277058
"Dec 19, 2018",3258.68,3463.32,3238.55,3289.63,5981038213
"Dec 18, 2018",3123.28,3253.79,3066.17,3249.05,5196397947
"Dec 17, 2018",2877.34,3170.84,2876.71,3124.27,4766099159
"Dec 16, 2018",2861.81,2922.90,2859.64,2876.58,3311144225
"Dec 15, 2018",2868.64,2896.39,2822.04,2862.24,3140792551
"Dec 14, 2018",2914.69,2930.05,2836.93,2867.30,3866795553
"Dec 13, 2018",3066.13,3068.71,2902.29,2916.66,3822988659
"Dec 12, 2018",3021.44,3109.47,3013.32,3065.85,3639470296
"Dec 11, 2018",3079.72,3091.15,2996.70,3024.59,4148173620
"Dec 10, 2018",3167.97,3196.64,3056.52,3084.09,4420967997
"Dec 9, 2018",3050.83,3237.71,3047.20,3168.85,4337708091
"Dec 8, 2018",3005.75,3079.66,2943.16,3053.37,4659853943
"Dec 7, 2018",3087.58,3087.58,2881.20,3004.02,6004302076
"Dec 6, 2018",3308.18,3417.48,3095.35,3095.35,5167560339
"Dec 5, 2018",3490.00,3501.04,3308.43,3308.43,4673119431
"Dec 4, 2018",3422.39,3579.51,3369.52,3488.17,4432454213
"Dec 3, 2018",3656.45,3664.17,3382.03,3429.27,4482008546
"Dec 2, 2018",3710.57,3799.59,3632.40,3650.52,4640620690
"Dec 1, 2018",3555.65,3807.38,3507.28,3722.88,4748090193
"Nov 30, 2018",3765.35,3794.58,3468.00,3549.30,5343483250
"Nov 29, 2018",3754.66,3886.45,3642.71,3756.50,5709438582
"Nov 28, 2018",3383.47,3858.09,3383.47,3744.88,6403821651
"Nov 27, 2018",3322.75,3420.37,3235.73,3381.92,5309779005
"Nov 26, 2018",3541.83,3617.83,3211.14,3334.84,5715449728
"Nov 25, 2018",3422.36,3633.76,3160.73,3537.53,6021470398
"Nov 24, 2018",3834.12,3891.79,3346.86,3422.35,4126734063
"Nov 23, 2018",3824.00,3863.34,3676.02,3833.61,4296045244
"Nov 22, 2018",4049.93,4064.77,3828.33,3828.60,4006990218
"Nov 21, 2018",3926.27,4108.71,3821.10,4041.60,5374658783
"Nov 20, 2018",4246.36,4325.12,3758.26,3914.93,7411762371
"Nov 19, 2018",4925.35,4925.35,4228.89,4253.28,6146211678
"Nov 18, 2018",4869.22,4950.39,4869.22,4927.90,3645119265
"Nov 17, 2018",4884.69,4884.69,4833.01,4864.48,3768698770
"Nov 16, 2018",4985.27,4993.84,4814.95,4882.04,4622651782
"Nov 15, 2018",5070.34,5103.98,4742.37,4987.67,6209949223
"Nov 14, 2018",5614.61,5651.37,4891.94,5072.28,6540122837
"Nov 13, 2018",5678.32,5671.41,5608.11,5621.90,3981440268
"Nov 12, 2018",5662.04,5679.34,5668.67,5675.69,3826779310
"Nov 11, 2018",5657.46,5665.95,5601.04,5661.90,3478646911
"Nov 10, 2018",5632.75,5678.32,5632.03,5653.57,3268462772
"Nov 9, 2018",5667.56,5682.31,5621.54,5632.30,3834021298
"Nov 8, 2018",5704.33,5718.56,5664.93,5676.86,4103683993
"Nov 7, 2018",5655.73,5710.08,5655.57,5710.91,4321359168
"Nov 6, 2018",5638.57,5660.23,5618.24,5651.39,4111087388
"Nov 5, 2018",5582.99,5690.46,5583.83,5626.59,3659057732
"Nov 4, 2018",5590.16,5604.49,5530.06,5593.52,3851188945
"Nov 3, 2018",5609.27,5620.54,5569.87,5586.46,3213017648
"Nov 2, 2018",5593.58,5617.72,5558.29,5610.33,3719062834
"Nov 1, 2018",5584.01,5769.18,5571.66,5592.87,3323042331
"Oct 31, 2018",5585.96,5597.98,5569.07,5583.19,3704012541
"Oct 30, 2018",5571.17,5594.54,5543.16,5583.56,3332979152
"Oct 29, 2018",5695.97,5707.16,5545.82,5566.76,3691968685
"Oct 28, 2018",5680.75,5702.13,5643.95,5690.89,3022665008
"Oct 27, 2018",5679.16,5702.44,5655.23,5678.76,2973504975
"Oct 26, 2018",5686.79,5711.97,5669.24,5673.82,2897091615
"Oct 25, 2018",5690.93,5718.76,5651.27,5692.96,2839805286
"Oct 24, 2018",5647.40,5688.42,5637.85,5700.39,3005302035
"Oct 23, 2018",5641.00,5670.60,5621.29,5644.22,3238974043
"Oct 22, 2018",5635.23,5703.26,5632.82,5653.90,3201088479
"Oct 21, 2018",5629.76,5686.12,5617.54,5632.02,2826811302
"Oct 20, 2018",5604.46,5636.38,5594.12,5628.98,2931192523
"Oct 19, 2018",5655.23,5668.03,5613.97,5608.36,3104454988
"Oct 18, 2018",5689.79,5712.39,5631.50,5654.04,3425647284
"Oct 17, 2018",5694.52,5711.25,5649.18,5691.62,3555653960
"Oct 16, 2018",5698.70,5764.97,5671.63,5699.35,3520818684
"Oct 15, 2018",5446.75,6023.19,5416.74,5694.50,6362854095
"Oct 14, 2018",5437.66,5511.65,5430.45,5445.27,2670572684
"Oct 13, 2018",5428.66,5454.97,5412.86,5435.50,2649466819
"Oct 12, 2018",5382.79,5454.76,5380.28,5425.63,3271592547
"Oct 11, 2018",5711.84,5712.00,5386.95,5397.45,4470356475
"Oct 10, 2018",5770.53,5771.00,5681.21,5710.79,3284543913
"Oct 9, 2018",5789.06,5793.40,5754.21,5772.57,3111788285
"Oct 8, 2018",5728.17,5807.11,5725.99,5788.33,3462659600
"Oct 7, 2018",5717.42,5765.04,5688.07,5730.56,2869754836
"Oct 6, 2018",5744.98,5750.26,5706.24,5715.36,2827824488
"Oct 5, 2018",5709.12,5745.99,5699.04,5745.00,3185026293
"Oct 4, 2018",5662.60,5733.00,5662.58,5711.33,3333351985
"Oct 3, 2018",5673.06,5691.36,5577.75,5666.68,3387596218
"Oct 2, 2018",5694.38,5713.15,5662.55,5675.00,3444471473
"Oct 1, 2018",5703.89,5739.14,5647.73,5691.26,3455517677
"Sep 30, 2018",5687.98,5724.51,5657.96,5708.81,3448504607
"Sep 29, 2018",5721.04,5721.04,5607.83,5685.61,3758009754
"Sep 28, 2018",5740.31,5836.25,5683.16,5721.92,4318427031
"Sep 27, 2018",5527.53,5766.65,5520.85,5738.59,3959497896
"Sep 26, 2018",5484.38,5604.05,5436.91,5527.28,3776169001
"Sep 25, 2018",5619.00,5618.53,5423.77,5479.01,4016893838
"Sep 24, 2018",5707.17,5719.05,5600.08,5611.99,3554447900
"Sep 23, 2018",5711.38,5748.89,5685.90,5712.16,3572958259
"Sep 22, 2018",5728.16,5795.78,5627.59,5717.04,3835465727
"Sep 21, 2018",5531.40,5781.51,5514.21,5728.07,5555414821
"Sep 20, 2018",5482.22,5544.71,5430.56,5536.33,3692297556
"Sep 19, 2018",5456.75,5523.31,5319.00,5481.96,3796555860
"Sep 18, 2018",5383.02,5458.43,5361.26,5456.28,3579763638
"Sep 17, 2018",5604.46,5623.57,5356.09,5383.27,3351714090
"Sep 16, 2018",5621.50,5628.08,5555.64,5607.14,2816596404
"Sep 15, 2018",5598.04,5643.03,5584.41,5627.11,2765995872
"Sep 14, 2018",5573.97,5632.88,5519.98,5600.89,3505521156
"Sep 13, 2018",5466.95,5594.43,5463.19,5575.59,3602455300
"Sep 12, 2018",5448.99,5472.88,5408.87,5464.85,3496713413
"Sep 11, 2018",5462.28,5517.74,5403.72,5452.60,3320891918
"Sep 10, 2018",5451.66,5519.46,5444.98,5460.40,3204020014
"Sep 9, 2018",5387.74,5580.69,5368.56,5451.04,3176650229
"Sep 8, 2018",5592.74,5656.87,5365.35,5389.99,3320110813
"Sep 7, 2018",5619.18,5642.84,5499.85,5598.71,3692043979
"Sep 6, 2018",5806.88,5801.39,5500.45,5619.39,4753825630
"Sep 5, 2018",6354.30,6370.98,5839.28,5839.28,4986211639
"Sep 4, 2018",6254.74,6381.29,6251.99,6354.48,3688942598
"Sep 3, 2018",6277.19,6300.42,6210.71,6252.20,3520289356
"Sep 2, 2018",6198.45,6299.09,6148.94,6271.75,3733649534
"Sep 1, 2018",6073.64,6243.89,6067.81,6201.61,3548624881
"Aug 31, 2018",5979.57,6082.19,5950.78,6067.40,3875894474
"Aug 30, 2018",6016.19,6043.48,5856.13,5983.22,3826845580
"Aug 29, 2018",6064.92,6093.28,5961.02,6019.10,3541065938
"Aug 28, 2018",5898.89,6080.18,5896.45,6068.83,3985239032
"Aug 27, 2018",5762.82,5893.37,5756.07,5893.37,3440335559
"Aug 26, 2018",5812.44,5829.75,5697.23,5759.78,2829969944
"Aug 25, 2018",5782.59,5842.55,5766.25,5819.80,2850529214
"Aug 24, 2018",5677.23,5782.60,5627.50,5782.60,3526219775
"Aug 23, 2018",5500.12,5674.88,5501.07,5662.81,2968960139
"Aug 22, 2018",5604.64,5889.24,5441.63,5504.76,4029791091
"Aug 21, 2018",5483.48,5619.22,5479.11,5606.81,2918154325
"Aug 20, 2018",5683.75,5718.09,5482.66,5489.97,3189539640
"Aug 19, 2018",5615.61,5718.02,5562.25,5688.62,2895138585
"Aug 18, 2018",5756.26,5785.91,5555.42,5616.65,3483885634
"Aug 17, 2018",5576.88,5755.44,5564.33,5753.81,4365646586
"Aug 16, 2018",5549.98,5697.00,5535.24,5571.44,3806877748
"Aug 15, 2018",5483.36,5809.96,5484.33,5562.58,4316594657
"Aug 14, 2018",5515.98,5518.64,5234.09,5464.23,4672748105
"Aug 13, 2018",5566.01,5740.80,5463.55,5524.67,3582752873
"Aug 12, 2018",5507.14,5639.00,5466.70,5549.63,4972570877
"Aug 11, 2018",5421.38,5657.97,5354.10,5517.73,3547633655
"Aug 10, 2018",5702.38,5714.14,5367.68,5420.43,3969044698
"Aug 9, 2018",5432.55,5752.50,5394.10,5699.61,3702742103
"Aug 8, 2018",5815.75,5813.74,5360.04,5432.76,4363254932
"Aug 7, 2018",6020.35,6166.68,5815.44,5821.15,4036548573
"Aug 6, 2018",6109.81,6198.37,5963.25,6014.71,3396694930
"Aug 5, 2018",6078.57,6139.48,6000.43,6114.60,3182621107
"Aug 4, 2018",6430.94,6481.79,6037.93,6080.10,3690144376
"Aug 3, 2018",6527.53,6529.22,6324.34,6427.24,4000302585
"Aug 2, 2018",6546.21,6615.29,6472.89,6531.85,3637557186
"Aug 1, 2018",6647.59,6647.02,6435.94,6538.25,4113891271
"Jul 31, 2018",6990.09,6987.98,6585.89,6657.35,4524283392
"Jul 30, 2018",7051.70,7066.07,6760.16,6989.47,4743164730
"Jul 29, 2018",7040.00,7097.00,6984.54,7049.03,3522763544
"Jul 28, 2018",7008.46,7054.61,6958.45,7028.27,3422057378
"Jul 27, 2018",6827.89,7087.55,6731.14,7004.98,4457686973
"Jul 26, 2018",6966.73,7079.70,6769.81,6828.91,4207394297
"Jul 25, 2018",7172.52,7204.37,6925.03,6970.60,4980318705
"Jul 24, 2018",6599.82,7210.71,6590.40,7210.71,6229298858
"Jul 23, 2018",6316.30,6646.28,6313.14,6595.20,4389736572
"Jul 22, 2018",6330.26,6428.96,6298.58,6319.52,3148019504
"Jul 21, 2018",6274.72,6347.19,6197.65,6331.53,3180244001
"Jul 20, 2018",6407.59,6487.84,6249.58,6275.93,4213065274
"Jul 19, 2018",6337.03,6436.88,6265.42,6407.12,4386159108
"Jul 18, 2018",6278.17,6471.14,6253.63,6330.65,5242128469
"Jul 17, 2018",5756.94,6338.26,5696.90,6283.08,5116675427
"Jul 16, 2018",5443.58,5758.73,5443.11,5758.73,4036730107
"Jul 15, 2018",5368.16,5480.07,5354.31,5445.83,2813375551
"Jul 14, 2018",5346.60,5389.98,5316.41,5371.09,2502071045
"Jul 13, 2018",5346.45,5403.33,5300.67,5338.51,3256653884
"Jul 12, 2018",5479.51,5479.31,5261.89,5341.12,3232867529
"Jul 11, 2018",5398.46,5499.11,5396.36,5477.74,3122203104
"Jul 10, 2018",5732.57,5754.88,5390.81,5397.76,3455640897
"Jul 9, 2018",5765.54,5822.14,5721.38,5734.73,3162750868
"Jul 8, 2018",5838.91,5862.84,5744.92,5764.51,2881635646
"Jul 7, 2018",5677.91,5844.18,5601.74,5838.17,3372567104
"Jul 6, 2018",5678.46,5705.36,5578.51,5681.99,3673018251
"Jul 5, 2018",5661.10,5772.78,5604.53,5678.85,4276144207
"Jul 4, 2018",5618.72,5817.30,5528.81,5659.25,3582681352
"Jul 3, 2018",5667.23,5736.84,5531.23,5600.47,4007470418
"Jul 2, 2018",5463.59,5765.92,5416.34,5682.29,3777431313
"Jul 1, 2018",5488.04,5506.16,5383.28,5468.25,4100239630
"Jun 30, 2018",5319.03,5534.12,5319.03,5481.47,3889292326
"Jun 29, 2018",5100.86,5359.63,5010.95,5322.52,3394872906
"Jun 28, 2018",5321.88,5338.65,5078.30,5105.46,2999048745
"Jun 27, 2018",5223.56,5347.41,5221.58,5325.32,2850908064
"Jun 26, 2018",5345.37,5369.32,5231.52,5231.52,2815727912
"Jun 25, 2018",5293.74,5409.86,5237.21,5341.64,4701949090
"Jun 24, 2018",5288.96,5340.01,4999.06,5294.82,3917068318
"Jun 23, 2018",5225.31,5340.90,5209.62,5287.41,2944109824
"Jun 22, 2018",5807.02,5811.44,5153.67,5219.81,4358481380
"Jun 21, 2018",5856.52,5889.27,5795.93,5800.00,3041566822
"Jun 20, 2018",5843.41,5887.25,5709.74,5853.46,3358935821
"Jun 19, 2018",5797.91,5900.29,5764.54,5842.70,3501363500
"Jun 18, 2018",5616.49,5841.78,5549.83,5791.40,3473385502
"Jun 17, 2018",5639.29,5676.84,5607.17,5607.17,2677957008
"Jun 16, 2018",5561.69,5679.75,5515.89,5643.28,2751934274
"Jun 15, 2018",5772.43,5778.98,5543.09,5562.66,3407762516
"Jun 14, 2018",5374.30,5796.01,5370.46,5773.53,4444481937
"Jun 13, 2018",5615.80,5646.85,5334.04,5380.36,4280926921
"Jun 12, 2018",5866.81,5875.11,5566.31,5603.44,3962186117
"Jun 11, 2018",5770.42,5868.52,5679.73,5867.74,4031322538
"Jun 10, 2018",6373.92,6373.92,5698.21,5759.16,4926453311
"Jun 9, 2018",6486.93,6530.32,6401.48,6401.48,3268077593
"Jun 8, 2018",6517.80,6521.68,6433.23,6480.47,3593047683
"Jun 7, 2018",6495.31,6563.18,6492.55,6511.95,3804427051
"Jun 6, 2018",6503.47,6523.77,6378.18,6497.99,3983580813
"Jun 5, 2018",6412.12,6523.20,6330.34,6510.11,4231400116
"Jun 4, 2018",6619.69,6639.68,6391.89,6423.72,4268396239
"Jun 3, 2018",6545.53,6650.85,6529.19,6617.74,4158889189
"Jun 2, 2018",6463.74,6600.20,6429.90,6555.27,4236106209
"Jun 1, 2018",6416.89,6505.89,6344.07,6467.80,4220806367
"May 31, 2018",6350.67,6516.70,6316.94,6411.30,4386286348
"May 30, 2018",6475.15,6564.77,6275.08,6350.99,4221008431
"May 29, 2018",6133.40,6524.85,6102.13,6477.63,4908685936
"May 28, 2018",6306.73,6332.95,6109.87,6139.01,4336373076
"May 27, 2018",6319.38,6336.26,6241.17,6304.09,3470670719
"May 26, 2018",6426.16,6519.45,6308.26,6314.06,3477716711
"May 25, 2018",6477.52,6544.60,6318.50,6420.72,4178394644
"May 24, 2018",6457.53,6612.49,6248.31,6473.29,5161010235
"May 23, 2018",6820.33,6835.83,6429.08,6454.71,5543701536
"May 22, 2018",7143.35,7143.80,6793.91,6824.32,4359309382
"May 21, 2018",7243.80,7301.01,7110.17,7142.61,4373453873
"May 20, 2018",7003.81,7276.63,6968.36,7236.08,4412290666
"May 19, 2018",7011.24,7110.03,6949.77,7003.97,4002038108
"May 18, 2018",6863.88,7028.05,6755.46,7007.19,4895278308
"May 17, 2018",7086.06,7140.90,6830.16,6865.99,4972881540
"May 16, 2018",7196.15,7192.86,6911.40,7085.02,5723179953
"May 15, 2018",7296.89,7412.91,7157.38,7201.20,5674149670
"May 14, 2018",7290.08,7446.23,6999.56,7306.61,6172799464
"May 13, 2018",7130.71,7346.19,7029.91,7299.15,4908282945
"May 12, 2018",7068.70,7255.79,6886.20,7121.83,5712091857
"May 11, 2018",7599.87,7599.23,7029.36,7068.74,7108122753
"May 10, 2018",7872.67,7881.92,7588.15,7592.29,5798102565
"May 9, 2018",7772.59,7907.19,7619.69,7872.01,6100700861
"May 8, 2018",7861.28,7935.89,7689.78,7781.93,6249153073
"May 7, 2018",8069.66,8081.81,7743.27,7854.70,6196279092
"May 6, 2018",8233.24,8312.54,7915.41,8077.30,6042232236
"May 5, 2018",8111.96,8332.92,8107.64,8243.98,6399013079
"May 4, 2018",8087.67,8175.22,8001.64,8112.36,6872244429
"May 3, 2018",7727.17,8175.49,7667.65,8128.01,8514597584
"May 2, 2018",7593.49,7742.80,7515.75,7728.80,6324819977
"May 1, 2018",7659.14,7664.69,7391.96,7605.51,6432877318
"Apr 30, 2018",7775.39,7816.84,7571.50,7650.10,7180991804
"Apr 29, 2018",7706.47,7859.08,7580.57,7769.60,7302648018
"Apr 28, 2018",7370.77,7760.63,7364.77,7708.18,6435916834
"Apr 27, 2018",7673.13,7756.01,7410.17,7410.17,6238695515
"Apr 26, 2018",7286.81,7665.60,7170.40,7665.60,7408787156
"Apr 25, 2018",7928.27,7972.28,7230.76,7269.08,9107650719
"Apr 24, 2018",7318.43,7953.43,7313.70,7925.38,8727362197
"Apr 23, 2018",7166.22,7322.07,7163.43,7315.60,5672665583
"Apr 22, 2018",7264.41,7326.75,7151.85,7172.80,5402460704
"Apr 21, 2018",7202.34,7323.43,7042.28,7240.42,6144025838
"Apr 20, 2018",6714.92,7227.93,6681.69,7199.93,6868069517
"Apr 19, 2018",6592.28,6723.94,6577.85,6720.94,5723369244
"Apr 18, 2018",6421.82,6622.88,6377.17,6595.64,5275842094
"Apr 17, 2018",6518.34,6709.82,6372.16,6387.59,5578271661
"Apr 16, 2018",6761.47,6784.85,6397.91,6507.85,4547613522
"Apr 15, 2018",6488.22,6763.26,6488.22,6754.61,4253085719
"Apr 14, 2018",6387.11,6602.90,6363.86,6477.61,4210747136
"Apr 13, 2018",6408.54,6644.98,6295.79,6404.38,6297720847
"Apr 12, 2018",5622.78,6407.03,5516.70,6398.94,7223822078
"Apr 11, 2018",5536.34,5633.24,5511.84,5633.24,3752538231
"Apr 10, 2018",5516.67,5562.90,5439.47,5529.29,3456637877
"Apr 9, 2018",5741.09,5844.89,5407.90,5496.61,3973096308
"Apr 8, 2018",5634.70,5790.70,5634.70,5724.14,2976772590
"Apr 7, 2018",5399.00,5741.01,5399.00,5627.46,3238018116
"Apr 6, 2018",5564.96,5602.52,5371.29,5403.73,3067185174
"Apr 5, 2018",5574.35,5653.34,5411.52,5561.29,4604278302
"Apr 4, 2018",6073.48,6085.44,5538.81,5578.58,4017580986
"Apr 3, 2018",5777.48,6141.69,5750.93,6073.23,4479677628
"Apr 2, 2018",5559.50,5784.27,5534.29,5762.47,3525128122
"Apr 1, 2018",5683.84,5730.83,5297.35,5558.99,3681042963
"Mar 31, 2018",5594.09,5850.05,5570.59,5659.87,3695535882
"Mar 30, 2018",5829.50,5904.94,5426.15,5592.50,5104707319
"Mar 29, 2018",6481.25,6491.01,5757.22,5824.83,5170890769
"Mar 28, 2018",6316.46,6553.36,6292.64,6461.28,4008845631
"Mar 27, 2018",6583.17,6613.74,6265.39,6313.40,4334851487
"Mar 26, 2018",6880.24,6896.34,6364.13,6590.72,4753564444
"Mar 25, 2018",6973.37,7031.68,6840.82,6878.06,3699708601
"Mar 24, 2018",7207.47,7283.77,7016.19,7018.15,4586349335
"Mar 23, 2018",7089.39,7189.39,6779.61,7189.39,4820759608
"Mar 22, 2018",7241.35,7366.01,6962.77,7083.07,4487860112
"Mar 21, 2018",7297.69,7470.39,7209.14,7233.11,4895204420
"Mar 20, 2018",6987.41,7393.42,6798.39,7278.08,5194570060
"Mar 19, 2018",6794.89,7047.25,6656.69,6996.31,5454855720
"Mar 18, 2018",6421.84,6712.94,6020.99,6696.81,5406506528
"Mar 17, 2018",6772.94,6792.98,6358.61,6443.30,3602303156
"Mar 16, 2018",6763.29,6987.75,6507.85,6786.32,4304858664
"Mar 15, 2018",6700.15,6834.54,6291.37,6745.38,5553737975
"Mar 14, 2018",7435.37,7548.69,6524.82,6683.21,5203030561
"Mar 13, 2018",7434.79,7680.14,7244.80,7419.39,4834293424
"Mar 12, 2018",7802.19,8072.71,7259.22,7460.79,5233749237
"Mar 11, 2018",7194.46,7889.43,6994.82,7782.44,5115672876
"Mar 10, 2018",7599.02,7745.89,7174.70,7205.20,4377342440
"Mar 9, 2018",7651.11,7691.84,6912.17,7588.42,7073702124
"Mar 8, 2018",8018.24,8195.28,7533.18,7635.12,5839975607
"Mar 7, 2018",8702.30,8805.59,7808.67,8029.63,7088800271
"Mar 6, 2018",9322.39,9323.15,8623.74,8682.96,5503157458
"Mar 5, 2018",9362.99,9495.46,9285.87,9381.73,5243628327
"Mar 4, 2018",9334.58,9346.92,9041.24,9346.92,4939636080
"Mar 3, 2018",9013.48,9359.58,8932.70,9328.33,5431980385
"Mar 2, 2018",8945.81,9116.76,8810.47,9000.89,6187050483
"Mar 1, 2018",8519.28,9012.72,8496.27,8924.29,5963067186
"Feb 28, 2018",8741.37,9074.38,8525.22,8529.86,5690065588
"Feb 27, 2018",8441.40,8847.19,8312.59,8772.78,5697840537
"Feb 26, 2018",7869.64,8500.37,7713.07,8419.31,5918695882
"Feb 25, 2018",7969.10,8072.25,7652.37,7865.82,4644697570
"Feb 24, 2018",8368.75,8620.52,7766.18,7982.65,5627535983
"Feb 23, 2018",8062.53,8522.80,7922.65,8379.65,6295859458
"Feb 22, 2018",8681.81,8984.37,8085.82,8117.65,6523391377
"Feb 21, 2018",9220.20,9256.24,8532.08,8706.25,7659695128
"Feb 20, 2018",9059.36,9693.99,9060.09,9245.74,8048111146
"Feb 19, 2018",8502.62,9088.11,8465.42,9054.12,6172035696
"Feb 18, 2018",8966.87,9149.38,8324.06,8501.97,7045370823
"Feb 17, 2018",8228.54,8979.85,8181.70,8958.24,6981765727
"Feb 16, 2018",8107.91,8301.79,7880.66,8249.82,5881628169
"Feb 15, 2018",7610.75,8187.84,7514.66,8132.47,7249452274
"Feb 14, 2018",6962.93,7636.83,6961.81,7615.81,6344605682
"Feb 13, 2018",7258.09,7285.09,6862.04,6961.63,4612355171
"Feb 12, 2018",6646.07,7302.66,6644.44,7257.96,5086950002
"Feb 11, 2018",7043.35,7043.35,6483.36,6636.71,4997705979
"Feb 10, 2018",7128.33,7457.33,6781.22,7048.07,6360631289
"Feb 9, 2018",6747.01,7142.14,6432.30,7142.14,5546325696
"Feb 8, 2018",6225.33,6995.32,6223.30,6741.92,7623776887
"Feb 7, 2018",6265.04,6896.11,5840.83,6211.83,7473534925
"Feb 6, 2018",5702.99,6342.46,4879.60,6263.83,11309314420
"Feb 5, 2018",6645.14,6717.13,5450.25,5624.97,7509332781
"Feb 4, 2018",7364.13,7491.87,6458.04,6650.34,5683392113
"Feb 3, 2018",7104.43,7568.82,6622.50,7363.49,5829687063
"Feb 2, 2018",7308.56,7309.73,6242.69,7087.28,10214205226
"Feb 1, 2018",8245.25,8279.39,7090.10,7331.15,7961787871
"Jan 31, 2018",8146.52,8347.35,7870.42,8232.20,6476449897
"Jan 30, 2018",9133.12,9137.13,8096.97,8144.99,6961524694
"Jan 29, 2018",9458.12,9558.60,9021.30,9124.72,5741001409
"Jan 28, 2018",9240.12,9695.06,9240.12,9482.90,6718448841
"Jan 27, 2018",8998.23,9352.52,8848.70,9212.26,6106183983
"Jan 26, 2018",9084.01,9380.14,8413.93,8995.41,7847813473
"Jan 25, 2018",9217.74,9477.84,8855.13,9086.76,7160979679
"Jan 24, 2018",8859.51,9282.81,8638.30,9167.46,8022750345
"Jan 23, 2018",8929.91,9262.88,8278.60,8831.07,7849686793
"Jan 22, 2018",9491.76,9777.27,8351.85,8919.22,8597748303
"Jan 21, 2018",10547.63,10553.11,9199.84,9464.83,8106380366
"Jan 20, 2018",9538.63,10722.59,9538.63,10555.81,9657692596
"Jan 19, 2018",9343.42,9786.84,9112.64,9498.69,8789198141
"Jan 18, 2018",9195.17,9894.82,8958.98,9380.28,12278590383
"Jan 17, 2018",9316.30,9523.73,7688.52,9186.80,15461532303
"Jan 16, 2018",11280.96,11287.59,8316.26,9364.71,15365770119
"Jan 15, 2018",11293.93,11788.40,11186.31,11267.67,10396086320
"Jan 14, 2018",11785.14,11900.77,10880.76,11297.79,9092780627
"Jan 13, 2018",11442.02,12021.90,11442.02,11776.45,10467114870
"Jan 12, 2018",11173.41,11736.97,10911.44,11465.15,9894784189
"Jan 11, 2018",12520.45,12563.83,10970.03,11133.46,13731500679
"Jan 10, 2018",12231.49,12524.72,11462.83,12524.72,15475366384
"Jan 9, 2018",12635.73,12950.20,12089.51,12237.28,13968306988
"Jan 8, 2018",13687.96,13732.38,11880.76,12674.49,15384660186
"Jan 7, 2018",14572.08,14615.56,13377.43,13689.13,13181025491
"Jan 6, 2018",14517.88,14725.97,13937.98,14571.83,15226638218
"Jan 5, 2018",12827.12,14719.99,12591.35,14490.77,19821166505
"Jan 4, 2018",12714.99,13043.59,12043.62,12928.23,18053372902
"Jan 3, 2018",12418.71,12935.29,12340.59,12656.95,14048209958
"Jan 2, 2018",11345.66,12820.29,10956.88,12421.94,13967830356
"Jan 1, 2018",11758.21,11758.21,10961.34,11372.47,8569572820
